split,sample_id,modality,availability
train,-3g5yACwYnA$_$4,text,1.0
train,-3g5yACwYnA$_$4,audio,1.0
train,-3g5yACwYnA$_$4,vision,1.0
train,-HwX2H8Z4hY$_$3,text,1.0
train,-HwX2H8Z4hY$_$3,audio,1.0
train,-HwX2H8Z4hY$_$3,vision,0.16666666666666666
train,-HwX2H8Z4hY$_$9,text,1.0
train,-HwX2H8Z4hY$_$9,audio,1.0
train,-HwX2H8Z4hY$_$9,vision,0.75
train,-NFrJFQijFE$_$0,text,1.0
train,-NFrJFQijFE$_$0,audio,1.0
train,-NFrJFQijFE$_$0,vision,0.0
train,-THoVjtIkeU$_$2,text,1.0
train,-THoVjtIkeU$_$2,audio,1.0
train,-THoVjtIkeU$_$2,vision,1.0
train,-UuX1xuaiiE$_$9,text,1.0
train,-UuX1xuaiiE$_$9,audio,1.0
train,-UuX1xuaiiE$_$9,vision,1.0
train,-WXXTNIJcVM$_$0,text,1.0
train,-WXXTNIJcVM$_$0,audio,1.0
train,-WXXTNIJcVM$_$0,vision,0.0
train,-a55Q6RWvTA$_$3,text,1.0
train,-a55Q6RWvTA$_$3,audio,1.0
train,-a55Q6RWvTA$_$3,vision,1.0
train,-aNfi7CP8vM$_$10,text,1.0
train,-aNfi7CP8vM$_$10,audio,1.0
train,-aNfi7CP8vM$_$10,vision,1.0
train,-aqamKhZ1Ec$_$1,text,1.0
train,-aqamKhZ1Ec$_$1,audio,1.0
train,-aqamKhZ1Ec$_$1,vision,1.0
train,-aqamKhZ1Ec$_$0,text,1.0
train,-aqamKhZ1Ec$_$0,audio,1.0
train,-aqamKhZ1Ec$_$0,vision,1.0
train,-dxfTGcXJoc$_$0,text,1.0
train,-dxfTGcXJoc$_$0,audio,1.0
train,-dxfTGcXJoc$_$0,vision,1.0
train,-dxfTGcXJoc$_$6,text,1.0
train,-dxfTGcXJoc$_$6,audio,1.0
train,-dxfTGcXJoc$_$6,vision,1.0
train,-egA8-b7-3M$_$3,text,1.0
train,-egA8-b7-3M$_$3,audio,1.0
train,-egA8-b7-3M$_$3,vision,1.0
train,-lqc32Zpr7M$_$18,text,1.0
train,-lqc32Zpr7M$_$18,audio,1.0
train,-lqc32Zpr7M$_$18,vision,1.0
train,-lzEya4AM_4$_$6,text,1.0
train,-lzEya4AM_4$_$6,audio,1.0
train,-lzEya4AM_4$_$6,vision,1.0
train,-mJ2ud6oKI8$_$9,text,1.0
train,-mJ2ud6oKI8$_$9,audio,1.0
train,-mJ2ud6oKI8$_$9,vision,1.0
train,-mqbVkbCndg$_$1,text,1.0
train,-mqbVkbCndg$_$1,audio,1.0
train,-mqbVkbCndg$_$1,vision,1.0
train,-mqbVkbCndg$_$4,text,1.0
train,-mqbVkbCndg$_$4,audio,1.0
train,-mqbVkbCndg$_$4,vision,1.0
train,-tPCytz4rww$_$16,text,1.0
train,-tPCytz4rww$_$16,audio,1.0
train,-tPCytz4rww$_$16,vision,1.0
train,-vxjVxOeScU$_$2,text,1.0
train,-vxjVxOeScU$_$2,audio,1.0
train,-vxjVxOeScU$_$2,vision,1.0
train,-wny0OAz3g8$_$0,text,1.0
train,-wny0OAz3g8$_$0,audio,1.0
train,-wny0OAz3g8$_$0,vision,1.0
train,-wny0OAz3g8$_$5,text,1.0
train,-wny0OAz3g8$_$5,audio,1.0
train,-wny0OAz3g8$_$5,vision,1.0
train,03X1FwF6udc$_$22,text,1.0
train,03X1FwF6udc$_$22,audio,1.0
train,03X1FwF6udc$_$22,vision,1.0
train,07Z16yRBFUQ$_$5,text,1.0
train,07Z16yRBFUQ$_$5,audio,1.0
train,07Z16yRBFUQ$_$5,vision,1.0
train,0BVed2nBq1g$_$0,text,1.0
train,0BVed2nBq1g$_$0,audio,1.0
train,0BVed2nBq1g$_$0,vision,1.0
train,0BVed2nBq1g$_$3,text,1.0
train,0BVed2nBq1g$_$3,audio,1.0
train,0BVed2nBq1g$_$3,vision,1.0
train,0BVed2nBq1g$_$2,text,1.0
train,0BVed2nBq1g$_$2,audio,1.0
train,0BVed2nBq1g$_$2,vision,1.0
train,0DBfvvIVmqY$_$13,text,1.0
train,0DBfvvIVmqY$_$13,audio,1.0
train,0DBfvvIVmqY$_$13,vision,1.0
train,0DBfvvIVmqY$_$14,text,1.0
train,0DBfvvIVmqY$_$14,audio,1.0
train,0DBfvvIVmqY$_$14,vision,1.0
train,0DBfvvIVmqY$_$4,text,1.0
train,0DBfvvIVmqY$_$4,audio,1.0
train,0DBfvvIVmqY$_$4,vision,1.0
train,0DBfvvIVmqY$_$8,text,1.0
train,0DBfvvIVmqY$_$8,audio,1.0
train,0DBfvvIVmqY$_$8,vision,1.0
train,0EphpADwdPg$_$6,text,1.0
train,0EphpADwdPg$_$6,audio,1.0
train,0EphpADwdPg$_$6,vision,1.0
train,0FA32bEZ6xI$_$24,text,1.0
train,0FA32bEZ6xI$_$24,audio,1.0
train,0FA32bEZ6xI$_$24,vision,1.0
train,0FA32bEZ6xI$_$25,text,1.0
train,0FA32bEZ6xI$_$25,audio,1.0
train,0FA32bEZ6xI$_$25,vision,1.0
train,0FA32bEZ6xI$_$28,text,1.0
train,0FA32bEZ6xI$_$28,audio,1.0
train,0FA32bEZ6xI$_$28,vision,1.0
train,0FA32bEZ6xI$_$3,text,1.0
train,0FA32bEZ6xI$_$3,audio,1.0
train,0FA32bEZ6xI$_$3,vision,1.0
train,0FA32bEZ6xI$_$6,text,1.0
train,0FA32bEZ6xI$_$6,audio,1.0
train,0FA32bEZ6xI$_$6,vision,1.0
train,0FA32bEZ6xI$_$15,text,1.0
train,0FA32bEZ6xI$_$15,audio,1.0
train,0FA32bEZ6xI$_$15,vision,1.0
train,0FA32bEZ6xI$_$14,text,1.0
train,0FA32bEZ6xI$_$14,audio,1.0
train,0FA32bEZ6xI$_$14,vision,1.0
train,0FA32bEZ6xI$_$18,text,1.0
train,0FA32bEZ6xI$_$18,audio,1.0
train,0FA32bEZ6xI$_$18,vision,1.0
train,0JuRmhhgMw8$_$0,text,1.0
train,0JuRmhhgMw8$_$0,audio,1.0
train,0JuRmhhgMw8$_$0,vision,1.0
train,0OC3wf9x3zQ$_$7,text,1.0
train,0OC3wf9x3zQ$_$7,audio,1.0
train,0OC3wf9x3zQ$_$7,vision,1.0
train,0OC3wf9x3zQ$_$6,text,1.0
train,0OC3wf9x3zQ$_$6,audio,1.0
train,0OC3wf9x3zQ$_$6,vision,1.0
train,0OXeN3MhFeA$_$19,text,1.0
train,0OXeN3MhFeA$_$19,audio,1.0
train,0OXeN3MhFeA$_$19,vision,1.0
train,0OXeN3MhFeA$_$18,text,1.0
train,0OXeN3MhFeA$_$18,audio,1.0
train,0OXeN3MhFeA$_$18,vision,1.0
train,0OXeN3MhFeA$_$15,text,1.0
train,0OXeN3MhFeA$_$15,audio,1.0
train,0OXeN3MhFeA$_$15,vision,1.0
train,0Svu5BldR5A$_$0,text,1.0
train,0Svu5BldR5A$_$0,audio,1.0
train,0Svu5BldR5A$_$0,vision,1.0
train,0YdYFtVdlWE$_$7,text,1.0
train,0YdYFtVdlWE$_$7,audio,1.0
train,0YdYFtVdlWE$_$7,vision,1.0
train,0YdYFtVdlWE$_$6,text,1.0
train,0YdYFtVdlWE$_$6,audio,1.0
train,0YdYFtVdlWE$_$6,vision,1.0
train,0YdYFtVdlWE$_$8,text,1.0
train,0YdYFtVdlWE$_$8,audio,1.0
train,0YdYFtVdlWE$_$8,vision,1.0
train,0YdYFtVdlWE$_$10,text,1.0
train,0YdYFtVdlWE$_$10,audio,1.0
train,0YdYFtVdlWE$_$10,vision,1.0
train,0YdYFtVdlWE$_$15,text,1.0
train,0YdYFtVdlWE$_$15,audio,1.0
train,0YdYFtVdlWE$_$15,vision,0.918918918918919
train,0YdYFtVdlWE$_$14,text,1.0
train,0YdYFtVdlWE$_$14,audio,1.0
train,0YdYFtVdlWE$_$14,vision,1.0
train,0bsTzavb-AE$_$3,text,1.0
train,0bsTzavb-AE$_$3,audio,1.0
train,0bsTzavb-AE$_$3,vision,1.0
train,0hCOCt6fWas$_$15,text,1.0
train,0hCOCt6fWas$_$15,audio,1.0
train,0hCOCt6fWas$_$15,vision,1.0
train,0hCOCt6fWas$_$2,text,1.0
train,0hCOCt6fWas$_$2,audio,1.0
train,0hCOCt6fWas$_$2,vision,1.0
train,0hCihQ5Kep0$_$3,text,1.0
train,0hCihQ5Kep0$_$3,audio,1.0
train,0hCihQ5Kep0$_$3,vision,1.0
train,0hCihQ5Kep0$_$4,text,1.0
train,0hCihQ5Kep0$_$4,audio,1.0
train,0hCihQ5Kep0$_$4,vision,1.0
train,0jtdrsmVzYQ$_$5,text,1.0
train,0jtdrsmVzYQ$_$5,audio,1.0
train,0jtdrsmVzYQ$_$5,vision,1.0
train,0mXv97u2OCM$_$7,text,1.0
train,0mXv97u2OCM$_$7,audio,1.0
train,0mXv97u2OCM$_$7,vision,1.0
train,0p9XKC_J3hU$_$2,text,1.0
train,0p9XKC_J3hU$_$2,audio,1.0
train,0p9XKC_J3hU$_$2,vision,1.0
train,0rE8jEvQW_I$_$3,text,1.0
train,0rE8jEvQW_I$_$3,audio,1.0
train,0rE8jEvQW_I$_$3,vision,1.0
train,0rE8jEvQW_I$_$4,text,1.0
train,0rE8jEvQW_I$_$4,audio,1.0
train,0rE8jEvQW_I$_$4,vision,1.0
train,0rE8jEvQW_I$_$9,text,1.0
train,0rE8jEvQW_I$_$9,audio,1.0
train,0rE8jEvQW_I$_$9,vision,1.0
train,0tkWa2skSmA$_$8,text,1.0
train,0tkWa2skSmA$_$8,audio,1.0
train,0tkWa2skSmA$_$8,vision,1.0
train,0tkWa2skSmA$_$6,text,1.0
train,0tkWa2skSmA$_$6,audio,1.0
train,0tkWa2skSmA$_$6,vision,1.0
train,100499$_$5,text,1.0
train,100499$_$5,audio,1.0
train,100499$_$5,vision,1.0
train,100499$_$4,text,1.0
train,100499$_$4,audio,1.0
train,100499$_$4,vision,1.0
train,101851$_$13,text,1.0
train,101851$_$13,audio,1.0
train,101851$_$13,vision,1.0
train,101851$_$14,text,1.0
train,101851$_$14,audio,1.0
train,101851$_$14,vision,0.125
train,101851$_$16,text,1.0
train,101851$_$16,audio,1.0
train,101851$_$16,vision,1.0
train,101851$_$0,text,1.0
train,101851$_$0,audio,1.0
train,101851$_$0,vision,0.75
train,102184$_$12,text,1.0
train,102184$_$12,audio,1.0
train,102184$_$12,vision,1.0
train,102184$_$1,text,1.0
train,102184$_$1,audio,1.0
train,102184$_$1,vision,1.0
train,102184$_$3,text,1.0
train,102184$_$3,audio,1.0
train,102184$_$3,vision,1.0
train,102184$_$7,text,1.0
train,102184$_$7,audio,1.0
train,102184$_$7,vision,1.0
train,10223$_$1,text,1.0
train,10223$_$1,audio,1.0
train,10223$_$1,vision,1.0
train,10223$_$9,text,1.0
train,10223$_$9,audio,1.0
train,10223$_$9,vision,1.0
train,106077$_$1,text,1.0
train,106077$_$1,audio,1.0
train,106077$_$1,vision,1.0
train,106077$_$2,text,1.0
train,106077$_$2,audio,1.0
train,106077$_$2,vision,1.0
train,106077$_$7,text,1.0
train,106077$_$7,audio,1.0
train,106077$_$7,vision,1.0
train,106514$_$10,text,1.0
train,106514$_$10,audio,1.0
train,106514$_$10,vision,1.0
train,106514$_$2,text,1.0
train,106514$_$2,audio,1.0
train,106514$_$2,vision,1.0
train,106514$_$9,text,1.0
train,106514$_$9,audio,1.0
train,106514$_$9,vision,1.0
train,106941$_$10,text,1.0
train,106941$_$10,audio,1.0
train,106941$_$10,vision,1.0
train,106941$_$12,text,1.0
train,106941$_$12,audio,1.0
train,106941$_$12,vision,1.0
train,106941$_$3,text,1.0
train,106941$_$3,audio,1.0
train,106941$_$3,vision,1.0
train,106941$_$2,text,1.0
train,106941$_$2,audio,1.0
train,106941$_$2,vision,1.0
train,106941$_$7,text,1.0
train,106941$_$7,audio,1.0
train,106941$_$7,vision,1.0
train,106941$_$9,text,1.0
train,106941$_$9,audio,1.0
train,106941$_$9,vision,1.0
train,106941$_$8,text,1.0
train,106941$_$8,audio,1.0
train,106941$_$8,vision,1.0
train,107551$_$1,text,1.0
train,107551$_$1,audio,1.0
train,107551$_$1,vision,1.0
train,107551$_$3,text,1.0
train,107551$_$3,audio,1.0
train,107551$_$3,vision,1.0
train,107551$_$5,text,1.0
train,107551$_$5,audio,1.0
train,107551$_$5,vision,1.0
train,107551$_$6,text,1.0
train,107551$_$6,audio,1.0
train,107551$_$6,vision,1.0
train,108793$_$10,text,1.0
train,108793$_$10,audio,1.0
train,108793$_$10,vision,1.0
train,108793$_$17,text,1.0
train,108793$_$17,audio,1.0
train,108793$_$17,vision,0.47619047619047616
train,108793$_$1,text,1.0
train,108793$_$1,audio,1.0
train,108793$_$1,vision,1.0
train,108793$_$0,text,1.0
train,108793$_$0,audio,1.0
train,108793$_$0,vision,1.0
train,108793$_$8,text,1.0
train,108793$_$8,audio,1.0
train,108793$_$8,vision,1.0
train,110203$_$2,text,1.0
train,110203$_$2,audio,1.0
train,110203$_$2,vision,0.3541666666666667
train,110203$_$7,text,1.0
train,110203$_$7,audio,1.0
train,110203$_$7,vision,0.23076923076923078
train,110754$_$3,text,1.0
train,110754$_$3,audio,1.0
train,110754$_$3,vision,0.8695652173913043
train,110754$_$2,text,1.0
train,110754$_$2,audio,1.0
train,110754$_$2,vision,0.6086956521739131
train,110766$_$8,text,1.0
train,110766$_$8,audio,1.0
train,110766$_$8,vision,1.0
train,110788$_$0,text,1.0
train,110788$_$0,audio,1.0
train,110788$_$0,vision,1.0
train,110788$_$5,text,1.0
train,110788$_$5,audio,1.0
train,110788$_$5,vision,1.0
train,112148$_$12,text,1.0
train,112148$_$12,audio,1.0
train,112148$_$12,vision,1.0
train,112148$_$5,text,1.0
train,112148$_$5,audio,1.0
train,112148$_$5,vision,1.0
train,112148$_$4,text,1.0
train,112148$_$4,audio,1.0
train,112148$_$4,vision,1.0
train,112148$_$7,text,1.0
train,112148$_$7,audio,1.0
train,112148$_$7,vision,1.0
train,112169$_$7,text,1.0
train,112169$_$7,audio,1.0
train,112169$_$7,vision,1.0
train,112604$_$1,text,1.0
train,112604$_$1,audio,1.0
train,112604$_$1,vision,1.0
train,112631$_$1,text,1.0
train,112631$_$1,audio,1.0
train,112631$_$1,vision,1.0
train,112631$_$6,text,1.0
train,112631$_$6,audio,1.0
train,112631$_$6,vision,1.0
train,112903$_$0,text,1.0
train,112903$_$0,audio,1.0
train,112903$_$0,vision,1.0
train,112903$_$3,text,1.0
train,112903$_$3,audio,1.0
train,112903$_$3,vision,1.0
train,112903$_$6,text,1.0
train,112903$_$6,audio,1.0
train,112903$_$6,vision,1.0
train,113265$_$3,text,1.0
train,113265$_$3,audio,1.0
train,113265$_$3,vision,1.0
train,113265$_$4,text,1.0
train,113265$_$4,audio,1.0
train,113265$_$4,vision,1.0
train,114624$_$11,text,1.0
train,114624$_$11,audio,1.0
train,114624$_$11,vision,1.0
train,114624$_$6,text,1.0
train,114624$_$6,audio,1.0
train,114624$_$6,vision,1.0
train,114624$_$8,text,1.0
train,114624$_$8,audio,1.0
train,114624$_$8,vision,1.0
train,11650$_$0,text,1.0
train,11650$_$0,audio,1.0
train,11650$_$0,vision,1.0
train,11650$_$3,text,1.0
train,11650$_$3,audio,1.0
train,11650$_$3,vision,1.0
train,11650$_$4,text,1.0
train,11650$_$4,audio,1.0
train,11650$_$4,vision,1.0
train,11650$_$13,text,1.0
train,11650$_$13,audio,1.0
train,11650$_$13,vision,1.0
train,11650$_$18,text,1.0
train,11650$_$18,audio,1.0
train,11650$_$18,vision,1.0
train,119348$_$11,text,1.0
train,119348$_$11,audio,1.0
train,119348$_$11,vision,1.0
train,119348$_$3,text,1.0
train,119348$_$3,audio,1.0
train,119348$_$3,vision,1.0
train,119348$_$2,text,1.0
train,119348$_$2,audio,1.0
train,119348$_$2,vision,0.4
train,120vnZnmhq4$_$2,text,1.0
train,120vnZnmhq4$_$2,audio,1.0
train,120vnZnmhq4$_$2,vision,1.0
train,121358$_$1,text,1.0
train,121358$_$1,audio,1.0
train,121358$_$1,vision,1.0
train,121358$_$4,text,1.0
train,121358$_$4,audio,1.0
train,121358$_$4,vision,1.0
train,121358$_$10,text,1.0
train,121358$_$10,audio,1.0
train,121358$_$10,vision,1.0
train,121358$_$13,text,1.0
train,121358$_$13,audio,1.0
train,121358$_$13,vision,1.0
train,121358$_$15,text,1.0
train,121358$_$15,audio,1.0
train,121358$_$15,vision,1.0
train,121358$_$14,text,1.0
train,121358$_$14,audio,1.0
train,121358$_$14,vision,1.0
train,122439$_$4,text,1.0
train,122439$_$4,audio,1.0
train,122439$_$4,vision,1.0
train,122602$_$12,text,1.0
train,122602$_$12,audio,1.0
train,122602$_$12,vision,1.0
train,122602$_$15,text,1.0
train,122602$_$15,audio,1.0
train,122602$_$15,vision,1.0
train,122602$_$0,text,1.0
train,122602$_$0,audio,1.0
train,122602$_$0,vision,1.0
train,122602$_$4,text,1.0
train,122602$_$4,audio,1.0
train,122602$_$4,vision,1.0
train,122842$_$1,text,1.0
train,122842$_$1,audio,1.0
train,122842$_$1,vision,0.0
train,122842$_$6,text,1.0
train,122842$_$6,audio,1.0
train,122842$_$6,vision,1.0
train,125730$_$12,text,1.0
train,125730$_$12,audio,1.0
train,125730$_$12,vision,1.0
train,125730$_$1,text,1.0
train,125730$_$1,audio,1.0
train,125730$_$1,vision,1.0
train,125730$_$0,text,1.0
train,125730$_$0,audio,1.0
train,125730$_$0,vision,1.0
train,125730$_$2,text,1.0
train,125730$_$2,audio,1.0
train,125730$_$2,vision,1.0
train,125730$_$8,text,1.0
train,125730$_$8,audio,1.0
train,125730$_$8,vision,1.0
train,125845$_$1,text,1.0
train,125845$_$1,audio,1.0
train,125845$_$1,vision,1.0
train,125845$_$3,text,1.0
train,125845$_$3,audio,1.0
train,125845$_$3,vision,1.0
train,125845$_$5,text,1.0
train,125845$_$5,audio,1.0
train,125845$_$5,vision,1.0
train,126542$_$11,text,1.0
train,126542$_$11,audio,1.0
train,126542$_$11,vision,1.0
train,126542$_$12,text,1.0
train,126542$_$12,audio,1.0
train,126542$_$12,vision,1.0
train,126542$_$17,text,1.0
train,126542$_$17,audio,1.0
train,126542$_$17,vision,1.0
train,126542$_$16,text,1.0
train,126542$_$16,audio,1.0
train,126542$_$16,vision,1.0
train,126542$_$3,text,1.0
train,126542$_$3,audio,1.0
train,126542$_$3,vision,1.0
train,126831$_$10,text,1.0
train,126831$_$10,audio,1.0
train,126831$_$10,vision,1.0
train,126831$_$3,text,1.0
train,126831$_$3,audio,1.0
train,126831$_$3,vision,1.0
train,127470$_$5,text,1.0
train,127470$_$5,audio,1.0
train,127470$_$5,vision,1.0
train,127470$_$6,text,1.0
train,127470$_$6,audio,1.0
train,127470$_$6,vision,1.0
train,127539$_$5,text,1.0
train,127539$_$5,audio,1.0
train,127539$_$5,vision,1.0
train,127539$_$7,text,1.0
train,127539$_$7,audio,1.0
train,127539$_$7,vision,1.0
train,127539$_$6,text,1.0
train,127539$_$6,audio,1.0
train,127539$_$6,vision,1.0
train,127539$_$9,text,1.0
train,127539$_$9,audio,1.0
train,127539$_$9,vision,1.0
train,127539$_$8,text,1.0
train,127539$_$8,audio,1.0
train,127539$_$8,vision,1.0
train,12812$_$3,text,1.0
train,12812$_$3,audio,1.0
train,12812$_$3,vision,1.0
train,12812$_$6,text,1.0
train,12812$_$6,audio,1.0
train,12812$_$6,vision,1.0
train,128258$_$13,text,1.0
train,128258$_$13,audio,1.0
train,128258$_$13,vision,1.0
train,128258$_$1,text,1.0
train,128258$_$1,audio,1.0
train,128258$_$1,vision,1.0
train,128752$_$15,text,1.0
train,128752$_$15,audio,1.0
train,128752$_$15,vision,1.0
train,128752$_$16,text,1.0
train,128752$_$16,audio,1.0
train,128752$_$16,vision,1.0
train,128752$_$3,text,1.0
train,128752$_$3,audio,1.0
train,128752$_$3,vision,1.0
train,128752$_$7,text,1.0
train,128752$_$7,audio,1.0
train,128752$_$7,vision,1.0
train,128752$_$9,text,1.0
train,128752$_$9,audio,1.0
train,128752$_$9,vision,1.0
train,128949$_$2,text,1.0
train,128949$_$2,audio,1.0
train,128949$_$2,vision,1.0
train,129733$_$7,text,1.0
train,129733$_$7,audio,1.0
train,129733$_$7,vision,1.0
train,130149$_$3,text,1.0
train,130149$_$3,audio,1.0
train,130149$_$3,vision,1.0
train,130149$_$6,text,1.0
train,130149$_$6,audio,1.0
train,130149$_$6,vision,1.0
train,130426$_$0,text,1.0
train,130426$_$0,audio,1.0
train,130426$_$0,vision,1.0
train,130426$_$6,text,1.0
train,130426$_$6,audio,1.0
train,130426$_$6,vision,1.0
train,130633$_$5,text,1.0
train,130633$_$5,audio,1.0
train,130633$_$5,vision,1.0
train,130633$_$7,text,1.0
train,130633$_$7,audio,1.0
train,130633$_$7,vision,1.0
train,131650$_$1,text,1.0
train,131650$_$1,audio,1.0
train,131650$_$1,vision,1.0
train,131650$_$0,text,1.0
train,131650$_$0,audio,1.0
train,131650$_$0,vision,1.0
train,131650$_$3,text,1.0
train,131650$_$3,audio,1.0
train,131650$_$3,vision,1.0
train,131650$_$9,text,1.0
train,131650$_$9,audio,1.0
train,131650$_$9,vision,1.0
train,131871$_$1,text,1.0
train,131871$_$1,audio,1.0
train,131871$_$1,vision,1.0
train,131936$_$2,text,1.0
train,131936$_$2,audio,1.0
train,131936$_$2,vision,1.0
train,131936$_$4,text,1.0
train,131936$_$4,audio,1.0
train,131936$_$4,vision,1.0
train,134252$_$1,text,1.0
train,134252$_$1,audio,1.0
train,134252$_$1,vision,0.8947368421052632
train,134252$_$0,text,1.0
train,134252$_$0,audio,1.0
train,134252$_$0,vision,1.0
train,136205$_$12,text,1.0
train,136205$_$12,audio,1.0
train,136205$_$12,vision,1.0
train,136205$_$0,text,1.0
train,136205$_$0,audio,1.0
train,136205$_$0,vision,1.0
train,136205$_$6,text,1.0
train,136205$_$6,audio,1.0
train,136205$_$6,vision,1.0
train,136211$_$3,text,1.0
train,136211$_$3,audio,1.0
train,136211$_$3,vision,1.0
train,136211$_$2,text,1.0
train,136211$_$2,audio,1.0
train,136211$_$2,vision,1.0
train,137827$_$1,text,1.0
train,137827$_$1,audio,1.0
train,137827$_$1,vision,1.0
train,137827$_$2,text,1.0
train,137827$_$2,audio,1.0
train,137827$_$2,vision,1.0
train,137827$_$4,text,1.0
train,137827$_$4,audio,1.0
train,137827$_$4,vision,1.0
train,139006$_$12,text,1.0
train,139006$_$12,audio,1.0
train,139006$_$12,vision,1.0
train,139006$_$3,text,1.0
train,139006$_$3,audio,1.0
train,139006$_$3,vision,1.0
train,139032$_$16,text,1.0
train,139032$_$16,audio,1.0
train,139032$_$16,vision,1.0
train,139032$_$3,text,1.0
train,139032$_$3,audio,1.0
train,139032$_$3,vision,1.0
train,13JpsLvddoY$_$8,text,1.0
train,13JpsLvddoY$_$8,audio,1.0
train,13JpsLvddoY$_$8,vision,1.0
train,13JpsLvddoY$_$7,text,1.0
train,13JpsLvddoY$_$7,audio,1.0
train,13JpsLvddoY$_$7,vision,1.0
train,140293$_$0,text,1.0
train,140293$_$0,audio,1.0
train,140293$_$0,vision,0.9444444444444444
train,140317$_$5,text,1.0
train,140317$_$5,audio,1.0
train,140317$_$5,vision,0.0
train,140317$_$7,text,1.0
train,140317$_$7,audio,1.0
train,140317$_$7,vision,1.0
train,154449$_$2,text,1.0
train,154449$_$2,audio,1.0
train,154449$_$2,vision,1.0
train,154449$_$4,text,1.0
train,154449$_$4,audio,1.0
train,154449$_$4,vision,1.0
train,154449$_$6,text,1.0
train,154449$_$6,audio,1.0
train,154449$_$6,vision,1.0
train,154449$_$8,text,1.0
train,154449$_$8,audio,1.0
train,154449$_$8,vision,1.0
train,15837$_$1,text,1.0
train,15837$_$1,audio,1.0
train,15837$_$1,vision,1.0
train,15837$_$9,text,1.0
train,15837$_$9,audio,1.0
train,15837$_$9,vision,0.2894736842105263
train,15Wu4U2VPLw$_$2,text,1.0
train,15Wu4U2VPLw$_$2,audio,1.0
train,15Wu4U2VPLw$_$2,vision,1.0
train,15Wu4U2VPLw$_$4,text,1.0
train,15Wu4U2VPLw$_$4,audio,1.0
train,15Wu4U2VPLw$_$4,vision,0.9259259259259259
train,15Wu4U2VPLw$_$6,text,1.0
train,15Wu4U2VPLw$_$6,audio,1.0
train,15Wu4U2VPLw$_$6,vision,0.0
train,15ktF-6wutk$_$4,text,1.0
train,15ktF-6wutk$_$4,audio,1.0
train,15ktF-6wutk$_$4,vision,0.17647058823529413
train,180923$_$14,text,1.0
train,180923$_$14,audio,1.0
train,180923$_$14,vision,1.0
train,180923$_$5,text,1.0
train,180923$_$5,audio,1.0
train,180923$_$5,vision,1.0
train,180923$_$4,text,1.0
train,180923$_$4,audio,1.0
train,180923$_$4,vision,1.0
train,180923$_$6,text,1.0
train,180923$_$6,audio,1.0
train,180923$_$6,vision,1.0
train,184784$_$6,text,1.0
train,184784$_$6,audio,1.0
train,184784$_$6,vision,0.9047619047619048
train,186631$_$10,text,1.0
train,186631$_$10,audio,1.0
train,186631$_$10,vision,1.0
train,186631$_$6,text,1.0
train,186631$_$6,audio,1.0
train,186631$_$6,vision,1.0
train,188122$_$12,text,1.0
train,188122$_$12,audio,1.0
train,188122$_$12,vision,1.0
train,188122$_$16,text,1.0
train,188122$_$16,audio,1.0
train,188122$_$16,vision,0.47368421052631576
train,188122$_$9,text,1.0
train,188122$_$9,audio,1.0
train,188122$_$9,vision,1.0
train,189966$_$21,text,1.0
train,189966$_$21,audio,1.0
train,189966$_$21,vision,1.0
train,189966$_$22,text,1.0
train,189966$_$22,audio,1.0
train,189966$_$22,vision,1.0
train,189966$_$2,text,1.0
train,189966$_$2,audio,1.0
train,189966$_$2,vision,1.0
train,189966$_$4,text,1.0
train,189966$_$4,audio,1.0
train,189966$_$4,vision,1.0
train,189966$_$6,text,1.0
train,189966$_$6,audio,1.0
train,189966$_$6,vision,1.0
train,189966$_$12,text,1.0
train,189966$_$12,audio,1.0
train,189966$_$12,vision,1.0
train,189966$_$14,text,1.0
train,189966$_$14,audio,1.0
train,189966$_$14,vision,1.0
train,189966$_$16,text,1.0
train,189966$_$16,audio,1.0
train,189966$_$16,vision,1.0
train,189966$_$19,text,1.0
train,189966$_$19,audio,1.0
train,189966$_$19,vision,1.0
train,18JTkk8JbeU$_$6,text,1.0
train,18JTkk8JbeU$_$6,audio,1.0
train,18JTkk8JbeU$_$6,vision,1.0
train,18QjfdhJEM4$_$14,text,1.0
train,18QjfdhJEM4$_$14,audio,1.0
train,18QjfdhJEM4$_$14,vision,1.0
train,18QjfdhJEM4$_$17,text,1.0
train,18QjfdhJEM4$_$17,audio,1.0
train,18QjfdhJEM4$_$17,vision,1.0
train,18QjfdhJEM4$_$23,text,1.0
train,18QjfdhJEM4$_$23,audio,1.0
train,18QjfdhJEM4$_$23,vision,0.8571428571428571
train,18QjfdhJEM4$_$4,text,1.0
train,18QjfdhJEM4$_$4,audio,1.0
train,18QjfdhJEM4$_$4,vision,1.0
train,190740$_$2,text,1.0
train,190740$_$2,audio,1.0
train,190740$_$2,vision,1.0
train,190740$_$4,text,1.0
train,190740$_$4,audio,1.0
train,190740$_$4,vision,1.0
train,190740$_$7,text,1.0
train,190740$_$7,audio,1.0
train,190740$_$7,vision,1.0
train,190740$_$6,text,1.0
train,190740$_$6,audio,1.0
train,190740$_$6,vision,1.0
train,192799$_$10,text,1.0
train,192799$_$10,audio,1.0
train,192799$_$10,vision,1.0
train,192799$_$17,text,1.0
train,192799$_$17,audio,1.0
train,192799$_$17,vision,1.0
train,192799$_$7,text,1.0
train,192799$_$7,audio,1.0
train,192799$_$7,vision,1.0
train,192799$_$8,text,1.0
train,192799$_$8,audio,1.0
train,192799$_$8,vision,1.0
train,194625$_$16,text,1.0
train,194625$_$16,audio,1.0
train,194625$_$16,vision,1.0
train,194625$_$18,text,1.0
train,194625$_$18,audio,1.0
train,194625$_$18,vision,0.9375
train,194625$_$5,text,1.0
train,194625$_$5,audio,1.0
train,194625$_$5,vision,1.0
train,194625$_$7,text,1.0
train,194625$_$7,audio,1.0
train,194625$_$7,vision,0.9487179487179487
train,197778$_$11,text,1.0
train,197778$_$11,audio,1.0
train,197778$_$11,vision,1.0
train,197778$_$2,text,1.0
train,197778$_$2,audio,1.0
train,197778$_$2,vision,1.0
train,197778$_$4,text,1.0
train,197778$_$4,audio,1.0
train,197778$_$4,vision,1.0
train,197778$_$9,text,1.0
train,197778$_$9,audio,1.0
train,197778$_$9,vision,1.0
train,19k6sEC7814$_$10,text,1.0
train,19k6sEC7814$_$10,audio,1.0
train,19k6sEC7814$_$10,vision,1.0
train,19k6sEC7814$_$4,text,1.0
train,19k6sEC7814$_$4,audio,1.0
train,19k6sEC7814$_$4,vision,1.0
train,1A-aRhYx-GQ$_$15,text,1.0
train,1A-aRhYx-GQ$_$15,audio,1.0
train,1A-aRhYx-GQ$_$15,vision,1.0
train,1A-aRhYx-GQ$_$31,text,1.0
train,1A-aRhYx-GQ$_$31,audio,1.0
train,1A-aRhYx-GQ$_$31,vision,1.0
train,1A-aRhYx-GQ$_$7,text,1.0
train,1A-aRhYx-GQ$_$7,audio,1.0
train,1A-aRhYx-GQ$_$7,vision,1.0
train,1A7dqFxx8wU$_$0,text,1.0
train,1A7dqFxx8wU$_$0,audio,1.0
train,1A7dqFxx8wU$_$0,vision,1.0
train,1CjUHNYzW1E$_$11,text,1.0
train,1CjUHNYzW1E$_$11,audio,1.0
train,1CjUHNYzW1E$_$11,vision,1.0
train,1ESU5ONMMxs$_$14,text,1.0
train,1ESU5ONMMxs$_$14,audio,1.0
train,1ESU5ONMMxs$_$14,vision,0.9259259259259259
train,1ESU5ONMMxs$_$0,text,1.0
train,1ESU5ONMMxs$_$0,audio,1.0
train,1ESU5ONMMxs$_$0,vision,0.8333333333333334
train,1ESU5ONMMxs$_$6,text,1.0
train,1ESU5ONMMxs$_$6,audio,1.0
train,1ESU5ONMMxs$_$6,vision,0.0
train,1ESU5ONMMxs$_$8,text,1.0
train,1ESU5ONMMxs$_$8,audio,1.0
train,1ESU5ONMMxs$_$8,vision,0.0
train,1F0qH0EEBfo$_$21,text,1.0
train,1F0qH0EEBfo$_$21,audio,1.0
train,1F0qH0EEBfo$_$21,vision,1.0
train,1F0qH0EEBfo$_$1,text,1.0
train,1F0qH0EEBfo$_$1,audio,1.0
train,1F0qH0EEBfo$_$1,vision,1.0
train,1F0qH0EEBfo$_$0,text,1.0
train,1F0qH0EEBfo$_$0,audio,1.0
train,1F0qH0EEBfo$_$0,vision,1.0
train,1F0qH0EEBfo$_$5,text,1.0
train,1F0qH0EEBfo$_$5,audio,1.0
train,1F0qH0EEBfo$_$5,vision,1.0
train,1F0qH0EEBfo$_$9,text,1.0
train,1F0qH0EEBfo$_$9,audio,1.0
train,1F0qH0EEBfo$_$9,vision,1.0
train,1F0qH0EEBfo$_$15,text,1.0
train,1F0qH0EEBfo$_$15,audio,1.0
train,1F0qH0EEBfo$_$15,vision,1.0
train,1F0qH0EEBfo$_$14,text,1.0
train,1F0qH0EEBfo$_$14,audio,1.0
train,1F0qH0EEBfo$_$14,vision,0.8
train,1JQ9UCBEmCU$_$1,text,1.0
train,1JQ9UCBEmCU$_$1,audio,1.0
train,1JQ9UCBEmCU$_$1,vision,0.25
train,1JQ9UCBEmCU$_$0,text,1.0
train,1JQ9UCBEmCU$_$0,audio,1.0
train,1JQ9UCBEmCU$_$0,vision,0.0
train,1W38PnuWIkM$_$3,text,1.0
train,1W38PnuWIkM$_$3,audio,1.0
train,1W38PnuWIkM$_$3,vision,0.6666666666666666
train,1W38PnuWIkM$_$5,text,1.0
train,1W38PnuWIkM$_$5,audio,1.0
train,1W38PnuWIkM$_$5,vision,0.2222222222222222
train,1W38PnuWIkM$_$4,text,1.0
train,1W38PnuWIkM$_$4,audio,1.0
train,1W38PnuWIkM$_$4,vision,1.0
train,1W38PnuWIkM$_$6,text,1.0
train,1W38PnuWIkM$_$6,audio,1.0
train,1W38PnuWIkM$_$6,vision,1.0
train,1bzS0YF5hfs$_$1,text,1.0
train,1bzS0YF5hfs$_$1,audio,1.0
train,1bzS0YF5hfs$_$1,vision,1.0
train,1dWsw38VDjY$_$9,text,1.0
train,1dWsw38VDjY$_$9,audio,1.0
train,1dWsw38VDjY$_$9,vision,1.0
train,1fqNb8cfLFE$_$2,text,1.0
train,1fqNb8cfLFE$_$2,audio,1.0
train,1fqNb8cfLFE$_$2,vision,1.0
train,1k7br8xXMSU$_$11,text,1.0
train,1k7br8xXMSU$_$11,audio,1.0
train,1k7br8xXMSU$_$11,vision,1.0
train,1k7br8xXMSU$_$12,text,1.0
train,1k7br8xXMSU$_$12,audio,1.0
train,1k7br8xXMSU$_$12,vision,1.0
train,1mHjMNZZvFo$_$1,text,1.0
train,1mHjMNZZvFo$_$1,audio,1.0
train,1mHjMNZZvFo$_$1,vision,1.0
train,1mHjMNZZvFo$_$5,text,1.0
train,1mHjMNZZvFo$_$5,audio,1.0
train,1mHjMNZZvFo$_$5,vision,1.0
train,1pvK0_9SQns$_$10,text,1.0
train,1pvK0_9SQns$_$10,audio,1.0
train,1pvK0_9SQns$_$10,vision,1.0
train,1pvK0_9SQns$_$8,text,1.0
train,1pvK0_9SQns$_$8,audio,1.0
train,1pvK0_9SQns$_$8,vision,1.0
train,1sJjdaXXuJg$_$4,text,1.0
train,1sJjdaXXuJg$_$4,audio,1.0
train,1sJjdaXXuJg$_$4,vision,1.0
train,1tuMFJnlXJc$_$20,text,1.0
train,1tuMFJnlXJc$_$20,audio,1.0
train,1tuMFJnlXJc$_$20,vision,1.0
train,1tuMFJnlXJc$_$1,text,1.0
train,1tuMFJnlXJc$_$1,audio,1.0
train,1tuMFJnlXJc$_$1,vision,1.0
train,1tuMFJnlXJc$_$3,text,1.0
train,1tuMFJnlXJc$_$3,audio,1.0
train,1tuMFJnlXJc$_$3,vision,1.0
train,1tuMFJnlXJc$_$4,text,1.0
train,1tuMFJnlXJc$_$4,audio,1.0
train,1tuMFJnlXJc$_$4,vision,1.0
train,2-4autDbHVQ$_$12,text,1.0
train,2-4autDbHVQ$_$12,audio,1.0
train,2-4autDbHVQ$_$12,vision,1.0
train,2-4autDbHVQ$_$19,text,1.0
train,2-4autDbHVQ$_$19,audio,1.0
train,2-4autDbHVQ$_$19,vision,1.0
train,2-4autDbHVQ$_$8,text,1.0
train,2-4autDbHVQ$_$8,audio,1.0
train,2-4autDbHVQ$_$8,vision,1.0
train,2-5hH_k2VFk$_$9,text,1.0
train,2-5hH_k2VFk$_$9,audio,1.0
train,2-5hH_k2VFk$_$9,vision,1.0
train,201582$_$2,text,1.0
train,201582$_$2,audio,1.0
train,201582$_$2,vision,1.0
train,201582$_$6,text,1.0
train,201582$_$6,audio,1.0
train,201582$_$6,vision,1.0
train,202431$_$6,text,1.0
train,202431$_$6,audio,1.0
train,202431$_$6,vision,0.875
train,202810$_$7,text,1.0
train,202810$_$7,audio,1.0
train,202810$_$7,vision,1.0
train,202810$_$8,text,1.0
train,202810$_$8,audio,1.0
train,202810$_$8,vision,1.0
train,202990$_$5,text,1.0
train,202990$_$5,audio,1.0
train,202990$_$5,vision,1.0
train,202990$_$6,text,1.0
train,202990$_$6,audio,1.0
train,202990$_$6,vision,1.0
train,206049$_$0,text,1.0
train,206049$_$0,audio,1.0
train,206049$_$0,vision,1.0
train,206049$_$3,text,1.0
train,206049$_$3,audio,1.0
train,206049$_$3,vision,1.0
train,206051$_$2,text,1.0
train,206051$_$2,audio,1.0
train,206051$_$2,vision,1.0
train,206376$_$2,text,1.0
train,206376$_$2,audio,1.0
train,206376$_$2,vision,1.0
train,206507$_$2,text,1.0
train,206507$_$2,audio,1.0
train,206507$_$2,vision,1.0
train,206507$_$6,text,1.0
train,206507$_$6,audio,1.0
train,206507$_$6,vision,1.0
train,206606$_$5,text,1.0
train,206606$_$5,audio,1.0
train,206606$_$5,vision,1.0
train,206606$_$7,text,1.0
train,206606$_$7,audio,1.0
train,206606$_$7,vision,1.0
train,207812$_$3,text,1.0
train,207812$_$3,audio,1.0
train,207812$_$3,vision,1.0
train,207812$_$9,text,1.0
train,207812$_$9,audio,1.0
train,207812$_$9,vision,1.0
train,207812$_$8,text,1.0
train,207812$_$8,audio,1.0
train,207812$_$8,vision,1.0
train,208148$_$11,text,1.0
train,208148$_$11,audio,1.0
train,208148$_$11,vision,1.0
train,208148$_$6,text,1.0
train,208148$_$6,audio,1.0
train,208148$_$6,vision,1.0
train,208299$_$5,text,1.0
train,208299$_$5,audio,1.0
train,208299$_$5,vision,1.0
train,208299$_$4,text,1.0
train,208299$_$4,audio,1.0
train,208299$_$4,vision,0.9767441860465116
train,208299$_$6,text,1.0
train,208299$_$6,audio,1.0
train,208299$_$6,vision,1.0
train,208299$_$8,text,1.0
train,208299$_$8,audio,1.0
train,208299$_$8,vision,1.0
train,208416$_$11,text,1.0
train,208416$_$11,audio,1.0
train,208416$_$11,vision,1.0
train,208416$_$13,text,1.0
train,208416$_$13,audio,1.0
train,208416$_$13,vision,1.0
train,208416$_$16,text,1.0
train,208416$_$16,audio,1.0
train,208416$_$16,vision,1.0
train,208416$_$0,text,1.0
train,208416$_$0,audio,1.0
train,208416$_$0,vision,0.0
train,208416$_$2,text,1.0
train,208416$_$2,audio,1.0
train,208416$_$2,vision,1.0
train,208416$_$7,text,1.0
train,208416$_$7,audio,1.0
train,208416$_$7,vision,1.0
train,208416$_$9,text,1.0
train,208416$_$9,audio,1.0
train,208416$_$9,vision,1.0
train,208416$_$8,text,1.0
train,208416$_$8,audio,1.0
train,208416$_$8,vision,1.0
train,209354$_$1,text,1.0
train,209354$_$1,audio,1.0
train,209354$_$1,vision,0.0
train,209354$_$2,text,1.0
train,209354$_$2,audio,1.0
train,209354$_$2,vision,1.0
train,209775$_$10,text,1.0
train,209775$_$10,audio,1.0
train,209775$_$10,vision,0.6538461538461539
train,209775$_$1,text,1.0
train,209775$_$1,audio,1.0
train,209775$_$1,vision,1.0
train,209775$_$0,text,1.0
train,209775$_$0,audio,1.0
train,209775$_$0,vision,0.0
train,209775$_$5,text,1.0
train,209775$_$5,audio,1.0
train,209775$_$5,vision,1.0
train,210238$_$13,text,1.0
train,210238$_$13,audio,1.0
train,210238$_$13,vision,1.0
train,210238$_$14,text,1.0
train,210238$_$14,audio,1.0
train,210238$_$14,vision,1.0
train,210238$_$16,text,1.0
train,210238$_$16,audio,1.0
train,210238$_$16,vision,1.0
train,210238$_$18,text,1.0
train,210238$_$18,audio,1.0
train,210238$_$18,vision,1.0
train,210238$_$1,text,1.0
train,210238$_$1,audio,1.0
train,210238$_$1,vision,1.0
train,210618$_$11,text,1.0
train,210618$_$11,audio,1.0
train,210618$_$11,vision,1.0
train,210618$_$10,text,1.0
train,210618$_$10,audio,1.0
train,210618$_$10,vision,1.0
train,210618$_$15,text,1.0
train,210618$_$15,audio,1.0
train,210618$_$15,vision,1.0
train,210618$_$5,text,1.0
train,210618$_$5,audio,1.0
train,210618$_$5,vision,1.0
train,210618$_$9,text,1.0
train,210618$_$9,audio,1.0
train,210618$_$9,vision,1.0
train,210618$_$8,text,1.0
train,210618$_$8,audio,1.0
train,210618$_$8,vision,0.9444444444444444
train,21137$_$1,text,1.0
train,21137$_$1,audio,1.0
train,21137$_$1,vision,0.0
train,21137$_$0,text,1.0
train,21137$_$0,audio,1.0
train,21137$_$0,vision,0.38461538461538464
train,21137$_$3,text,1.0
train,21137$_$3,audio,1.0
train,21137$_$3,vision,1.0
train,21137$_$2,text,1.0
train,21137$_$2,audio,1.0
train,21137$_$2,vision,1.0
train,21137$_$9,text,1.0
train,21137$_$9,audio,1.0
train,21137$_$9,vision,1.0
train,212532$_$10,text,1.0
train,212532$_$10,audio,1.0
train,212532$_$10,vision,1.0
train,212532$_$9,text,1.0
train,212532$_$9,audio,1.0
train,212532$_$9,vision,0.8571428571428571
train,213619$_$0,text,1.0
train,213619$_$0,audio,1.0
train,213619$_$0,vision,0.0
train,213619$_$3,text,1.0
train,213619$_$3,audio,1.0
train,213619$_$3,vision,0.0
train,214095$_$11,text,1.0
train,214095$_$11,audio,1.0
train,214095$_$11,vision,1.0
train,214095$_$1,text,1.0
train,214095$_$1,audio,1.0
train,214095$_$1,vision,1.0
train,214095$_$4,text,1.0
train,214095$_$4,audio,1.0
train,214095$_$4,vision,1.0
train,215259$_$5,text,1.0
train,215259$_$5,audio,1.0
train,215259$_$5,vision,1.0
train,215259$_$4,text,1.0
train,215259$_$4,audio,1.0
train,215259$_$4,vision,1.0
train,216007$_$24,text,1.0
train,216007$_$24,audio,1.0
train,216007$_$24,vision,1.0
train,216007$_$28,text,1.0
train,216007$_$28,audio,1.0
train,216007$_$28,vision,1.0
train,216007$_$29,text,1.0
train,216007$_$29,audio,1.0
train,216007$_$29,vision,1.0
train,216007$_$1,text,1.0
train,216007$_$1,audio,1.0
train,216007$_$1,vision,1.0
train,216007$_$2,text,1.0
train,216007$_$2,audio,1.0
train,216007$_$2,vision,1.0
train,216007$_$5,text,1.0
train,216007$_$5,audio,1.0
train,216007$_$5,vision,1.0
train,216007$_$9,text,1.0
train,216007$_$9,audio,1.0
train,216007$_$9,vision,1.0
train,216007$_$12,text,1.0
train,216007$_$12,audio,1.0
train,216007$_$12,vision,1.0
train,21638$_$1,text,1.0
train,21638$_$1,audio,1.0
train,21638$_$1,vision,1.0
train,21638$_$0,text,1.0
train,21638$_$0,audio,1.0
train,21638$_$0,vision,1.0
train,21638$_$6,text,1.0
train,21638$_$6,audio,1.0
train,21638$_$6,vision,1.0
train,216857$_$1,text,1.0
train,216857$_$1,audio,1.0
train,216857$_$1,vision,0.1111111111111111
train,216857$_$3,text,1.0
train,216857$_$3,audio,1.0
train,216857$_$3,vision,1.0
train,216857$_$6,text,1.0
train,216857$_$6,audio,1.0
train,216857$_$6,vision,1.0
train,216857$_$10,text,1.0
train,216857$_$10,audio,1.0
train,216857$_$10,vision,1.0
train,218708$_$13,text,1.0
train,218708$_$13,audio,1.0
train,218708$_$13,vision,0.9791666666666666
train,218708$_$12,text,1.0
train,218708$_$12,audio,1.0
train,218708$_$12,vision,1.0
train,218708$_$15,text,1.0
train,218708$_$15,audio,1.0
train,218708$_$15,vision,1.0
train,218708$_$17,text,1.0
train,218708$_$17,audio,1.0
train,218708$_$17,vision,1.0
train,218708$_$1,text,1.0
train,218708$_$1,audio,1.0
train,218708$_$1,vision,0.0
train,218708$_$0,text,1.0
train,218708$_$0,audio,1.0
train,218708$_$0,vision,1.0
train,218708$_$8,text,1.0
train,218708$_$8,audio,1.0
train,218708$_$8,vision,1.0
train,219310$_$0,text,1.0
train,219310$_$0,audio,1.0
train,219310$_$0,vision,0.9090909090909091
train,219310$_$2,text,1.0
train,219310$_$2,audio,1.0
train,219310$_$2,vision,1.0
train,219775$_$0,text,1.0
train,219775$_$0,audio,1.0
train,219775$_$0,vision,0.3333333333333333
train,219775$_$5,text,1.0
train,219775$_$5,audio,1.0
train,219775$_$5,vision,0.07142857142857142
train,220134$_$27,text,1.0
train,220134$_$27,audio,1.0
train,220134$_$27,vision,1.0
train,220134$_$21,text,1.0
train,220134$_$21,audio,1.0
train,220134$_$21,vision,1.0
train,220134$_$8,text,1.0
train,220134$_$8,audio,1.0
train,220134$_$8,vision,1.0
train,220134$_$17,text,1.0
train,220134$_$17,audio,1.0
train,220134$_$17,vision,1.0
train,220548$_$20,text,1.0
train,220548$_$20,audio,1.0
train,220548$_$20,vision,1.0
train,220548$_$1,text,1.0
train,220548$_$1,audio,1.0
train,220548$_$1,vision,1.0
train,220548$_$7,text,1.0
train,220548$_$7,audio,1.0
train,220548$_$7,vision,1.0
train,221740$_$0,text,1.0
train,221740$_$0,audio,1.0
train,221740$_$0,vision,1.0
train,221740$_$5,text,1.0
train,221740$_$5,audio,1.0
train,221740$_$5,vision,1.0
train,222116$_$1,text,1.0
train,222116$_$1,audio,1.0
train,222116$_$1,vision,1.0
train,222116$_$7,text,1.0
train,222116$_$7,audio,1.0
train,222116$_$7,vision,1.0
train,222116$_$6,text,1.0
train,222116$_$6,audio,1.0
train,222116$_$6,vision,1.0
train,223926$_$1,text,1.0
train,223926$_$1,audio,1.0
train,223926$_$1,vision,1.0
train,224599$_$1,text,1.0
train,224599$_$1,audio,1.0
train,224599$_$1,vision,1.0
train,224599$_$2,text,1.0
train,224599$_$2,audio,1.0
train,224599$_$2,vision,1.0
train,224599$_$5,text,1.0
train,224599$_$5,audio,1.0
train,224599$_$5,vision,1.0
train,224599$_$8,text,1.0
train,224599$_$8,audio,1.0
train,224599$_$8,vision,1.0
train,224772$_$12,text,1.0
train,224772$_$12,audio,1.0
train,224772$_$12,vision,1.0
train,224772$_$14,text,1.0
train,224772$_$14,audio,1.0
train,224772$_$14,vision,1.0
train,224772$_$1,text,1.0
train,224772$_$1,audio,1.0
train,224772$_$1,vision,1.0
train,224772$_$6,text,1.0
train,224772$_$6,audio,1.0
train,224772$_$6,vision,1.0
train,224869$_$10,text,1.0
train,224869$_$10,audio,1.0
train,224869$_$10,vision,1.0
train,224869$_$0,text,1.0
train,224869$_$0,audio,1.0
train,224869$_$0,vision,1.0
train,224869$_$3,text,1.0
train,224869$_$3,audio,1.0
train,224869$_$3,vision,1.0
train,224869$_$5,text,1.0
train,224869$_$5,audio,1.0
train,224869$_$5,vision,1.0
train,225343$_$10,text,1.0
train,225343$_$10,audio,1.0
train,225343$_$10,vision,1.0
train,225343$_$14,text,1.0
train,225343$_$14,audio,1.0
train,225343$_$14,vision,1.0
train,225343$_$3,text,1.0
train,225343$_$3,audio,1.0
train,225343$_$3,vision,1.0
train,225343$_$9,text,1.0
train,225343$_$9,audio,1.0
train,225343$_$9,vision,1.0
train,225416$_$14,text,1.0
train,225416$_$14,audio,1.0
train,225416$_$14,vision,1.0
train,225416$_$1,text,1.0
train,225416$_$1,audio,1.0
train,225416$_$1,vision,1.0
train,225416$_$3,text,1.0
train,225416$_$3,audio,1.0
train,225416$_$3,vision,1.0
train,225416$_$8,text,1.0
train,225416$_$8,audio,1.0
train,225416$_$8,vision,1.0
train,225768$_$6,text,1.0
train,225768$_$6,audio,1.0
train,225768$_$6,vision,1.0
train,227173$_$12,text,1.0
train,227173$_$12,audio,1.0
train,227173$_$12,vision,0.17647058823529413
train,227173$_$6,text,1.0
train,227173$_$6,audio,1.0
train,227173$_$6,vision,0.8181818181818182
train,227416$_$1,text,1.0
train,227416$_$1,audio,1.0
train,227416$_$1,vision,1.0
train,227416$_$0,text,1.0
train,227416$_$0,audio,1.0
train,227416$_$0,vision,1.0
train,227416$_$3,text,1.0
train,227416$_$3,audio,1.0
train,227416$_$3,vision,1.0
train,227416$_$5,text,1.0
train,227416$_$5,audio,1.0
train,227416$_$5,vision,0.3103448275862069
train,227416$_$8,text,1.0
train,227416$_$8,audio,1.0
train,227416$_$8,vision,0.2903225806451613
train,227426$_$19,text,1.0
train,227426$_$19,audio,1.0
train,227426$_$19,vision,1.0
train,227426$_$18,text,1.0
train,227426$_$18,audio,1.0
train,227426$_$18,vision,1.0
train,227426$_$0,text,1.0
train,227426$_$0,audio,1.0
train,227426$_$0,vision,1.0
train,227426$_$8,text,1.0
train,227426$_$8,audio,1.0
train,227426$_$8,vision,1.0
train,22821$_$14,text,1.0
train,22821$_$14,audio,1.0
train,22821$_$14,vision,1.0
train,22821$_$1,text,1.0
train,22821$_$1,audio,1.0
train,22821$_$1,vision,1.0
train,22821$_$0,text,1.0
train,22821$_$0,audio,1.0
train,22821$_$0,vision,1.0
train,22821$_$4,text,1.0
train,22821$_$4,audio,1.0
train,22821$_$4,vision,1.0
train,22821$_$9,text,1.0
train,22821$_$9,audio,1.0
train,22821$_$9,vision,0.7352941176470589
train,22880$_$2,text,1.0
train,22880$_$2,audio,1.0
train,22880$_$2,vision,1.0
train,22880$_$6,text,1.0
train,22880$_$6,audio,1.0
train,22880$_$6,vision,1.0
train,229090$_$15,text,1.0
train,229090$_$15,audio,1.0
train,229090$_$15,vision,1.0
train,229090$_$16,text,1.0
train,229090$_$16,audio,1.0
train,229090$_$16,vision,1.0
train,229090$_$18,text,1.0
train,229090$_$18,audio,1.0
train,229090$_$18,vision,1.0
train,229903$_$0,text,1.0
train,229903$_$0,audio,1.0
train,229903$_$0,vision,1.0
train,229903$_$3,text,1.0
train,229903$_$3,audio,1.0
train,229903$_$3,vision,1.0
train,229967$_$2,text,1.0
train,229967$_$2,audio,1.0
train,229967$_$2,vision,1.0
train,230252$_$1,text,1.0
train,230252$_$1,audio,1.0
train,230252$_$1,vision,1.0
train,231025$_$11,text,1.0
train,231025$_$11,audio,1.0
train,231025$_$11,vision,1.0
train,231025$_$15,text,1.0
train,231025$_$15,audio,1.0
train,231025$_$15,vision,1.0
train,231025$_$14,text,1.0
train,231025$_$14,audio,1.0
train,231025$_$14,vision,1.0
train,231025$_$16,text,1.0
train,231025$_$16,audio,1.0
train,231025$_$16,vision,1.0
train,231025$_$0,text,1.0
train,231025$_$0,audio,1.0
train,231025$_$0,vision,1.0
train,231025$_$9,text,1.0
train,231025$_$9,audio,1.0
train,231025$_$9,vision,1.0
train,233171$_$1,text,1.0
train,233171$_$1,audio,1.0
train,233171$_$1,vision,1.0
train,233171$_$7,text,1.0
train,233171$_$7,audio,1.0
train,233171$_$7,vision,1.0
train,233356$_$1,text,1.0
train,233356$_$1,audio,1.0
train,233356$_$1,vision,1.0
train,233356$_$3,text,1.0
train,233356$_$3,audio,1.0
train,233356$_$3,vision,1.0
train,233366$_$4,text,1.0
train,233366$_$4,audio,1.0
train,233366$_$4,vision,1.0
train,233389$_$0,text,1.0
train,233389$_$0,audio,1.0
train,233389$_$0,vision,1.0
train,233389$_$5,text,1.0
train,233389$_$5,audio,1.0
train,233389$_$5,vision,1.0
train,234053$_$26,text,1.0
train,234053$_$26,audio,1.0
train,234053$_$26,vision,1.0
train,234053$_$21,text,1.0
train,234053$_$21,audio,1.0
train,234053$_$21,vision,1.0
train,234053$_$1,text,1.0
train,234053$_$1,audio,1.0
train,234053$_$1,vision,1.0
train,234053$_$11,text,1.0
train,234053$_$11,audio,1.0
train,234053$_$11,vision,0.32432432432432434
train,234053$_$17,text,1.0
train,234053$_$17,audio,1.0
train,234053$_$17,vision,0.0
train,234053$_$19,text,1.0
train,234053$_$19,audio,1.0
train,234053$_$19,vision,0.8181818181818182
train,234053$_$18,text,1.0
train,234053$_$18,audio,1.0
train,234053$_$18,vision,0.7333333333333333
train,234587$_$2,text,1.0
train,234587$_$2,audio,1.0
train,234587$_$2,vision,1.0
train,234587$_$5,text,1.0
train,234587$_$5,audio,1.0
train,234587$_$5,vision,1.0
train,234587$_$11,text,1.0
train,234587$_$11,audio,1.0
train,234587$_$11,vision,1.0
train,234587$_$14,text,1.0
train,234587$_$14,audio,1.0
train,234587$_$14,vision,1.0
train,234587$_$16,text,1.0
train,234587$_$16,audio,1.0
train,234587$_$16,vision,0.9
train,234587$_$19,text,1.0
train,234587$_$19,audio,1.0
train,234587$_$19,vision,1.0
train,236399$_$4,text,1.0
train,236399$_$4,audio,1.0
train,236399$_$4,vision,0.875
train,236696$_$7,text,1.0
train,236696$_$7,audio,1.0
train,236696$_$7,vision,1.0
train,238023$_$22,text,1.0
train,238023$_$22,audio,1.0
train,238023$_$22,vision,1.0
train,238023$_$1,text,1.0
train,238023$_$1,audio,1.0
train,238023$_$1,vision,1.0
train,238023$_$37,text,1.0
train,238023$_$37,audio,1.0
train,238023$_$37,vision,1.0
train,238039$_$6,text,1.0
train,238039$_$6,audio,1.0
train,238039$_$6,vision,1.0
train,238060$_$13,text,1.0
train,238060$_$13,audio,1.0
train,238060$_$13,vision,1.0
train,238060$_$18,text,1.0
train,238060$_$18,audio,1.0
train,238060$_$18,vision,1.0
train,238060$_$5,text,1.0
train,238060$_$5,audio,1.0
train,238060$_$5,vision,1.0
train,238060$_$7,text,1.0
train,238060$_$7,audio,1.0
train,238060$_$7,vision,1.0
train,238100$_$3,text,1.0
train,238100$_$3,audio,1.0
train,238100$_$3,vision,1.0
train,238645$_$20,text,1.0
train,238645$_$20,audio,1.0
train,238645$_$20,vision,1.0
train,238645$_$23,text,1.0
train,238645$_$23,audio,1.0
train,238645$_$23,vision,1.0
train,238645$_$0,text,1.0
train,238645$_$0,audio,1.0
train,238645$_$0,vision,1.0
train,238645$_$6,text,1.0
train,238645$_$6,audio,1.0
train,238645$_$6,vision,1.0
train,238645$_$8,text,1.0
train,238645$_$8,audio,1.0
train,238645$_$8,vision,1.0
train,238889$_$2,text,1.0
train,238889$_$2,audio,1.0
train,238889$_$2,vision,1.0
train,238889$_$5,text,1.0
train,238889$_$5,audio,1.0
train,238889$_$5,vision,1.0
train,238889$_$4,text,1.0
train,238889$_$4,audio,1.0
train,238889$_$4,vision,1.0
train,238889$_$6,text,1.0
train,238889$_$6,audio,1.0
train,238889$_$6,vision,1.0
train,239235$_$11,text,1.0
train,239235$_$11,audio,1.0
train,239235$_$11,vision,1.0
train,239235$_$13,text,1.0
train,239235$_$13,audio,1.0
train,239235$_$13,vision,1.0
train,239235$_$1,text,1.0
train,239235$_$1,audio,1.0
train,239235$_$1,vision,1.0
train,239235$_$4,text,1.0
train,239235$_$4,audio,1.0
train,239235$_$4,vision,1.0
train,239235$_$8,text,1.0
train,239235$_$8,audio,1.0
train,239235$_$8,vision,0.9
train,239572$_$2,text,1.0
train,239572$_$2,audio,1.0
train,239572$_$2,vision,1.0
train,239572$_$4,text,1.0
train,239572$_$4,audio,1.0
train,239572$_$4,vision,1.0
train,23YlZoucbyM$_$4,text,1.0
train,23YlZoucbyM$_$4,audio,1.0
train,23YlZoucbyM$_$4,vision,1.0
train,240915$_$1,text,1.0
train,240915$_$1,audio,1.0
train,240915$_$1,vision,1.0
train,240915$_$2,text,1.0
train,240915$_$2,audio,1.0
train,240915$_$2,vision,1.0
train,240915$_$8,text,1.0
train,240915$_$8,audio,1.0
train,240915$_$8,vision,1.0
train,241164$_$10,text,1.0
train,241164$_$10,audio,1.0
train,241164$_$10,vision,1.0
train,241164$_$1,text,1.0
train,241164$_$1,audio,1.0
train,241164$_$1,vision,1.0
train,241164$_$0,text,1.0
train,241164$_$0,audio,1.0
train,241164$_$0,vision,1.0
train,241164$_$9,text,1.0
train,241164$_$9,audio,1.0
train,241164$_$9,vision,1.0
train,241172$_$3,text,1.0
train,241172$_$3,audio,1.0
train,241172$_$3,vision,1.0
train,241172$_$7,text,1.0
train,241172$_$7,audio,1.0
train,241172$_$7,vision,1.0
train,24202$_$10,text,1.0
train,24202$_$10,audio,1.0
train,24202$_$10,vision,1.0
train,24202$_$5,text,1.0
train,24202$_$5,audio,1.0
train,24202$_$5,vision,1.0
train,24202$_$4,text,1.0
train,24202$_$4,audio,1.0
train,24202$_$4,vision,1.0
train,24202$_$9,text,1.0
train,24202$_$9,audio,1.0
train,24202$_$9,vision,1.0
train,243338$_$20,text,1.0
train,243338$_$20,audio,1.0
train,243338$_$20,vision,1.0
train,243338$_$21,text,1.0
train,243338$_$21,audio,1.0
train,243338$_$21,vision,1.0
train,243338$_$22,text,1.0
train,243338$_$22,audio,1.0
train,243338$_$22,vision,0.5208333333333334
train,243338$_$9,text,1.0
train,243338$_$9,audio,1.0
train,243338$_$9,vision,0.78125
train,243341$_$23,text,1.0
train,243341$_$23,audio,1.0
train,243341$_$23,vision,1.0
train,243341$_$2,text,1.0
train,243341$_$2,audio,1.0
train,243341$_$2,vision,1.0
train,243341$_$7,text,1.0
train,243341$_$7,audio,1.0
train,243341$_$7,vision,1.0
train,243341$_$10,text,1.0
train,243341$_$10,audio,1.0
train,243341$_$10,vision,1.0
train,243341$_$14,text,1.0
train,243341$_$14,audio,1.0
train,243341$_$14,vision,0.391304347826087
train,244180$_$20,text,1.0
train,244180$_$20,audio,1.0
train,244180$_$20,vision,1.0
train,244180$_$4,text,1.0
train,244180$_$4,audio,1.0
train,244180$_$4,vision,1.0
train,244180$_$19,text,1.0
train,244180$_$19,audio,1.0
train,244180$_$19,vision,1.0
train,244180$_$18,text,1.0
train,244180$_$18,audio,1.0
train,244180$_$18,vision,1.0
train,244261$_$24,text,1.0
train,244261$_$24,audio,1.0
train,244261$_$24,vision,0.0
train,244261$_$20,text,1.0
train,244261$_$20,audio,1.0
train,244261$_$20,vision,0.3181818181818182
train,244261$_$4,text,1.0
train,244261$_$4,audio,1.0
train,244261$_$4,vision,1.0
train,244261$_$7,text,1.0
train,244261$_$7,audio,1.0
train,244261$_$7,vision,1.0
train,244261$_$12,text,1.0
train,244261$_$12,audio,1.0
train,244261$_$12,vision,1.0
train,244261$_$14,text,1.0
train,244261$_$14,audio,1.0
train,244261$_$14,vision,1.0
train,244623$_$4,text,1.0
train,244623$_$4,audio,1.0
train,244623$_$4,vision,1.0
train,244623$_$9,text,1.0
train,244623$_$9,audio,1.0
train,244623$_$9,vision,1.0
train,244623$_$11,text,1.0
train,244623$_$11,audio,1.0
train,244623$_$11,vision,1.0
train,244623$_$17,text,1.0
train,244623$_$17,audio,1.0
train,244623$_$17,vision,1.0
train,244623$_$37,text,1.0
train,244623$_$37,audio,1.0
train,244623$_$37,vision,1.0
train,244817$_$2,text,1.0
train,244817$_$2,audio,1.0
train,244817$_$2,vision,1.0
train,244817$_$5,text,1.0
train,244817$_$5,audio,1.0
train,244817$_$5,vision,1.0
train,244817$_$9,text,1.0
train,244817$_$9,audio,1.0
train,244817$_$9,vision,1.0
train,245243$_$4,text,1.0
train,245243$_$4,audio,1.0
train,245243$_$4,vision,1.0
train,245276$_$2,text,1.0
train,245276$_$2,audio,1.0
train,245276$_$2,vision,1.0
train,245276$_$4,text,1.0
train,245276$_$4,audio,1.0
train,245276$_$4,vision,1.0
train,245276$_$7,text,1.0
train,245276$_$7,audio,1.0
train,245276$_$7,vision,0.375
train,245497$_$1,text,1.0
train,245497$_$1,audio,1.0
train,245497$_$1,vision,1.0
train,245497$_$2,text,1.0
train,245497$_$2,audio,1.0
train,245497$_$2,vision,1.0
train,245497$_$4,text,1.0
train,245497$_$4,audio,1.0
train,245497$_$4,vision,1.0
train,247382$_$1,text,1.0
train,247382$_$1,audio,1.0
train,247382$_$1,vision,0.0
train,247382$_$2,text,1.0
train,247382$_$2,audio,1.0
train,247382$_$2,vision,1.0
train,247382$_$6,text,1.0
train,247382$_$6,audio,1.0
train,247382$_$6,vision,1.0
train,247382$_$9,text,1.0
train,247382$_$9,audio,1.0
train,247382$_$9,vision,1.0
train,247382$_$11,text,1.0
train,247382$_$11,audio,1.0
train,247382$_$11,vision,1.0
train,247382$_$13,text,1.0
train,247382$_$13,audio,1.0
train,247382$_$13,vision,1.0
train,247382$_$14,text,1.0
train,247382$_$14,audio,1.0
train,247382$_$14,vision,1.0
train,248837$_$12,text,1.0
train,248837$_$12,audio,1.0
train,248837$_$12,vision,0.2222222222222222
train,248837$_$6,text,1.0
train,248837$_$6,audio,1.0
train,248837$_$6,vision,0.0
train,24xayGF5yYA$_$24,text,1.0
train,24xayGF5yYA$_$24,audio,1.0
train,24xayGF5yYA$_$24,vision,0.8913043478260869
train,24xayGF5yYA$_$26,text,1.0
train,24xayGF5yYA$_$26,audio,1.0
train,24xayGF5yYA$_$26,vision,1.0
train,24xayGF5yYA$_$3,text,1.0
train,24xayGF5yYA$_$3,audio,1.0
train,24xayGF5yYA$_$3,vision,1.0
train,24xayGF5yYA$_$2,text,1.0
train,24xayGF5yYA$_$2,audio,1.0
train,24xayGF5yYA$_$2,vision,0.5454545454545454
train,24xayGF5yYA$_$10,text,1.0
train,24xayGF5yYA$_$10,audio,1.0
train,24xayGF5yYA$_$10,vision,1.0
train,24xayGF5yYA$_$15,text,1.0
train,24xayGF5yYA$_$15,audio,1.0
train,24xayGF5yYA$_$15,vision,1.0
train,24xayGF5yYA$_$16,text,1.0
train,24xayGF5yYA$_$16,audio,1.0
train,24xayGF5yYA$_$16,vision,0.9354838709677419
train,250430$_$11,text,1.0
train,250430$_$11,audio,1.0
train,250430$_$11,vision,1.0
train,250430$_$10,text,1.0
train,250430$_$10,audio,1.0
train,250430$_$10,vision,1.0
train,250430$_$6,text,1.0
train,250430$_$6,audio,1.0
train,250430$_$6,vision,1.0
train,251417$_$1,text,1.0
train,251417$_$1,audio,1.0
train,251417$_$1,vision,1.0
train,251417$_$0,text,1.0
train,251417$_$0,audio,1.0
train,251417$_$0,vision,1.0
train,251646$_$13,text,1.0
train,251646$_$13,audio,1.0
train,251646$_$13,vision,1.0
train,251646$_$2,text,1.0
train,251646$_$2,audio,1.0
train,251646$_$2,vision,1.0
train,251646$_$4,text,1.0
train,251646$_$4,audio,1.0
train,251646$_$4,vision,1.0
train,251646$_$7,text,1.0
train,251646$_$7,audio,1.0
train,251646$_$7,vision,1.0
train,251826$_$6,text,1.0
train,251826$_$6,audio,1.0
train,251826$_$6,vision,1.0
train,251839$_$13,text,1.0
train,251839$_$13,audio,1.0
train,251839$_$13,vision,1.0
train,252177$_$2,text,1.0
train,252177$_$2,audio,1.0
train,252177$_$2,vision,1.0
train,252177$_$4,text,1.0
train,252177$_$4,audio,1.0
train,252177$_$4,vision,1.0
train,252177$_$9,text,1.0
train,252177$_$9,audio,1.0
train,252177$_$9,vision,1.0
train,25271$_$10,text,1.0
train,25271$_$10,audio,1.0
train,25271$_$10,vision,1.0
train,25271$_$0,text,1.0
train,25271$_$0,audio,1.0
train,25271$_$0,vision,0.9722222222222222
train,254298$_$14,text,1.0
train,254298$_$14,audio,1.0
train,254298$_$14,vision,1.0
train,254298$_$0,text,1.0
train,254298$_$0,audio,1.0
train,254298$_$0,vision,0.0
train,254298$_$2,text,1.0
train,254298$_$2,audio,1.0
train,254298$_$2,vision,1.0
train,25522$_$0,text,1.0
train,25522$_$0,audio,1.0
train,25522$_$0,vision,1.0
train,25522$_$3,text,1.0
train,25522$_$3,audio,1.0
train,25522$_$3,vision,1.0
train,25522$_$5,text,1.0
train,25522$_$5,audio,1.0
train,25522$_$5,vision,1.0
train,255224$_$1,text,1.0
train,255224$_$1,audio,1.0
train,255224$_$1,vision,1.0
train,255224$_$5,text,1.0
train,255224$_$5,audio,1.0
train,255224$_$5,vision,1.0
train,255224$_$9,text,1.0
train,255224$_$9,audio,1.0
train,255224$_$9,vision,1.0
train,255224$_$8,text,1.0
train,255224$_$8,audio,1.0
train,255224$_$8,vision,1.0
train,255226$_$5,text,1.0
train,255226$_$5,audio,1.0
train,255226$_$5,vision,1.0
train,255226$_$8,text,1.0
train,255226$_$8,audio,1.0
train,255226$_$8,vision,1.0
train,255338$_$1,text,1.0
train,255338$_$1,audio,1.0
train,255338$_$1,vision,1.0
train,255338$_$2,text,1.0
train,255338$_$2,audio,1.0
train,255338$_$2,vision,1.0
train,255338$_$5,text,1.0
train,255338$_$5,audio,1.0
train,255338$_$5,vision,1.0
train,255338$_$7,text,1.0
train,255338$_$7,audio,1.0
train,255338$_$7,vision,1.0
train,255338$_$8,text,1.0
train,255338$_$8,audio,1.0
train,255338$_$8,vision,1.0
train,255343$_$0,text,1.0
train,255343$_$0,audio,1.0
train,255343$_$0,vision,1.0
train,255343$_$5,text,1.0
train,255343$_$5,audio,1.0
train,255343$_$5,vision,1.0
train,255343$_$8,text,1.0
train,255343$_$8,audio,1.0
train,255343$_$8,vision,1.0
train,255852$_$0,text,1.0
train,255852$_$0,audio,1.0
train,255852$_$0,vision,1.0
train,255852$_$6,text,1.0
train,255852$_$6,audio,1.0
train,255852$_$6,vision,1.0
train,255852$_$8,text,1.0
train,255852$_$8,audio,1.0
train,255852$_$8,vision,1.0
train,256174$_$6,text,1.0
train,256174$_$6,audio,1.0
train,256174$_$6,vision,1.0
train,256935$_$0,text,1.0
train,256935$_$0,audio,1.0
train,256935$_$0,vision,1.0
train,256935$_$4,text,1.0
train,256935$_$4,audio,1.0
train,256935$_$4,vision,1.0
train,256935$_$9,text,1.0
train,256935$_$9,audio,1.0
train,256935$_$9,vision,1.0
train,256935$_$10,text,1.0
train,256935$_$10,audio,1.0
train,256935$_$10,vision,1.0
train,256976$_$12,text,1.0
train,256976$_$12,audio,1.0
train,256976$_$12,vision,1.0
train,256976$_$2,text,1.0
train,256976$_$2,audio,1.0
train,256976$_$2,vision,0.6521739130434783
train,256976$_$4,text,1.0
train,256976$_$4,audio,1.0
train,256976$_$4,vision,1.0
train,257045$_$11,text,1.0
train,257045$_$11,audio,1.0
train,257045$_$11,vision,1.0
train,257045$_$1,text,1.0
train,257045$_$1,audio,1.0
train,257045$_$1,vision,0.9
train,257531$_$15,text,1.0
train,257531$_$15,audio,1.0
train,257531$_$15,vision,1.0
train,257531$_$17,text,1.0
train,257531$_$17,audio,1.0
train,257531$_$17,vision,1.0
train,257531$_$1,text,1.0
train,257531$_$1,audio,1.0
train,257531$_$1,vision,1.0
train,257531$_$2,text,1.0
train,257531$_$2,audio,1.0
train,257531$_$2,vision,1.0
train,257771$_$15,text,1.0
train,257771$_$15,audio,1.0
train,257771$_$15,vision,1.0
train,257771$_$0,text,1.0
train,257771$_$0,audio,1.0
train,257771$_$0,vision,1.0
train,257771$_$3,text,1.0
train,257771$_$3,audio,1.0
train,257771$_$3,vision,1.0
train,257771$_$8,text,1.0
train,257771$_$8,audio,1.0
train,257771$_$8,vision,1.0
train,259260$_$26,text,1.0
train,259260$_$26,audio,1.0
train,259260$_$26,vision,1.0
train,259260$_$20,text,1.0
train,259260$_$20,audio,1.0
train,259260$_$20,vision,1.0
train,259260$_$22,text,1.0
train,259260$_$22,audio,1.0
train,259260$_$22,vision,1.0
train,259260$_$1,text,1.0
train,259260$_$1,audio,1.0
train,259260$_$1,vision,0.8
train,259260$_$37,text,1.0
train,259260$_$37,audio,1.0
train,259260$_$37,vision,1.0
train,25t8nrkUfRY$_$1,text,1.0
train,25t8nrkUfRY$_$1,audio,1.0
train,25t8nrkUfRY$_$1,vision,0.896551724137931
train,260011$_$20,text,1.0
train,260011$_$20,audio,1.0
train,260011$_$20,vision,0.9090909090909091
train,260011$_$16,text,1.0
train,260011$_$16,audio,1.0
train,260011$_$16,vision,1.0
train,260011$_$0,text,1.0
train,260011$_$0,audio,1.0
train,260011$_$0,vision,1.0
train,260011$_$3,text,1.0
train,260011$_$3,audio,1.0
train,260011$_$3,vision,1.0
train,261267$_$11,text,1.0
train,261267$_$11,audio,1.0
train,261267$_$11,vision,1.0
train,261267$_$12,text,1.0
train,261267$_$12,audio,1.0
train,261267$_$12,vision,1.0
train,261267$_$15,text,1.0
train,261267$_$15,audio,1.0
train,261267$_$15,vision,1.0
train,261267$_$16,text,1.0
train,261267$_$16,audio,1.0
train,261267$_$16,vision,1.0
train,261267$_$19,text,1.0
train,261267$_$19,audio,1.0
train,261267$_$19,vision,1.0
train,261267$_$18,text,1.0
train,261267$_$18,audio,1.0
train,261267$_$18,vision,1.0
train,261267$_$2,text,1.0
train,261267$_$2,audio,1.0
train,261267$_$2,vision,1.0
train,261267$_$4,text,1.0
train,261267$_$4,audio,1.0
train,261267$_$4,vision,1.0
train,261267$_$8,text,1.0
train,261267$_$8,audio,1.0
train,261267$_$8,vision,1.0
train,261326$_$0,text,1.0
train,261326$_$0,audio,1.0
train,261326$_$0,vision,1.0
train,261326$_$3,text,1.0
train,261326$_$3,audio,1.0
train,261326$_$3,vision,1.0
train,261900$_$24,text,1.0
train,261900$_$24,audio,1.0
train,261900$_$24,vision,1.0
train,261900$_$27,text,1.0
train,261900$_$27,audio,1.0
train,261900$_$27,vision,1.0
train,261900$_$7,text,1.0
train,261900$_$7,audio,1.0
train,261900$_$7,vision,1.0
train,261900$_$9,text,1.0
train,261900$_$9,audio,1.0
train,261900$_$9,vision,1.0
train,261900$_$8,text,1.0
train,261900$_$8,audio,1.0
train,261900$_$8,vision,1.0
train,261900$_$30,text,1.0
train,261900$_$30,audio,1.0
train,261900$_$30,vision,1.0
train,261900$_$36,text,1.0
train,261900$_$36,audio,1.0
train,261900$_$36,vision,1.0
train,261900$_$34,text,1.0
train,261900$_$34,audio,1.0
train,261900$_$34,vision,1.0
train,261900$_$33,text,1.0
train,261900$_$33,audio,1.0
train,261900$_$33,vision,1.0
train,261902$_$0,text,1.0
train,261902$_$0,audio,1.0
train,261902$_$0,vision,1.0
train,261902$_$10,text,1.0
train,261902$_$10,audio,1.0
train,261902$_$10,vision,1.0
train,261902$_$15,text,1.0
train,261902$_$15,audio,1.0
train,261902$_$15,vision,1.0
train,261902$_$18,text,1.0
train,261902$_$18,audio,1.0
train,261902$_$18,vision,1.0
train,262165$_$22,text,1.0
train,262165$_$22,audio,1.0
train,262165$_$22,vision,0.42857142857142855
train,262165$_$2,text,1.0
train,262165$_$2,audio,1.0
train,262165$_$2,vision,1.0
train,262165$_$4,text,1.0
train,262165$_$4,audio,1.0
train,262165$_$4,vision,0.875
train,262165$_$7,text,1.0
train,262165$_$7,audio,1.0
train,262165$_$7,vision,0.9791666666666666
train,262165$_$6,text,1.0
train,262165$_$6,audio,1.0
train,262165$_$6,vision,0.967741935483871
train,262165$_$8,text,1.0
train,262165$_$8,audio,1.0
train,262165$_$8,vision,0.7111111111111111
train,262165$_$13,text,1.0
train,262165$_$13,audio,1.0
train,262165$_$13,vision,0.35714285714285715
train,262165$_$15,text,1.0
train,262165$_$15,audio,1.0
train,262165$_$15,vision,1.0
train,262165$_$17,text,1.0
train,262165$_$17,audio,1.0
train,262165$_$17,vision,0.6666666666666666
train,262165$_$19,text,1.0
train,262165$_$19,audio,1.0
train,262165$_$19,vision,0.8125
train,262165$_$18,text,1.0
train,262165$_$18,audio,1.0
train,262165$_$18,vision,1.0
train,264418$_$10,text,1.0
train,264418$_$10,audio,1.0
train,264418$_$10,vision,1.0
train,264418$_$13,text,1.0
train,264418$_$13,audio,1.0
train,264418$_$13,vision,1.0
train,264418$_$15,text,1.0
train,264418$_$15,audio,1.0
train,264418$_$15,vision,1.0
train,264418$_$4,text,1.0
train,264418$_$4,audio,1.0
train,264418$_$4,vision,1.0
train,264418$_$6,text,1.0
train,264418$_$6,audio,1.0
train,264418$_$6,vision,1.0
train,264446$_$23,text,1.0
train,264446$_$23,audio,1.0
train,264446$_$23,vision,1.0
train,264446$_$44,text,1.0
train,264446$_$44,audio,1.0
train,264446$_$44,vision,1.0
train,264446$_$43,text,1.0
train,264446$_$43,audio,1.0
train,264446$_$43,vision,1.0
train,264446$_$2,text,1.0
train,264446$_$2,audio,1.0
train,264446$_$2,vision,1.0
train,264446$_$38,text,1.0
train,264446$_$38,audio,1.0
train,264446$_$38,vision,1.0
train,264446$_$15,text,1.0
train,264446$_$15,audio,1.0
train,264446$_$15,vision,1.0
train,264446$_$14,text,1.0
train,264446$_$14,audio,1.0
train,264446$_$14,vision,1.0
train,265959$_$11,text,1.0
train,265959$_$11,audio,1.0
train,265959$_$11,vision,1.0
train,265959$_$15,text,1.0
train,265959$_$15,audio,1.0
train,265959$_$15,vision,1.0
train,265959$_$16,text,1.0
train,265959$_$16,audio,1.0
train,265959$_$16,vision,1.0
train,265959$_$0,text,1.0
train,265959$_$0,audio,1.0
train,265959$_$0,vision,1.0
train,265959$_$2,text,1.0
train,265959$_$2,audio,1.0
train,265959$_$2,vision,1.0
train,265959$_$5,text,1.0
train,265959$_$5,audio,1.0
train,265959$_$5,vision,1.0
train,265959$_$7,text,1.0
train,265959$_$7,audio,1.0
train,265959$_$7,vision,1.0
train,265959$_$9,text,1.0
train,265959$_$9,audio,1.0
train,265959$_$9,vision,1.0
train,266366$_$14,text,1.0
train,266366$_$14,audio,1.0
train,266366$_$14,vision,1.0
train,266366$_$16,text,1.0
train,266366$_$16,audio,1.0
train,266366$_$16,vision,1.0
train,266366$_$1,text,1.0
train,266366$_$1,audio,1.0
train,266366$_$1,vision,1.0
train,266366$_$0,text,1.0
train,266366$_$0,audio,1.0
train,266366$_$0,vision,1.0
train,266366$_$7,text,1.0
train,266366$_$7,audio,1.0
train,266366$_$7,vision,1.0
train,266366$_$8,text,1.0
train,266366$_$8,audio,1.0
train,266366$_$8,vision,1.0
train,266396$_$55,text,1.0
train,266396$_$55,audio,1.0
train,266396$_$55,vision,0.0
train,266396$_$82,text,1.0
train,266396$_$82,audio,1.0
train,266396$_$82,vision,1.0
train,266396$_$80,text,1.0
train,266396$_$80,audio,1.0
train,266396$_$80,vision,1.0
train,266396$_$87,text,1.0
train,266396$_$87,audio,1.0
train,266396$_$87,vision,1.0
train,266396$_$85,text,1.0
train,266396$_$85,audio,1.0
train,266396$_$85,vision,1.0
train,266396$_$33,text,1.0
train,266396$_$33,audio,1.0
train,266396$_$33,vision,1.0
train,266396$_$91,text,1.0
train,266396$_$91,audio,1.0
train,266396$_$91,vision,1.0
train,266396$_$93,text,1.0
train,266396$_$93,audio,1.0
train,266396$_$93,vision,1.0
train,266396$_$10,text,1.0
train,266396$_$10,audio,1.0
train,266396$_$10,vision,1.0
train,266396$_$18,text,1.0
train,266396$_$18,audio,1.0
train,266396$_$18,vision,1.0
train,266396$_$44,text,1.0
train,266396$_$44,audio,1.0
train,266396$_$44,vision,1.0
train,266396$_$45,text,1.0
train,266396$_$45,audio,1.0
train,266396$_$45,vision,1.0
train,266396$_$43,text,1.0
train,266396$_$43,audio,1.0
train,266396$_$43,vision,0.8260869565217391
train,266396$_$74,text,1.0
train,266396$_$74,audio,1.0
train,266396$_$74,vision,1.0
train,266852$_$25,text,1.0
train,266852$_$25,audio,1.0
train,266852$_$25,vision,1.0
train,266852$_$20,text,1.0
train,266852$_$20,audio,1.0
train,266852$_$20,vision,1.0
train,266852$_$2,text,1.0
train,266852$_$2,audio,1.0
train,266852$_$2,vision,1.0
train,266852$_$13,text,1.0
train,266852$_$13,audio,1.0
train,266852$_$13,vision,1.0
train,266938$_$42,text,1.0
train,266938$_$42,audio,1.0
train,266938$_$42,vision,1.0
train,266938$_$43,text,1.0
train,266938$_$43,audio,1.0
train,266938$_$43,vision,1.0
train,266938$_$23,text,1.0
train,266938$_$23,audio,1.0
train,266938$_$23,vision,1.0
train,266938$_$25,text,1.0
train,266938$_$25,audio,1.0
train,266938$_$25,vision,1.0
train,266938$_$20,text,1.0
train,266938$_$20,audio,1.0
train,266938$_$20,vision,1.0
train,266938$_$49,text,1.0
train,266938$_$49,audio,1.0
train,266938$_$49,vision,1.0
train,266938$_$29,text,1.0
train,266938$_$29,audio,1.0
train,266938$_$29,vision,0.967741935483871
train,266938$_$0,text,1.0
train,266938$_$0,audio,1.0
train,266938$_$0,vision,1.0
train,266938$_$8,text,1.0
train,266938$_$8,audio,1.0
train,266938$_$8,vision,1.0
train,266938$_$38,text,1.0
train,266938$_$38,audio,1.0
train,266938$_$38,vision,1.0
train,266938$_$10,text,1.0
train,266938$_$10,audio,1.0
train,266938$_$10,vision,1.0
train,266938$_$15,text,1.0
train,266938$_$15,audio,1.0
train,266938$_$15,vision,1.0
train,266938$_$16,text,1.0
train,266938$_$16,audio,1.0
train,266938$_$16,vision,1.0
train,266938$_$54,text,1.0
train,266938$_$54,audio,1.0
train,266938$_$54,vision,1.0
train,267252$_$10,text,1.0
train,267252$_$10,audio,1.0
train,267252$_$10,vision,1.0
train,267252$_$13,text,1.0
train,267252$_$13,audio,1.0
train,267252$_$13,vision,1.0
train,267255$_$10,text,1.0
train,267255$_$10,audio,1.0
train,267255$_$10,vision,1.0
train,267255$_$13,text,1.0
train,267255$_$13,audio,1.0
train,267255$_$13,vision,1.0
train,267255$_$15,text,1.0
train,267255$_$15,audio,1.0
train,267255$_$15,vision,1.0
train,267255$_$16,text,1.0
train,267255$_$16,audio,1.0
train,267255$_$16,vision,1.0
train,267255$_$3,text,1.0
train,267255$_$3,audio,1.0
train,267255$_$3,vision,1.0
train,267255$_$7,text,1.0
train,267255$_$7,audio,1.0
train,267255$_$7,vision,1.0
train,267255$_$9,text,1.0
train,267255$_$9,audio,1.0
train,267255$_$9,vision,1.0
train,267278$_$1,text,1.0
train,267278$_$1,audio,1.0
train,267278$_$1,vision,1.0
train,267278$_$4,text,1.0
train,267278$_$4,audio,1.0
train,267278$_$4,vision,1.0
train,267278$_$9,text,1.0
train,267278$_$9,audio,1.0
train,267278$_$9,vision,1.0
train,267278$_$11,text,1.0
train,267278$_$11,audio,1.0
train,267278$_$11,vision,1.0
train,267278$_$14,text,1.0
train,267278$_$14,audio,1.0
train,267278$_$14,vision,1.0
train,267278$_$19,text,1.0
train,267278$_$19,audio,1.0
train,267278$_$19,vision,1.0
train,267799$_$2,text,1.0
train,267799$_$2,audio,1.0
train,267799$_$2,vision,1.0
train,267799$_$6,text,1.0
train,267799$_$6,audio,1.0
train,267799$_$6,vision,1.0
train,268836$_$2,text,1.0
train,268836$_$2,audio,1.0
train,268836$_$2,vision,1.0
train,268836$_$7,text,1.0
train,268836$_$7,audio,1.0
train,268836$_$7,vision,1.0
train,268836$_$6,text,1.0
train,268836$_$6,audio,1.0
train,268836$_$6,vision,0.0
train,268836$_$12,text,1.0
train,268836$_$12,audio,1.0
train,268836$_$12,vision,0.6666666666666666
train,268836$_$15,text,1.0
train,268836$_$15,audio,1.0
train,268836$_$15,vision,1.0
train,268836$_$18,text,1.0
train,268836$_$18,audio,1.0
train,268836$_$18,vision,1.0
train,268836$_$34,text,1.0
train,268836$_$34,audio,1.0
train,268836$_$34,vision,1.0
train,270416$_$11,text,1.0
train,270416$_$11,audio,1.0
train,270416$_$11,vision,1.0
train,270416$_$13,text,1.0
train,270416$_$13,audio,1.0
train,270416$_$13,vision,1.0
train,270444$_$5,text,1.0
train,270444$_$5,audio,1.0
train,270444$_$5,vision,1.0
train,270449$_$10,text,1.0
train,270449$_$10,audio,1.0
train,270449$_$10,vision,1.0
train,270449$_$4,text,1.0
train,270449$_$4,audio,1.0
train,270449$_$4,vision,1.0
train,270628$_$24,text,1.0
train,270628$_$24,audio,1.0
train,270628$_$24,vision,1.0
train,270628$_$26,text,1.0
train,270628$_$26,audio,1.0
train,270628$_$26,vision,1.0
train,270628$_$21,text,1.0
train,270628$_$21,audio,1.0
train,270628$_$21,vision,1.0
train,270628$_$22,text,1.0
train,270628$_$22,audio,1.0
train,270628$_$22,vision,1.0
train,270628$_$0,text,1.0
train,270628$_$0,audio,1.0
train,270628$_$0,vision,1.0
train,270628$_$14,text,1.0
train,270628$_$14,audio,1.0
train,270628$_$14,vision,1.0
train,270665$_$25,text,1.0
train,270665$_$25,audio,1.0
train,270665$_$25,vision,1.0
train,270665$_$20,text,1.0
train,270665$_$20,audio,1.0
train,270665$_$20,vision,1.0
train,270665$_$22,text,1.0
train,270665$_$22,audio,1.0
train,270665$_$22,vision,1.0
train,270665$_$0,text,1.0
train,270665$_$0,audio,1.0
train,270665$_$0,vision,1.0
train,270665$_$6,text,1.0
train,270665$_$6,audio,1.0
train,270665$_$6,vision,1.0
train,270665$_$9,text,1.0
train,270665$_$9,audio,1.0
train,270665$_$9,vision,1.0
train,270665$_$13,text,1.0
train,270665$_$13,audio,1.0
train,270665$_$13,vision,1.0
train,270956$_$3,text,1.0
train,270956$_$3,audio,1.0
train,270956$_$3,vision,1.0
train,270956$_$9,text,1.0
train,270956$_$9,audio,1.0
train,270956$_$9,vision,1.0
train,270956$_$8,text,1.0
train,270956$_$8,audio,1.0
train,270956$_$8,vision,1.0
train,271366$_$26,text,1.0
train,271366$_$26,audio,1.0
train,271366$_$26,vision,1.0
train,271366$_$21,text,1.0
train,271366$_$21,audio,1.0
train,271366$_$21,vision,1.0
train,271366$_$41,text,1.0
train,271366$_$41,audio,1.0
train,271366$_$41,vision,0.14285714285714285
train,271366$_$3,text,1.0
train,271366$_$3,audio,1.0
train,271366$_$3,vision,1.0
train,271366$_$5,text,1.0
train,271366$_$5,audio,1.0
train,271366$_$5,vision,0.9285714285714286
train,271366$_$7,text,1.0
train,271366$_$7,audio,1.0
train,271366$_$7,vision,1.0
train,271366$_$38,text,1.0
train,271366$_$38,audio,1.0
train,271366$_$38,vision,0.65
train,271366$_$13,text,1.0
train,271366$_$13,audio,1.0
train,271366$_$13,vision,1.0
train,271366$_$17,text,1.0
train,271366$_$17,audio,1.0
train,271366$_$17,vision,1.0
train,271366$_$35,text,1.0
train,271366$_$35,audio,1.0
train,271366$_$35,vision,1.0
train,271366$_$34,text,1.0
train,271366$_$34,audio,1.0
train,271366$_$34,vision,1.0
train,271594$_$24,text,1.0
train,271594$_$24,audio,1.0
train,271594$_$24,vision,1.0
train,271594$_$23,text,1.0
train,271594$_$23,audio,1.0
train,271594$_$23,vision,1.0
train,271594$_$37,text,1.0
train,271594$_$37,audio,1.0
train,271594$_$37,vision,1.0
train,271594$_$34,text,1.0
train,271594$_$34,audio,1.0
train,271594$_$34,vision,1.0
train,271598$_$28,text,1.0
train,271598$_$28,audio,1.0
train,271598$_$28,vision,1.0
train,271598$_$10,text,1.0
train,271598$_$10,audio,1.0
train,271598$_$10,vision,1.0
train,271598$_$13,text,1.0
train,271598$_$13,audio,1.0
train,271598$_$13,vision,1.0
train,271598$_$17,text,1.0
train,271598$_$17,audio,1.0
train,271598$_$17,vision,1.0
train,271598$_$16,text,1.0
train,271598$_$16,audio,1.0
train,271598$_$16,vision,1.0
train,272375$_$11,text,1.0
train,272375$_$11,audio,1.0
train,272375$_$11,vision,1.0
train,272375$_$18,text,1.0
train,272375$_$18,audio,1.0
train,272375$_$18,vision,1.0
train,272375$_$0,text,1.0
train,272375$_$0,audio,1.0
train,272375$_$0,vision,1.0
train,273171$_$15,text,1.0
train,273171$_$15,audio,1.0
train,273171$_$15,vision,1.0
train,273171$_$1,text,1.0
train,273171$_$1,audio,1.0
train,273171$_$1,vision,1.0
train,273237$_$23,text,1.0
train,273237$_$23,audio,1.0
train,273237$_$23,vision,1.0
train,273237$_$1,text,1.0
train,273237$_$1,audio,1.0
train,273237$_$1,vision,0.6153846153846154
train,273237$_$3,text,1.0
train,273237$_$3,audio,1.0
train,273237$_$3,vision,1.0
train,273237$_$11,text,1.0
train,273237$_$11,audio,1.0
train,273237$_$11,vision,1.0
train,273237$_$13,text,1.0
train,273237$_$13,audio,1.0
train,273237$_$13,vision,1.0
train,273237$_$12,text,1.0
train,273237$_$12,audio,1.0
train,273237$_$12,vision,1.0
train,273237$_$14,text,1.0
train,273237$_$14,audio,1.0
train,273237$_$14,vision,1.0
train,273237$_$17,text,1.0
train,273237$_$17,audio,1.0
train,273237$_$17,vision,1.0
train,273314$_$1,text,1.0
train,273314$_$1,audio,1.0
train,273314$_$1,vision,1.0
train,273314$_$4,text,1.0
train,273314$_$4,audio,1.0
train,273314$_$4,vision,1.0
train,273531$_$2,text,1.0
train,273531$_$2,audio,1.0
train,273531$_$2,vision,1.0
train,273531$_$7,text,1.0
train,273531$_$7,audio,1.0
train,273531$_$7,vision,1.0
train,273531$_$10,text,1.0
train,273531$_$10,audio,1.0
train,273531$_$10,vision,1.0
train,273531$_$19,text,1.0
train,273531$_$19,audio,1.0
train,273531$_$19,vision,1.0
train,274219$_$11,text,1.0
train,274219$_$11,audio,1.0
train,274219$_$11,vision,1.0
train,274219$_$3,text,1.0
train,274219$_$3,audio,1.0
train,274219$_$3,vision,1.0
train,274219$_$2,text,1.0
train,274219$_$2,audio,1.0
train,274219$_$2,vision,1.0
train,274219$_$4,text,1.0
train,274219$_$4,audio,1.0
train,274219$_$4,vision,1.0
train,275248$_$0,text,1.0
train,275248$_$0,audio,1.0
train,275248$_$0,vision,1.0
train,275620$_$3,text,1.0
train,275620$_$3,audio,1.0
train,275620$_$3,vision,0.8
train,275620$_$4,text,1.0
train,275620$_$4,audio,1.0
train,275620$_$4,vision,1.0
train,275620$_$12,text,1.0
train,275620$_$12,audio,1.0
train,275620$_$12,vision,0.0
train,275620$_$19,text,1.0
train,275620$_$19,audio,1.0
train,275620$_$19,vision,0.7692307692307693
train,276217$_$24,text,1.0
train,276217$_$24,audio,1.0
train,276217$_$24,vision,1.0
train,276217$_$22,text,1.0
train,276217$_$22,audio,1.0
train,276217$_$22,vision,1.0
train,276217$_$6,text,1.0
train,276217$_$6,audio,1.0
train,276217$_$6,vision,1.0
train,276217$_$9,text,1.0
train,276217$_$9,audio,1.0
train,276217$_$9,vision,1.0
train,276217$_$38,text,1.0
train,276217$_$38,audio,1.0
train,276217$_$38,vision,1.0
train,276217$_$12,text,1.0
train,276217$_$12,audio,1.0
train,276217$_$12,vision,1.0
train,276217$_$32,text,1.0
train,276217$_$32,audio,1.0
train,276217$_$32,vision,1.0
train,276217$_$36,text,1.0
train,276217$_$36,audio,1.0
train,276217$_$36,vision,1.0
train,276217$_$19,text,1.0
train,276217$_$19,audio,1.0
train,276217$_$19,vision,1.0
train,276217$_$18,text,1.0
train,276217$_$18,audio,1.0
train,276217$_$18,vision,1.0
train,27798$_$11,text,1.0
train,27798$_$11,audio,1.0
train,27798$_$11,vision,1.0
train,27798$_$12,text,1.0
train,27798$_$12,audio,1.0
train,27798$_$12,vision,1.0
train,27798$_$15,text,1.0
train,27798$_$15,audio,1.0
train,27798$_$15,vision,1.0
train,27798$_$5,text,1.0
train,27798$_$5,audio,1.0
train,27798$_$5,vision,1.0
train,278474$_$3,text,1.0
train,278474$_$3,audio,1.0
train,278474$_$3,vision,0.5833333333333334
train,278474$_$4,text,1.0
train,278474$_$4,audio,1.0
train,278474$_$4,vision,1.0
train,27ubp7CLLKQ$_$14,text,1.0
train,27ubp7CLLKQ$_$14,audio,1.0
train,27ubp7CLLKQ$_$14,vision,0.8888888888888888
train,282560$_$15,text,1.0
train,282560$_$15,audio,1.0
train,282560$_$15,vision,1.0
train,282560$_$1,text,1.0
train,282560$_$1,audio,1.0
train,282560$_$1,vision,1.0
train,282560$_$3,text,1.0
train,282560$_$3,audio,1.0
train,282560$_$3,vision,1.0
train,282560$_$5,text,1.0
train,282560$_$5,audio,1.0
train,282560$_$5,vision,1.0
train,282560$_$4,text,1.0
train,282560$_$4,audio,1.0
train,282560$_$4,vision,1.0
train,282560$_$7,text,1.0
train,282560$_$7,audio,1.0
train,282560$_$7,vision,1.0
train,282560$_$6,text,1.0
train,282560$_$6,audio,1.0
train,282560$_$6,vision,1.0
train,282560$_$9,text,1.0
train,282560$_$9,audio,1.0
train,282560$_$9,vision,1.0
train,282586$_$25,text,1.0
train,282586$_$25,audio,1.0
train,282586$_$25,vision,1.0
train,282586$_$22,text,1.0
train,282586$_$22,audio,1.0
train,282586$_$22,vision,1.0
train,282586$_$3,text,1.0
train,282586$_$3,audio,1.0
train,282586$_$3,vision,1.0
train,282586$_$4,text,1.0
train,282586$_$4,audio,1.0
train,282586$_$4,vision,1.0
train,282586$_$12,text,1.0
train,282586$_$12,audio,1.0
train,282586$_$12,vision,1.0
train,282586$_$16,text,1.0
train,282586$_$16,audio,1.0
train,282586$_$16,vision,1.0
train,283495$_$7,text,1.0
train,283495$_$7,audio,1.0
train,283495$_$7,vision,1.0
train,284673$_$14,text,1.0
train,284673$_$14,audio,1.0
train,284673$_$14,vision,1.0
train,284673$_$18,text,1.0
train,284673$_$18,audio,1.0
train,284673$_$18,vision,1.0
train,284673$_$5,text,1.0
train,284673$_$5,audio,1.0
train,284673$_$5,vision,1.0
train,284673$_$8,text,1.0
train,284673$_$8,audio,1.0
train,284673$_$8,vision,1.0
train,288714$_$15,text,1.0
train,288714$_$15,audio,1.0
train,288714$_$15,vision,0.8181818181818182
train,288714$_$17,text,1.0
train,288714$_$17,audio,1.0
train,288714$_$17,vision,1.0
train,288714$_$5,text,1.0
train,288714$_$5,audio,1.0
train,288714$_$5,vision,1.0
train,288714$_$8,text,1.0
train,288714$_$8,audio,1.0
train,288714$_$8,vision,1.0
train,288766$_$21,text,1.0
train,288766$_$21,audio,1.0
train,288766$_$21,vision,1.0
train,288766$_$2,text,1.0
train,288766$_$2,audio,1.0
train,288766$_$2,vision,1.0
train,288766$_$7,text,1.0
train,288766$_$7,audio,1.0
train,288766$_$7,vision,1.0
train,288766$_$17,text,1.0
train,288766$_$17,audio,1.0
train,288766$_$17,vision,1.0
train,290088$_$4,text,1.0
train,290088$_$4,audio,1.0
train,290088$_$4,vision,1.0
train,29044$_$12,text,1.0
train,29044$_$12,audio,1.0
train,29044$_$12,vision,1.0
train,29044$_$3,text,1.0
train,29044$_$3,audio,1.0
train,29044$_$3,vision,1.0
train,29044$_$2,text,1.0
train,29044$_$2,audio,1.0
train,29044$_$2,vision,0.5384615384615384
train,29044$_$4,text,1.0
train,29044$_$4,audio,1.0
train,29044$_$4,vision,1.0
train,291121$_$7,text,1.0
train,291121$_$7,audio,1.0
train,291121$_$7,vision,1.0
train,292277$_$10,text,1.0
train,292277$_$10,audio,1.0
train,292277$_$10,vision,1.0
train,292277$_$2,text,1.0
train,292277$_$2,audio,1.0
train,292277$_$2,vision,1.0
train,292277$_$5,text,1.0
train,292277$_$5,audio,1.0
train,292277$_$5,vision,1.0
train,292277$_$4,text,1.0
train,292277$_$4,audio,1.0
train,292277$_$4,vision,1.0
train,294178$_$11,text,1.0
train,294178$_$11,audio,1.0
train,294178$_$11,vision,1.0
train,294178$_$14,text,1.0
train,294178$_$14,audio,1.0
train,294178$_$14,vision,1.0
train,294178$_$1,text,1.0
train,294178$_$1,audio,1.0
train,294178$_$1,vision,1.0
train,294178$_$0,text,1.0
train,294178$_$0,audio,1.0
train,294178$_$0,vision,1.0
train,294178$_$3,text,1.0
train,294178$_$3,audio,1.0
train,294178$_$3,vision,1.0
train,294178$_$7,text,1.0
train,294178$_$7,audio,1.0
train,294178$_$7,vision,1.0
train,295793$_$14,text,1.0
train,295793$_$14,audio,1.0
train,295793$_$14,vision,1.0
train,295793$_$3,text,1.0
train,295793$_$3,audio,1.0
train,295793$_$3,vision,0.84
train,295793$_$9,text,1.0
train,295793$_$9,audio,1.0
train,295793$_$9,vision,1.0
train,298736$_$26,text,1.0
train,298736$_$26,audio,1.0
train,298736$_$26,vision,1.0
train,298736$_$22,text,1.0
train,298736$_$22,audio,1.0
train,298736$_$22,vision,1.0
train,298736$_$28,text,1.0
train,298736$_$28,audio,1.0
train,298736$_$28,vision,1.0
train,298736$_$0,text,1.0
train,298736$_$0,audio,1.0
train,298736$_$0,vision,1.0
train,298736$_$7,text,1.0
train,298736$_$7,audio,1.0
train,298736$_$7,vision,1.0
train,298736$_$17,text,1.0
train,298736$_$17,audio,1.0
train,298736$_$17,vision,1.0
train,298736$_$16,text,1.0
train,298736$_$16,audio,1.0
train,298736$_$16,vision,1.0
train,298736$_$32,text,1.0
train,298736$_$32,audio,1.0
train,298736$_$32,vision,1.0
train,298774$_$12,text,1.0
train,298774$_$12,audio,1.0
train,298774$_$12,vision,1.0
train,298774$_$15,text,1.0
train,298774$_$15,audio,1.0
train,298774$_$15,vision,1.0
train,298774$_$17,text,1.0
train,298774$_$17,audio,1.0
train,298774$_$17,vision,1.0
train,298774$_$1,text,1.0
train,298774$_$1,audio,1.0
train,298774$_$1,vision,1.0
train,298774$_$4,text,1.0
train,298774$_$4,audio,1.0
train,298774$_$4,vision,0.6923076923076923
train,2Crezdbre6I$_$10,text,1.0
train,2Crezdbre6I$_$10,audio,1.0
train,2Crezdbre6I$_$10,vision,1.0
train,2HmBM3GGTlg$_$2,text,1.0
train,2HmBM3GGTlg$_$2,audio,1.0
train,2HmBM3GGTlg$_$2,vision,0.0
train,2HmBM3GGTlg$_$5,text,1.0
train,2HmBM3GGTlg$_$5,audio,1.0
train,2HmBM3GGTlg$_$5,vision,1.0
train,2HmBM3GGTlg$_$7,text,1.0
train,2HmBM3GGTlg$_$7,audio,1.0
train,2HmBM3GGTlg$_$7,vision,1.0
train,2JY5HXBWO84$_$20,text,1.0
train,2JY5HXBWO84$_$20,audio,1.0
train,2JY5HXBWO84$_$20,vision,1.0
train,2JY5HXBWO84$_$14,text,1.0
train,2JY5HXBWO84$_$14,audio,1.0
train,2JY5HXBWO84$_$14,vision,1.0
train,2LpVvLemgvw$_$5,text,1.0
train,2LpVvLemgvw$_$5,audio,1.0
train,2LpVvLemgvw$_$5,vision,1.0
train,2PgJok07td4$_$3,text,1.0
train,2PgJok07td4$_$3,audio,1.0
train,2PgJok07td4$_$3,vision,1.0
train,2RDubrUjI-k$_$8,text,1.0
train,2RDubrUjI-k$_$8,audio,1.0
train,2RDubrUjI-k$_$8,vision,1.0
train,2RDubrUjI-k$_$4,text,1.0
train,2RDubrUjI-k$_$4,audio,1.0
train,2RDubrUjI-k$_$4,vision,1.0
train,2YwgSmmLibs$_$6,text,1.0
train,2YwgSmmLibs$_$6,audio,1.0
train,2YwgSmmLibs$_$6,vision,0.9791666666666666
train,2ahFSMFvs_c$_$0,text,1.0
train,2ahFSMFvs_c$_$0,audio,1.0
train,2ahFSMFvs_c$_$0,vision,1.0
train,2c2fhh_Dsoo$_$4,text,1.0
train,2c2fhh_Dsoo$_$4,audio,1.0
train,2c2fhh_Dsoo$_$4,vision,1.0
train,2c6Gb73nx4E$_$2,text,1.0
train,2c6Gb73nx4E$_$2,audio,1.0
train,2c6Gb73nx4E$_$2,vision,1.0
train,2cwNG0YuwtQ$_$23,text,1.0
train,2cwNG0YuwtQ$_$23,audio,1.0
train,2cwNG0YuwtQ$_$23,vision,1.0
train,2cwNG0YuwtQ$_$1,text,1.0
train,2cwNG0YuwtQ$_$1,audio,1.0
train,2cwNG0YuwtQ$_$1,vision,1.0
train,2cwNG0YuwtQ$_$15,text,1.0
train,2cwNG0YuwtQ$_$15,audio,1.0
train,2cwNG0YuwtQ$_$15,vision,1.0
train,2f6ZHqJ76EU$_$8,text,1.0
train,2f6ZHqJ76EU$_$8,audio,1.0
train,2f6ZHqJ76EU$_$8,vision,1.0
train,2h9VVQUZjK0$_$12,text,1.0
train,2h9VVQUZjK0$_$12,audio,1.0
train,2h9VVQUZjK0$_$12,vision,1.0
train,2h9VVQUZjK0$_$8,text,1.0
train,2h9VVQUZjK0$_$8,audio,1.0
train,2h9VVQUZjK0$_$8,vision,1.0
train,2lj0BaPsJpM$_$7,text,1.0
train,2lj0BaPsJpM$_$7,audio,1.0
train,2lj0BaPsJpM$_$7,vision,1.0
train,2mWPHvbKzL8$_$10,text,1.0
train,2mWPHvbKzL8$_$10,audio,1.0
train,2mWPHvbKzL8$_$10,vision,1.0
train,2mWPHvbKzL8$_$15,text,1.0
train,2mWPHvbKzL8$_$15,audio,1.0
train,2mWPHvbKzL8$_$15,vision,1.0
train,2mWPHvbKzL8$_$19,text,1.0
train,2mWPHvbKzL8$_$19,audio,1.0
train,2mWPHvbKzL8$_$19,vision,1.0
train,2mWPHvbKzL8$_$3,text,1.0
train,2mWPHvbKzL8$_$3,audio,1.0
train,2mWPHvbKzL8$_$3,vision,1.0
train,2mWPHvbKzL8$_$2,text,1.0
train,2mWPHvbKzL8$_$2,audio,1.0
train,2mWPHvbKzL8$_$2,vision,1.0
train,2mWPHvbKzL8$_$4,text,1.0
train,2mWPHvbKzL8$_$4,audio,1.0
train,2mWPHvbKzL8$_$4,vision,1.0
train,2mWPHvbKzL8$_$6,text,1.0
train,2mWPHvbKzL8$_$6,audio,1.0
train,2mWPHvbKzL8$_$6,vision,1.0
train,2qKajMu7Vhc$_$2,text,1.0
train,2qKajMu7Vhc$_$2,audio,1.0
train,2qKajMu7Vhc$_$2,vision,1.0
train,2qKajMu7Vhc$_$4,text,1.0
train,2qKajMu7Vhc$_$4,audio,1.0
train,2qKajMu7Vhc$_$4,vision,1.0
train,2vX-ZRQQDwo$_$3,text,1.0
train,2vX-ZRQQDwo$_$3,audio,1.0
train,2vX-ZRQQDwo$_$3,vision,0.8888888888888888
train,2vX-ZRQQDwo$_$4,text,1.0
train,2vX-ZRQQDwo$_$4,audio,1.0
train,2vX-ZRQQDwo$_$4,vision,0.6666666666666666
train,2w7rpDe-HoA$_$1,text,1.0
train,2w7rpDe-HoA$_$1,audio,1.0
train,2w7rpDe-HoA$_$1,vision,1.0
train,2w7rpDe-HoA$_$3,text,1.0
train,2w7rpDe-HoA$_$3,audio,1.0
train,2w7rpDe-HoA$_$3,vision,1.0
train,2w7rpDe-HoA$_$5,text,1.0
train,2w7rpDe-HoA$_$5,audio,1.0
train,2w7rpDe-HoA$_$5,vision,1.0
train,2w7rpDe-HoA$_$7,text,1.0
train,2w7rpDe-HoA$_$7,audio,1.0
train,2w7rpDe-HoA$_$7,vision,1.0
train,30763$_$13,text,1.0
train,30763$_$13,audio,1.0
train,30763$_$13,vision,1.0
train,30763$_$15,text,1.0
train,30763$_$15,audio,1.0
train,30763$_$15,vision,1.0
train,30763$_$0,text,1.0
train,30763$_$0,audio,1.0
train,30763$_$0,vision,1.0
train,31197$_$3,text,1.0
train,31197$_$3,audio,1.0
train,31197$_$3,vision,1.0
train,31tcuDMQ_H8$_$11,text,1.0
train,31tcuDMQ_H8$_$11,audio,1.0
train,31tcuDMQ_H8$_$11,vision,1.0
train,31tcuDMQ_H8$_$1,text,1.0
train,31tcuDMQ_H8$_$1,audio,1.0
train,31tcuDMQ_H8$_$1,vision,1.0
train,327283$_$3,text,1.0
train,327283$_$3,audio,1.0
train,327283$_$3,vision,1.0
train,327283$_$2,text,1.0
train,327283$_$2,audio,1.0
train,327283$_$2,vision,1.0
train,327283$_$6,text,1.0
train,327283$_$6,audio,1.0
train,327283$_$6,vision,1.0
train,33312$_$0,text,1.0
train,33312$_$0,audio,1.0
train,33312$_$0,vision,1.0
train,33312$_$7,text,1.0
train,33312$_$7,audio,1.0
train,33312$_$7,vision,1.0
train,33312$_$6,text,1.0
train,33312$_$6,audio,1.0
train,33312$_$6,vision,1.0
train,33312$_$8,text,1.0
train,33312$_$8,audio,1.0
train,33312$_$8,vision,1.0
train,33439$_$10,text,1.0
train,33439$_$10,audio,1.0
train,33439$_$10,vision,1.0
train,33439$_$0,text,1.0
train,33439$_$0,audio,1.0
train,33439$_$0,vision,0.0
train,33439$_$3,text,1.0
train,33439$_$3,audio,1.0
train,33439$_$3,vision,1.0
train,33439$_$2,text,1.0
train,33439$_$2,audio,1.0
train,33439$_$2,vision,1.0
train,33439$_$9,text,1.0
train,33439$_$9,audio,1.0
train,33439$_$9,vision,1.0
train,33ueXDUn3mA$_$11,text,1.0
train,33ueXDUn3mA$_$11,audio,1.0
train,33ueXDUn3mA$_$11,vision,1.0
train,33ueXDUn3mA$_$1,text,1.0
train,33ueXDUn3mA$_$1,audio,1.0
train,33ueXDUn3mA$_$1,vision,1.0
train,34-ogj6rh6w$_$0,text,1.0
train,34-ogj6rh6w$_$0,audio,1.0
train,34-ogj6rh6w$_$0,vision,0.041666666666666664
train,34-ogj6rh6w$_$2,text,1.0
train,34-ogj6rh6w$_$2,audio,1.0
train,34-ogj6rh6w$_$2,vision,1.0
train,34-ogj6rh6w$_$7,text,1.0
train,34-ogj6rh6w$_$7,audio,1.0
train,34-ogj6rh6w$_$7,vision,0.56
train,34-ogj6rh6w$_$8,text,1.0
train,34-ogj6rh6w$_$8,audio,1.0
train,34-ogj6rh6w$_$8,vision,1.0
train,34346$_$11,text,1.0
train,34346$_$11,audio,1.0
train,34346$_$11,vision,1.0
train,34346$_$14,text,1.0
train,34346$_$14,audio,1.0
train,34346$_$14,vision,1.0
train,34346$_$1,text,1.0
train,34346$_$1,audio,1.0
train,34346$_$1,vision,1.0
train,34346$_$0,text,1.0
train,34346$_$0,audio,1.0
train,34346$_$0,vision,1.0
train,34346$_$7,text,1.0
train,34346$_$7,audio,1.0
train,34346$_$7,vision,1.0
train,36098$_$1,text,1.0
train,36098$_$1,audio,1.0
train,36098$_$1,vision,1.0
train,36098$_$2,text,1.0
train,36098$_$2,audio,1.0
train,36098$_$2,vision,1.0
train,367506$_$10,text,1.0
train,367506$_$10,audio,1.0
train,367506$_$10,vision,1.0
train,367506$_$13,text,1.0
train,367506$_$13,audio,1.0
train,367506$_$13,vision,1.0
train,367506$_$15,text,1.0
train,367506$_$15,audio,1.0
train,367506$_$15,vision,1.0
train,367506$_$14,text,1.0
train,367506$_$14,audio,1.0
train,367506$_$14,vision,1.0
train,367506$_$1,text,1.0
train,367506$_$1,audio,1.0
train,367506$_$1,vision,1.0
train,367506$_$5,text,1.0
train,367506$_$5,audio,1.0
train,367506$_$5,vision,0.6097560975609756
train,367576$_$2,text,1.0
train,367576$_$2,audio,1.0
train,367576$_$2,vision,1.0
train,367576$_$4,text,1.0
train,367576$_$4,audio,1.0
train,367576$_$4,vision,1.0
train,367576$_$9,text,1.0
train,367576$_$9,audio,1.0
train,367576$_$9,vision,1.0
train,36o2cux9kfQ$_$13,text,1.0
train,36o2cux9kfQ$_$13,audio,1.0
train,36o2cux9kfQ$_$13,vision,1.0
train,37117$_$1,text,1.0
train,37117$_$1,audio,1.0
train,37117$_$1,vision,1.0
train,37117$_$4,text,1.0
train,37117$_$4,audio,1.0
train,37117$_$4,vision,1.0
train,37117$_$6,text,1.0
train,37117$_$6,audio,1.0
train,37117$_$6,vision,1.0
train,37117$_$9,text,1.0
train,37117$_$9,audio,1.0
train,37117$_$9,vision,1.0
train,37117$_$8,text,1.0
train,37117$_$8,audio,1.0
train,37117$_$8,vision,1.0
train,37459$_$3,text,1.0
train,37459$_$3,audio,1.0
train,37459$_$3,vision,1.0
train,37459$_$2,text,1.0
train,37459$_$2,audio,1.0
train,37459$_$2,vision,1.0
train,37459$_$6,text,1.0
train,37459$_$6,audio,1.0
train,37459$_$6,vision,1.0
train,38019$_$0,text,1.0
train,38019$_$0,audio,1.0
train,38019$_$0,vision,0.9354838709677419
train,38374$_$3,text,1.0
train,38374$_$3,audio,1.0
train,38374$_$3,vision,1.0
train,38374$_$7,text,1.0
train,38374$_$7,audio,1.0
train,38374$_$7,vision,1.0
train,38374$_$9,text,1.0
train,38374$_$9,audio,1.0
train,38374$_$9,vision,1.0
train,39lcRCFvV-s$_$21,text,1.0
train,39lcRCFvV-s$_$21,audio,1.0
train,39lcRCFvV-s$_$21,vision,1.0
train,39lcRCFvV-s$_$22,text,1.0
train,39lcRCFvV-s$_$22,audio,1.0
train,39lcRCFvV-s$_$22,vision,1.0
train,39lcRCFvV-s$_$46,text,1.0
train,39lcRCFvV-s$_$46,audio,1.0
train,39lcRCFvV-s$_$46,vision,1.0
train,39lcRCFvV-s$_$39,text,1.0
train,39lcRCFvV-s$_$39,audio,1.0
train,39lcRCFvV-s$_$39,vision,1.0
train,39lcRCFvV-s$_$13,text,1.0
train,39lcRCFvV-s$_$13,audio,1.0
train,39lcRCFvV-s$_$13,vision,1.0
train,39lcRCFvV-s$_$12,text,1.0
train,39lcRCFvV-s$_$12,audio,1.0
train,39lcRCFvV-s$_$12,vision,1.0
train,39lcRCFvV-s$_$19,text,1.0
train,39lcRCFvV-s$_$19,audio,1.0
train,39lcRCFvV-s$_$19,vision,1.0
train,39lcRCFvV-s$_$18,text,1.0
train,39lcRCFvV-s$_$18,audio,1.0
train,39lcRCFvV-s$_$18,vision,1.0
train,39lcRCFvV-s$_$30,text,1.0
train,39lcRCFvV-s$_$30,audio,1.0
train,39lcRCFvV-s$_$30,vision,1.0
train,3B1zIUj-k3o$_$10,text,1.0
train,3B1zIUj-k3o$_$10,audio,1.0
train,3B1zIUj-k3o$_$10,vision,1.0
train,3DOrdP4H8SA$_$13,text,1.0
train,3DOrdP4H8SA$_$13,audio,1.0
train,3DOrdP4H8SA$_$13,vision,1.0
train,3DOrdP4H8SA$_$3,text,1.0
train,3DOrdP4H8SA$_$3,audio,1.0
train,3DOrdP4H8SA$_$3,vision,1.0
train,3DgOMTs3A1E$_$24,text,1.0
train,3DgOMTs3A1E$_$24,audio,1.0
train,3DgOMTs3A1E$_$24,vision,1.0
train,3DgOMTs3A1E$_$22,text,1.0
train,3DgOMTs3A1E$_$22,audio,1.0
train,3DgOMTs3A1E$_$22,vision,1.0
train,3DgOMTs3A1E$_$23,text,1.0
train,3DgOMTs3A1E$_$23,audio,1.0
train,3DgOMTs3A1E$_$23,vision,1.0
train,3DgOMTs3A1E$_$1,text,1.0
train,3DgOMTs3A1E$_$1,audio,1.0
train,3DgOMTs3A1E$_$1,vision,1.0
train,3DgOMTs3A1E$_$7,text,1.0
train,3DgOMTs3A1E$_$7,audio,1.0
train,3DgOMTs3A1E$_$7,vision,1.0
train,3DgOMTs3A1E$_$17,text,1.0
train,3DgOMTs3A1E$_$17,audio,1.0
train,3DgOMTs3A1E$_$17,vision,1.0
train,3FpmKxZgihw$_$0,text,1.0
train,3FpmKxZgihw$_$0,audio,1.0
train,3FpmKxZgihw$_$0,vision,1.0
train,3GyEnzE1NTQ$_$14,text,1.0
train,3GyEnzE1NTQ$_$14,audio,1.0
train,3GyEnzE1NTQ$_$14,vision,1.0
train,3GyEnzE1NTQ$_$3,text,1.0
train,3GyEnzE1NTQ$_$3,audio,1.0
train,3GyEnzE1NTQ$_$3,vision,1.0
train,3GyEnzE1NTQ$_$4,text,1.0
train,3GyEnzE1NTQ$_$4,audio,1.0
train,3GyEnzE1NTQ$_$4,vision,1.0
train,3OMgvtWNHp4$_$10,text,1.0
train,3OMgvtWNHp4$_$10,audio,1.0
train,3OMgvtWNHp4$_$10,vision,0.0
train,3OuNMjZo5wg$_$13,text,1.0
train,3OuNMjZo5wg$_$13,audio,1.0
train,3OuNMjZo5wg$_$13,vision,1.0
train,3VsrcbjPwZY$_$0,text,1.0
train,3VsrcbjPwZY$_$0,audio,1.0
train,3VsrcbjPwZY$_$0,vision,1.0
train,3VsrcbjPwZY$_$7,text,1.0
train,3VsrcbjPwZY$_$7,audio,1.0
train,3VsrcbjPwZY$_$7,vision,1.0
train,3Wi0if_L6Ug$_$13,text,1.0
train,3Wi0if_L6Ug$_$13,audio,1.0
train,3Wi0if_L6Ug$_$13,vision,1.0
train,3Wi0if_L6Ug$_$12,text,1.0
train,3Wi0if_L6Ug$_$12,audio,1.0
train,3Wi0if_L6Ug$_$12,vision,1.0
train,3Wi0if_L6Ug$_$17,text,1.0
train,3Wi0if_L6Ug$_$17,audio,1.0
train,3Wi0if_L6Ug$_$17,vision,1.0
train,3Wi0if_L6Ug$_$4,text,1.0
train,3Wi0if_L6Ug$_$4,audio,1.0
train,3Wi0if_L6Ug$_$4,vision,1.0
train,3Wi0if_L6Ug$_$9,text,1.0
train,3Wi0if_L6Ug$_$9,audio,1.0
train,3Wi0if_L6Ug$_$9,vision,1.0
train,3aD0xAgxxyw$_$11,text,1.0
train,3aD0xAgxxyw$_$11,audio,1.0
train,3aD0xAgxxyw$_$11,vision,1.0
train,3aD0xAgxxyw$_$0,text,1.0
train,3aD0xAgxxyw$_$0,audio,1.0
train,3aD0xAgxxyw$_$0,vision,1.0
train,3aIQUQgawaI$_$12,text,1.0
train,3aIQUQgawaI$_$12,audio,0.34615384615384615
train,3aIQUQgawaI$_$12,vision,0.2692307692307692
train,3aIQUQgawaI$_$19,text,1.0
train,3aIQUQgawaI$_$19,audio,0.6538461538461539
train,3aIQUQgawaI$_$19,vision,0.34615384615384615
train,3aIQUQgawaI$_$5,text,1.0
train,3aIQUQgawaI$_$5,audio,1.0
train,3aIQUQgawaI$_$5,vision,0.8372093023255814
train,3aIQUQgawaI$_$4,text,1.0
train,3aIQUQgawaI$_$4,audio,1.0
train,3aIQUQgawaI$_$4,vision,1.0
train,3aIQUQgawaI$_$7,text,1.0
train,3aIQUQgawaI$_$7,audio,1.0
train,3aIQUQgawaI$_$7,vision,1.0
train,3fhCxePBuZY$_$10,text,1.0
train,3fhCxePBuZY$_$10,audio,1.0
train,3fhCxePBuZY$_$10,vision,1.0
train,3fhCxePBuZY$_$4,text,1.0
train,3fhCxePBuZY$_$4,audio,1.0
train,3fhCxePBuZY$_$4,vision,1.0
train,3gA34VxBijI$_$1,text,1.0
train,3gA34VxBijI$_$1,audio,1.0
train,3gA34VxBijI$_$1,vision,0.0
train,3kNPvhdF1NA$_$0,text,1.0
train,3kNPvhdF1NA$_$0,audio,1.0
train,3kNPvhdF1NA$_$0,vision,1.0
train,3lkn8MS3n8Q$_$27,text,1.0
train,3lkn8MS3n8Q$_$27,audio,1.0
train,3lkn8MS3n8Q$_$27,vision,1.0
train,3lkn8MS3n8Q$_$6,text,1.0
train,3lkn8MS3n8Q$_$6,audio,1.0
train,3lkn8MS3n8Q$_$6,vision,1.0
train,3n44IP3tCVE$_$13,text,1.0
train,3n44IP3tCVE$_$13,audio,1.0
train,3n44IP3tCVE$_$13,vision,1.0
train,3n44IP3tCVE$_$0,text,1.0
train,3n44IP3tCVE$_$0,audio,1.0
train,3n44IP3tCVE$_$0,vision,1.0
train,3n44IP3tCVE$_$5,text,1.0
train,3n44IP3tCVE$_$5,audio,1.0
train,3n44IP3tCVE$_$5,vision,1.0
train,3n44IP3tCVE$_$6,text,1.0
train,3n44IP3tCVE$_$6,audio,1.0
train,3n44IP3tCVE$_$6,vision,1.0
train,3ocpWAmSNUE$_$5,text,1.0
train,3ocpWAmSNUE$_$5,audio,1.0
train,3ocpWAmSNUE$_$5,vision,1.0
train,3ocpWAmSNUE$_$6,text,1.0
train,3ocpWAmSNUE$_$6,audio,1.0
train,3ocpWAmSNUE$_$6,vision,1.0
train,3paDwuRQP1w$_$0,text,1.0
train,3paDwuRQP1w$_$0,audio,1.0
train,3paDwuRQP1w$_$0,vision,1.0
train,3sUS8vXbRwg$_$13,text,1.0
train,3sUS8vXbRwg$_$13,audio,1.0
train,3sUS8vXbRwg$_$13,vision,1.0
train,40181$_$21,text,1.0
train,40181$_$21,audio,1.0
train,40181$_$21,vision,1.0
train,40181$_$9,text,1.0
train,40181$_$9,audio,1.0
train,40181$_$9,vision,1.0
train,40181$_$13,text,1.0
train,40181$_$13,audio,1.0
train,40181$_$13,vision,1.0
train,40181$_$19,text,1.0
train,40181$_$19,audio,1.0
train,40181$_$19,vision,1.0
train,40260$_$8,text,1.0
train,40260$_$8,audio,1.0
train,40260$_$8,vision,1.0
train,40260$_$19,text,1.0
train,40260$_$19,audio,1.0
train,40260$_$19,vision,0.9210526315789473
train,40260$_$18,text,1.0
train,40260$_$18,audio,1.0
train,40260$_$18,vision,1.0
train,41692$_$1,text,1.0
train,41692$_$1,audio,1.0
train,41692$_$1,vision,1.0
train,43371$_$6,text,1.0
train,43371$_$6,audio,1.0
train,43371$_$6,vision,1.0
train,43371$_$8,text,1.0
train,43371$_$8,audio,1.0
train,43371$_$8,vision,1.0
train,43456$_$2,text,1.0
train,43456$_$2,audio,1.0
train,43456$_$2,vision,1.0
train,43456$_$8,text,1.0
train,43456$_$8,audio,1.0
train,43456$_$8,vision,1.0
train,44780$_$1,text,1.0
train,44780$_$1,audio,1.0
train,44780$_$1,vision,0.75
train,44780$_$0,text,1.0
train,44780$_$0,audio,1.0
train,44780$_$0,vision,1.0
train,44780$_$3,text,1.0
train,44780$_$3,audio,1.0
train,44780$_$3,vision,0.9166666666666666
train,44780$_$2,text,1.0
train,44780$_$2,audio,1.0
train,44780$_$2,vision,0.0
train,44780$_$7,text,1.0
train,44780$_$7,audio,1.0
train,44780$_$7,vision,1.0
train,44780$_$6,text,1.0
train,44780$_$6,audio,1.0
train,44780$_$6,vision,0.0
train,45175$_$9,text,1.0
train,45175$_$9,audio,1.0
train,45175$_$9,vision,1.0
train,45184$_$2,text,1.0
train,45184$_$2,audio,1.0
train,45184$_$2,vision,1.0
train,45184$_$5,text,1.0
train,45184$_$5,audio,1.0
train,45184$_$5,vision,1.0
train,45186$_$3,text,1.0
train,45186$_$3,audio,1.0
train,45186$_$3,vision,1.0
train,45186$_$2,text,1.0
train,45186$_$2,audio,1.0
train,45186$_$2,vision,1.0
train,45676$_$6,text,1.0
train,45676$_$6,audio,1.0
train,45676$_$6,vision,1.0
train,45c3QQzGakM$_$5,text,1.0
train,45c3QQzGakM$_$5,audio,1.0
train,45c3QQzGakM$_$5,vision,1.0
train,46497$_$1,text,1.0
train,46497$_$1,audio,1.0
train,46497$_$1,vision,1.0
train,46497$_$3,text,1.0
train,46497$_$3,audio,1.0
train,46497$_$3,vision,0.3541666666666667
train,46604$_$3,text,1.0
train,46604$_$3,audio,1.0
train,46604$_$3,vision,1.0
train,46604$_$2,text,1.0
train,46604$_$2,audio,1.0
train,46604$_$2,vision,0.0
train,46604$_$4,text,1.0
train,46604$_$4,audio,1.0
train,46604$_$4,vision,1.0
train,46618$_$1,text,1.0
train,46618$_$1,audio,1.0
train,46618$_$1,vision,1.0
train,46618$_$0,text,1.0
train,46618$_$0,audio,1.0
train,46618$_$0,vision,1.0
train,46618$_$2,text,1.0
train,46618$_$2,audio,1.0
train,46618$_$2,vision,1.0
train,47472$_$10,text,1.0
train,47472$_$10,audio,1.0
train,47472$_$10,vision,0.2413793103448276
train,47472$_$1,text,1.0
train,47472$_$1,audio,1.0
train,47472$_$1,vision,1.0
train,47472$_$4,text,1.0
train,47472$_$4,audio,1.0
train,47472$_$4,vision,0.0
train,47472$_$6,text,1.0
train,47472$_$6,audio,1.0
train,47472$_$6,vision,1.0
train,47472$_$8,text,1.0
train,47472$_$8,audio,1.0
train,47472$_$8,vision,1.0
train,49358$_$4,text,1.0
train,49358$_$4,audio,1.0
train,49358$_$4,vision,1.0
train,49358$_$6,text,1.0
train,49358$_$6,audio,1.0
train,49358$_$6,vision,1.0
train,49358$_$9,text,1.0
train,49358$_$9,audio,1.0
train,49358$_$9,vision,1.0
train,4AQC7_uCuEE$_$27,text,1.0
train,4AQC7_uCuEE$_$27,audio,1.0
train,4AQC7_uCuEE$_$27,vision,1.0
train,4AQC7_uCuEE$_$22,text,1.0
train,4AQC7_uCuEE$_$22,audio,1.0
train,4AQC7_uCuEE$_$22,vision,1.0
train,4AQC7_uCuEE$_$23,text,1.0
train,4AQC7_uCuEE$_$23,audio,1.0
train,4AQC7_uCuEE$_$23,vision,1.0
train,4BoE-woHtwA$_$12,text,1.0
train,4BoE-woHtwA$_$12,audio,1.0
train,4BoE-woHtwA$_$12,vision,1.0
train,4BoE-woHtwA$_$1,text,1.0
train,4BoE-woHtwA$_$1,audio,1.0
train,4BoE-woHtwA$_$1,vision,1.0
train,4BoE-woHtwA$_$5,text,1.0
train,4BoE-woHtwA$_$5,audio,1.0
train,4BoE-woHtwA$_$5,vision,0.5882352941176471
train,4CKhrjuuofk$_$1,text,1.0
train,4CKhrjuuofk$_$1,audio,1.0
train,4CKhrjuuofk$_$1,vision,1.0
train,4CKhrjuuofk$_$5,text,1.0
train,4CKhrjuuofk$_$5,audio,1.0
train,4CKhrjuuofk$_$5,vision,1.0
train,4EEru3cZwXo$_$3,text,1.0
train,4EEru3cZwXo$_$3,audio,1.0
train,4EEru3cZwXo$_$3,vision,1.0
train,4GYfmpEEtl4$_$1,text,1.0
train,4GYfmpEEtl4$_$1,audio,1.0
train,4GYfmpEEtl4$_$1,vision,1.0
train,4GYfmpEEtl4$_$7,text,1.0
train,4GYfmpEEtl4$_$7,audio,1.0
train,4GYfmpEEtl4$_$7,vision,1.0
train,4GYfmpEEtl4$_$6,text,1.0
train,4GYfmpEEtl4$_$6,audio,1.0
train,4GYfmpEEtl4$_$6,vision,1.0
train,4H9RfQuqsvg$_$1,text,1.0
train,4H9RfQuqsvg$_$1,audio,1.0
train,4H9RfQuqsvg$_$1,vision,1.0
train,4H9RfQuqsvg$_$12,text,1.0
train,4H9RfQuqsvg$_$12,audio,1.0
train,4H9RfQuqsvg$_$12,vision,1.0
train,4H9RfQuqsvg$_$6,text,1.0
train,4H9RfQuqsvg$_$6,audio,1.0
train,4H9RfQuqsvg$_$6,vision,1.0
train,4HAC00EAdno$_$10,text,1.0
train,4HAC00EAdno$_$10,audio,1.0
train,4HAC00EAdno$_$10,vision,1.0
train,4HAC00EAdno$_$12,text,1.0
train,4HAC00EAdno$_$12,audio,1.0
train,4HAC00EAdno$_$12,vision,1.0
train,4HAC00EAdno$_$9,text,1.0
train,4HAC00EAdno$_$9,audio,1.0
train,4HAC00EAdno$_$9,vision,1.0
train,4Kh5N9W-Jr4$_$0,text,1.0
train,4Kh5N9W-Jr4$_$0,audio,1.0
train,4Kh5N9W-Jr4$_$0,vision,1.0
train,4Q7OkrJLzAc$_$1,text,1.0
train,4Q7OkrJLzAc$_$1,audio,1.0
train,4Q7OkrJLzAc$_$1,vision,1.0
train,4Q7OkrJLzAc$_$0,text,1.0
train,4Q7OkrJLzAc$_$0,audio,1.0
train,4Q7OkrJLzAc$_$0,vision,1.0
train,4Q95Lg3Icho$_$24,text,1.0
train,4Q95Lg3Icho$_$24,audio,1.0
train,4Q95Lg3Icho$_$24,vision,1.0
train,4Ry6M_ZfJQc$_$5,text,1.0
train,4Ry6M_ZfJQc$_$5,audio,1.0
train,4Ry6M_ZfJQc$_$5,vision,1.0
train,4VA4kqMnEqA$_$4,text,1.0
train,4VA4kqMnEqA$_$4,audio,1.0
train,4VA4kqMnEqA$_$4,vision,1.0
train,4VA4kqMnEqA$_$8,text,1.0
train,4VA4kqMnEqA$_$8,audio,1.0
train,4VA4kqMnEqA$_$8,vision,1.0
train,4hEWns7JBg0$_$25,text,1.0
train,4hEWns7JBg0$_$25,audio,1.0
train,4hEWns7JBg0$_$25,vision,1.0
train,4hEWns7JBg0$_$29,text,1.0
train,4hEWns7JBg0$_$29,audio,1.0
train,4hEWns7JBg0$_$29,vision,1.0
train,4iG0ffmnCOw$_$2,text,1.0
train,4iG0ffmnCOw$_$2,audio,1.0
train,4iG0ffmnCOw$_$2,vision,1.0
train,4iG0ffmnCOw$_$7,text,1.0
train,4iG0ffmnCOw$_$7,audio,1.0
train,4iG0ffmnCOw$_$7,vision,1.0
train,4iw1jTY-X3A$_$14,text,1.0
train,4iw1jTY-X3A$_$14,audio,1.0
train,4iw1jTY-X3A$_$14,vision,1.0
train,4iw1jTY-X3A$_$3,text,1.0
train,4iw1jTY-X3A$_$3,audio,1.0
train,4iw1jTY-X3A$_$3,vision,1.0
train,4jTUcNlxlYA$_$0,text,1.0
train,4jTUcNlxlYA$_$0,audio,1.0
train,4jTUcNlxlYA$_$0,vision,1.0
train,4jTUcNlxlYA$_$4,text,1.0
train,4jTUcNlxlYA$_$4,audio,1.0
train,4jTUcNlxlYA$_$4,vision,1.0
train,4jTUcNlxlYA$_$6,text,1.0
train,4jTUcNlxlYA$_$6,audio,1.0
train,4jTUcNlxlYA$_$6,vision,1.0
train,4jTUcNlxlYA$_$9,text,1.0
train,4jTUcNlxlYA$_$9,audio,1.0
train,4jTUcNlxlYA$_$9,vision,1.0
train,4kF0U8kIMp4$_$0,text,1.0
train,4kF0U8kIMp4$_$0,audio,1.0
train,4kF0U8kIMp4$_$0,vision,0.16666666666666666
train,4kF0U8kIMp4$_$5,text,1.0
train,4kF0U8kIMp4$_$5,audio,1.0
train,4kF0U8kIMp4$_$5,vision,1.0
train,4kF0U8kIMp4$_$4,text,1.0
train,4kF0U8kIMp4$_$4,audio,1.0
train,4kF0U8kIMp4$_$4,vision,1.0
train,4lKz4xyCmkk$_$14,text,1.0
train,4lKz4xyCmkk$_$14,audio,1.0
train,4lKz4xyCmkk$_$14,vision,1.0
train,4poXF3xo6Z8$_$13,text,1.0
train,4poXF3xo6Z8$_$13,audio,1.0
train,4poXF3xo6Z8$_$13,vision,1.0
train,4poXF3xo6Z8$_$1,text,1.0
train,4poXF3xo6Z8$_$1,audio,1.0
train,4poXF3xo6Z8$_$1,vision,1.0
train,4poXF3xo6Z8$_$0,text,1.0
train,4poXF3xo6Z8$_$0,audio,1.0
train,4poXF3xo6Z8$_$0,vision,1.0
train,4poXF3xo6Z8$_$3,text,1.0
train,4poXF3xo6Z8$_$3,audio,1.0
train,4poXF3xo6Z8$_$3,vision,1.0
train,4poXF3xo6Z8$_$6,text,1.0
train,4poXF3xo6Z8$_$6,audio,1.0
train,4poXF3xo6Z8$_$6,vision,1.0
train,4qjz4BQCZyM$_$5,text,1.0
train,4qjz4BQCZyM$_$5,audio,1.0
train,4qjz4BQCZyM$_$5,vision,1.0
train,4qoB5a6dR3w$_$1,text,1.0
train,4qoB5a6dR3w$_$1,audio,1.0
train,4qoB5a6dR3w$_$1,vision,1.0
train,4wdeBJ39Cuw$_$0,text,1.0
train,4wdeBJ39Cuw$_$0,audio,1.0
train,4wdeBJ39Cuw$_$0,vision,1.0
train,4wdeBJ39Cuw$_$5,text,1.0
train,4wdeBJ39Cuw$_$5,audio,1.0
train,4wdeBJ39Cuw$_$5,vision,1.0
train,4wuug3-5cWo$_$5,text,1.0
train,4wuug3-5cWo$_$5,audio,1.0
train,4wuug3-5cWo$_$5,vision,0.13636363636363635
train,50453$_$4,text,1.0
train,50453$_$4,audio,1.0
train,50453$_$4,vision,1.0
train,50453$_$8,text,1.0
train,50453$_$8,audio,1.0
train,50453$_$8,vision,1.0
train,51224$_$1,text,1.0
train,51224$_$1,audio,1.0
train,51224$_$1,vision,0.875
train,51224$_$9,text,1.0
train,51224$_$9,audio,1.0
train,51224$_$9,vision,1.0
train,52068$_$21,text,1.0
train,52068$_$21,audio,1.0
train,52068$_$21,vision,1.0
train,52068$_$2,text,1.0
train,52068$_$2,audio,1.0
train,52068$_$2,vision,1.0
train,52839$_$11,text,1.0
train,52839$_$11,audio,1.0
train,52839$_$11,vision,1.0
train,52839$_$13,text,1.0
train,52839$_$13,audio,1.0
train,52839$_$13,vision,1.0
train,52839$_$12,text,1.0
train,52839$_$12,audio,1.0
train,52839$_$12,vision,1.0
train,52839$_$0,text,1.0
train,52839$_$0,audio,1.0
train,52839$_$0,vision,1.0
train,52839$_$7,text,1.0
train,52839$_$7,audio,1.0
train,52839$_$7,vision,1.0
train,53742$_$1,text,1.0
train,53742$_$1,audio,1.0
train,53742$_$1,vision,1.0
train,53742$_$2,text,1.0
train,53742$_$2,audio,1.0
train,53742$_$2,vision,1.0
train,53742$_$5,text,1.0
train,53742$_$5,audio,1.0
train,53742$_$5,vision,1.0
train,55156$_$2,text,1.0
train,55156$_$2,audio,1.0
train,55156$_$2,vision,1.0
train,55156$_$8,text,1.0
train,55156$_$8,audio,1.0
train,55156$_$8,vision,0.8333333333333334
train,56006$_$4,text,1.0
train,56006$_$4,audio,1.0
train,56006$_$4,vision,1.0
train,56276$_$11,text,1.0
train,56276$_$11,audio,1.0
train,56276$_$11,vision,1.0
train,56276$_$15,text,1.0
train,56276$_$15,audio,1.0
train,56276$_$15,vision,1.0
train,56276$_$1,text,1.0
train,56276$_$1,audio,1.0
train,56276$_$1,vision,1.0
train,56276$_$4,text,1.0
train,56276$_$4,audio,1.0
train,56276$_$4,vision,1.0
train,56276$_$7,text,1.0
train,56276$_$7,audio,1.0
train,56276$_$7,vision,0.9032258064516129
train,57618$_$1,text,1.0
train,57618$_$1,audio,1.0
train,57618$_$1,vision,1.0
train,57618$_$3,text,1.0
train,57618$_$3,audio,1.0
train,57618$_$3,vision,1.0
train,59333$_$10,text,1.0
train,59333$_$10,audio,1.0
train,59333$_$10,vision,1.0
train,59333$_$19,text,1.0
train,59333$_$19,audio,1.0
train,59333$_$19,vision,1.0
train,59333$_$7,text,1.0
train,59333$_$7,audio,1.0
train,59333$_$7,vision,0.4166666666666667
train,59333$_$9,text,1.0
train,59333$_$9,audio,1.0
train,59333$_$9,vision,1.0
train,5Fs_7A_V2kA$_$9,text,1.0
train,5Fs_7A_V2kA$_$9,audio,1.0
train,5Fs_7A_V2kA$_$9,vision,1.0
train,5JMpMKAO-Mk$_$5,text,1.0
train,5JMpMKAO-Mk$_$5,audio,1.0
train,5JMpMKAO-Mk$_$5,vision,1.0
train,5R5fDxZUL8M$_$2,text,1.0
train,5R5fDxZUL8M$_$2,audio,1.0
train,5R5fDxZUL8M$_$2,vision,1.0
train,5R5fDxZUL8M$_$5,text,1.0
train,5R5fDxZUL8M$_$5,audio,1.0
train,5R5fDxZUL8M$_$5,vision,1.0
train,5Tqu1IXJjGY$_$7,text,1.0
train,5Tqu1IXJjGY$_$7,audio,1.0
train,5Tqu1IXJjGY$_$7,vision,1.0
train,5XX0csik6VQ$_$0,text,1.0
train,5XX0csik6VQ$_$0,audio,1.0
train,5XX0csik6VQ$_$0,vision,1.0
train,5YnYGjrhzF4$_$0,text,1.0
train,5YnYGjrhzF4$_$0,audio,1.0
train,5YnYGjrhzF4$_$0,vision,1.0
train,5YnYGjrhzF4$_$8,text,1.0
train,5YnYGjrhzF4$_$8,audio,1.0
train,5YnYGjrhzF4$_$8,vision,1.0
train,5eA5HpyFsIk$_$0,text,1.0
train,5eA5HpyFsIk$_$0,audio,1.0
train,5eA5HpyFsIk$_$0,vision,1.0
train,5oEuiBPUTYc$_$6,text,1.0
train,5oEuiBPUTYc$_$6,audio,1.0
train,5oEuiBPUTYc$_$6,vision,0.9411764705882353
train,5qQs9Cfydo4$_$9,text,1.0
train,5qQs9Cfydo4$_$9,audio,1.0
train,5qQs9Cfydo4$_$9,vision,1.0
train,5qxZFmIaynE$_$24,text,1.0
train,5qxZFmIaynE$_$24,audio,1.0
train,5qxZFmIaynE$_$24,vision,0.0
train,5qxZFmIaynE$_$15,text,1.0
train,5qxZFmIaynE$_$15,audio,1.0
train,5qxZFmIaynE$_$15,vision,0.7142857142857143
train,5qxZFmIaynE$_$17,text,1.0
train,5qxZFmIaynE$_$17,audio,1.0
train,5qxZFmIaynE$_$17,vision,0.0
train,5qxZFmIaynE$_$28,text,1.0
train,5qxZFmIaynE$_$28,audio,1.0
train,5qxZFmIaynE$_$28,vision,0.7222222222222222
train,5qxZFmIaynE$_$7,text,1.0
train,5qxZFmIaynE$_$7,audio,1.0
train,5qxZFmIaynE$_$7,vision,0.0
train,5qxZFmIaynE$_$9,text,1.0
train,5qxZFmIaynE$_$9,audio,1.0
train,5qxZFmIaynE$_$9,vision,0.0
train,5tV5rZZJDCE$_$7,text,1.0
train,5tV5rZZJDCE$_$7,audio,1.0
train,5tV5rZZJDCE$_$7,vision,1.0
train,5wpCKY2U1NE$_$10,text,1.0
train,5wpCKY2U1NE$_$10,audio,1.0
train,5wpCKY2U1NE$_$10,vision,1.0
train,5wpCKY2U1NE$_$5,text,1.0
train,5wpCKY2U1NE$_$5,audio,1.0
train,5wpCKY2U1NE$_$5,vision,1.0
train,60037$_$16,text,1.0
train,60037$_$16,audio,1.0
train,60037$_$16,vision,1.0
train,60037$_$1,text,1.0
train,60037$_$1,audio,1.0
train,60037$_$1,vision,1.0
train,65kkuNV921k$_$15,text,1.0
train,65kkuNV921k$_$15,audio,1.0
train,65kkuNV921k$_$15,vision,1.0
train,65kkuNV921k$_$22,text,1.0
train,65kkuNV921k$_$22,audio,1.0
train,65kkuNV921k$_$22,vision,1.0
train,65kkuNV921k$_$30,text,1.0
train,65kkuNV921k$_$30,audio,1.0
train,65kkuNV921k$_$30,vision,1.0
train,65kkuNV921k$_$26,text,1.0
train,65kkuNV921k$_$26,audio,1.0
train,65kkuNV921k$_$26,vision,1.0
train,65kkuNV921k$_$34,text,1.0
train,65kkuNV921k$_$34,audio,1.0
train,65kkuNV921k$_$34,vision,1.0
train,65kkuNV921k$_$3,text,1.0
train,65kkuNV921k$_$3,audio,1.0
train,65kkuNV921k$_$3,vision,1.0
train,65kkuNV921k$_$5,text,1.0
train,65kkuNV921k$_$5,audio,1.0
train,65kkuNV921k$_$5,vision,1.0
train,65kkuNV921k$_$7,text,1.0
train,65kkuNV921k$_$7,audio,1.0
train,65kkuNV921k$_$7,vision,1.0
train,65kkuNV921k$_$6,text,1.0
train,65kkuNV921k$_$6,audio,1.0
train,65kkuNV921k$_$6,vision,1.0
train,69707$_$2,text,1.0
train,69707$_$2,audio,1.0
train,69707$_$2,vision,1.0
train,6G8JJ69aN6o$_$4,text,1.0
train,6G8JJ69aN6o$_$4,audio,1.0
train,6G8JJ69aN6o$_$4,vision,1.0
train,6IUj6jyoTl0$_$0,text,1.0
train,6IUj6jyoTl0$_$0,audio,1.0
train,6IUj6jyoTl0$_$0,vision,0.045454545454545456
train,6J_yzh1LNAE$_$0,text,1.0
train,6J_yzh1LNAE$_$0,audio,1.0
train,6J_yzh1LNAE$_$0,vision,1.0
train,6MYUY5tC2Us$_$0,text,1.0
train,6MYUY5tC2Us$_$0,audio,1.0
train,6MYUY5tC2Us$_$0,vision,0.36363636363636365
train,6MYUY5tC2Us$_$2,text,1.0
train,6MYUY5tC2Us$_$2,audio,1.0
train,6MYUY5tC2Us$_$2,vision,1.0
train,6MloL1gIccs$_$4,text,1.0
train,6MloL1gIccs$_$4,audio,1.0
train,6MloL1gIccs$_$4,vision,1.0
train,6PLlauWxF5E$_$0,text,1.0
train,6PLlauWxF5E$_$0,audio,1.0
train,6PLlauWxF5E$_$0,vision,1.0
train,6PLlauWxF5E$_$2,text,1.0
train,6PLlauWxF5E$_$2,audio,1.0
train,6PLlauWxF5E$_$2,vision,1.0
train,6T1GHj7qwYs$_$5,text,1.0
train,6T1GHj7qwYs$_$5,audio,1.0
train,6T1GHj7qwYs$_$5,vision,1.0
train,6TDXQtGUNEs$_$11,text,1.0
train,6TDXQtGUNEs$_$11,audio,1.0
train,6TDXQtGUNEs$_$11,vision,1.0
train,6Vg10LxmWUY$_$0,text,1.0
train,6Vg10LxmWUY$_$0,audio,1.0
train,6Vg10LxmWUY$_$0,vision,0.7368421052631579
train,6YNAmRjpxlA$_$0,text,1.0
train,6YNAmRjpxlA$_$0,audio,1.0
train,6YNAmRjpxlA$_$0,vision,1.0
train,6c7vAwDSVGc$_$2,text,1.0
train,6c7vAwDSVGc$_$2,audio,1.0
train,6c7vAwDSVGc$_$2,vision,1.0
train,6ng8CZ0ULK4$_$11,text,1.0
train,6ng8CZ0ULK4$_$11,audio,1.0
train,6ng8CZ0ULK4$_$11,vision,1.0
train,6ng8CZ0ULK4$_$1,text,1.0
train,6ng8CZ0ULK4$_$1,audio,1.0
train,6ng8CZ0ULK4$_$1,vision,1.0
train,6ng8CZ0ULK4$_$2,text,1.0
train,6ng8CZ0ULK4$_$2,audio,1.0
train,6ng8CZ0ULK4$_$2,vision,1.0
train,6q5uKCgairk$_$10,text,1.0
train,6q5uKCgairk$_$10,audio,1.0
train,6q5uKCgairk$_$10,vision,1.0
train,6q5uKCgairk$_$13,text,1.0
train,6q5uKCgairk$_$13,audio,1.0
train,6q5uKCgairk$_$13,vision,0.8421052631578947
train,6q5uKCgairk$_$8,text,1.0
train,6q5uKCgairk$_$8,audio,1.0
train,6q5uKCgairk$_$8,vision,1.0
train,6qPjYvdZiLA$_$7,text,1.0
train,6qPjYvdZiLA$_$7,audio,1.0
train,6qPjYvdZiLA$_$7,vision,1.0
train,6rkV4QRcVnk$_$3,text,1.0
train,6rkV4QRcVnk$_$3,audio,1.0
train,6rkV4QRcVnk$_$3,vision,1.0
train,6slq62RwH3Q$_$10,text,1.0
train,6slq62RwH3Q$_$10,audio,1.0
train,6slq62RwH3Q$_$10,vision,1.0
train,6slq62RwH3Q$_$2,text,1.0
train,6slq62RwH3Q$_$2,audio,1.0
train,6slq62RwH3Q$_$2,vision,1.0
train,6slq62RwH3Q$_$7,text,1.0
train,6slq62RwH3Q$_$7,audio,1.0
train,6slq62RwH3Q$_$7,vision,1.0
train,6xvVFYR5di0$_$0,text,1.0
train,6xvVFYR5di0$_$0,audio,1.0
train,6xvVFYR5di0$_$0,vision,1.0
train,6xvVFYR5di0$_$9,text,1.0
train,6xvVFYR5di0$_$9,audio,1.0
train,6xvVFYR5di0$_$9,vision,0.0
train,6zjv1TLqfF0$_$11,text,1.0
train,6zjv1TLqfF0$_$11,audio,1.0
train,6zjv1TLqfF0$_$11,vision,1.0
train,6zjv1TLqfF0$_$10,text,1.0
train,6zjv1TLqfF0$_$10,audio,1.0
train,6zjv1TLqfF0$_$10,vision,1.0
train,6zjv1TLqfF0$_$1,text,1.0
train,6zjv1TLqfF0$_$1,audio,1.0
train,6zjv1TLqfF0$_$1,vision,1.0
train,6zjv1TLqfF0$_$3,text,1.0
train,6zjv1TLqfF0$_$3,audio,1.0
train,6zjv1TLqfF0$_$3,vision,1.0
train,6zjv1TLqfF0$_$7,text,1.0
train,6zjv1TLqfF0$_$7,audio,1.0
train,6zjv1TLqfF0$_$7,vision,1.0
train,70420$_$15,text,1.0
train,70420$_$15,audio,1.0
train,70420$_$15,vision,1.0
train,70420$_$4,text,1.0
train,70420$_$4,audio,1.0
train,70420$_$4,vision,1.0
train,70420$_$6,text,1.0
train,70420$_$6,audio,1.0
train,70420$_$6,vision,1.0
train,70710$_$3,text,1.0
train,70710$_$3,audio,1.0
train,70710$_$3,vision,1.0
train,70710$_$2,text,1.0
train,70710$_$2,audio,1.0
train,70710$_$2,vision,1.0
train,708sewcSXVY$_$3,text,1.0
train,708sewcSXVY$_$3,audio,1.0
train,708sewcSXVY$_$3,vision,1.0
train,72017$_$9,text,1.0
train,72017$_$9,audio,1.0
train,72017$_$9,vision,0.0
train,72385$_$24,text,1.0
train,72385$_$24,audio,1.0
train,72385$_$24,vision,1.0
train,72385$_$20,text,1.0
train,72385$_$20,audio,1.0
train,72385$_$20,vision,1.0
train,72385$_$21,text,1.0
train,72385$_$21,audio,1.0
train,72385$_$21,vision,1.0
train,72385$_$2,text,1.0
train,72385$_$2,audio,1.0
train,72385$_$2,vision,1.0
train,72385$_$5,text,1.0
train,72385$_$5,audio,1.0
train,72385$_$5,vision,1.0
train,72385$_$6,text,1.0
train,72385$_$6,audio,1.0
train,72385$_$6,vision,1.0
train,72385$_$12,text,1.0
train,72385$_$12,audio,1.0
train,72385$_$12,vision,1.0
train,72tXTrSXoMk$_$6,text,1.0
train,72tXTrSXoMk$_$6,audio,1.0
train,72tXTrSXoMk$_$6,vision,0.0
train,73447$_$16,text,1.0
train,73447$_$16,audio,1.0
train,73447$_$16,vision,1.0
train,73447$_$1,text,1.0
train,73447$_$1,audio,1.0
train,73447$_$1,vision,0.8181818181818182
train,73447$_$0,text,1.0
train,73447$_$0,audio,1.0
train,73447$_$0,vision,1.0
train,73447$_$3,text,1.0
train,73447$_$3,audio,1.0
train,73447$_$3,vision,1.0
train,73447$_$6,text,1.0
train,73447$_$6,audio,1.0
train,73447$_$6,vision,1.0
train,73447$_$8,text,1.0
train,73447$_$8,audio,1.0
train,73447$_$8,vision,0.8064516129032258
train,73449$_$13,text,1.0
train,73449$_$13,audio,1.0
train,73449$_$13,vision,1.0
train,73449$_$14,text,1.0
train,73449$_$14,audio,1.0
train,73449$_$14,vision,1.0
train,73449$_$2,text,1.0
train,73449$_$2,audio,1.0
train,73449$_$2,vision,0.45454545454545453
train,73449$_$4,text,1.0
train,73449$_$4,audio,1.0
train,73449$_$4,vision,0.0
train,73449$_$8,text,1.0
train,73449$_$8,audio,1.0
train,73449$_$8,vision,0.6875
train,74101$_$1,text,1.0
train,74101$_$1,audio,1.0
train,74101$_$1,vision,1.0
train,74101$_$6,text,1.0
train,74101$_$6,audio,1.0
train,74101$_$6,vision,0.46808510638297873
train,74184$_$11,text,1.0
train,74184$_$11,audio,1.0
train,74184$_$11,vision,1.0
train,74184$_$7,text,1.0
train,74184$_$7,audio,1.0
train,74184$_$7,vision,1.0
train,74184$_$8,text,1.0
train,74184$_$8,audio,1.0
train,74184$_$8,vision,1.0
train,74870$_$3,text,1.0
train,74870$_$3,audio,1.0
train,74870$_$3,vision,1.0
train,74870$_$4,text,1.0
train,74870$_$4,audio,1.0
train,74870$_$4,vision,1.0
train,75938$_$1,text,1.0
train,75938$_$1,audio,1.0
train,75938$_$1,vision,1.0
train,76124$_$10,text,1.0
train,76124$_$10,audio,1.0
train,76124$_$10,vision,1.0
train,76124$_$1,text,1.0
train,76124$_$1,audio,1.0
train,76124$_$1,vision,1.0
train,76124$_$3,text,1.0
train,76124$_$3,audio,1.0
train,76124$_$3,vision,1.0
train,76124$_$2,text,1.0
train,76124$_$2,audio,1.0
train,76124$_$2,vision,1.0
train,76124$_$8,text,1.0
train,76124$_$8,audio,1.0
train,76124$_$8,vision,1.0
train,76sN4tvbPGk$_$9,text,1.0
train,76sN4tvbPGk$_$9,audio,1.0
train,76sN4tvbPGk$_$9,vision,1.0
train,76sN4tvbPGk$_$4,text,1.0
train,76sN4tvbPGk$_$4,audio,1.0
train,76sN4tvbPGk$_$4,vision,1.0
train,78577$_$11,text,1.0
train,78577$_$11,audio,1.0
train,78577$_$11,vision,1.0
train,78577$_$3,text,1.0
train,78577$_$3,audio,1.0
train,78577$_$3,vision,1.0
train,78577$_$8,text,1.0
train,78577$_$8,audio,1.0
train,78577$_$8,vision,1.0
train,79644$_$2,text,1.0
train,79644$_$2,audio,1.0
train,79644$_$2,vision,1.0
train,79934$_$5,text,1.0
train,79934$_$5,audio,1.0
train,79934$_$5,vision,0.2777777777777778
train,79935$_$13,text,1.0
train,79935$_$13,audio,1.0
train,79935$_$13,vision,1.0
train,79935$_$15,text,1.0
train,79935$_$15,audio,1.0
train,79935$_$15,vision,1.0
train,79935$_$7,text,1.0
train,79935$_$7,audio,1.0
train,79935$_$7,vision,1.0
train,79935$_$6,text,1.0
train,79935$_$6,audio,1.0
train,79935$_$6,vision,1.0
train,79935$_$8,text,1.0
train,79935$_$8,audio,1.0
train,79935$_$8,vision,1.0
train,7EWOMjaKlus$_$12,text,1.0
train,7EWOMjaKlus$_$12,audio,1.0
train,7EWOMjaKlus$_$12,vision,1.0
train,7EWOMjaKlus$_$14,text,1.0
train,7EWOMjaKlus$_$14,audio,1.0
train,7EWOMjaKlus$_$14,vision,1.0
train,7R70kKqtGh0$_$1,text,1.0
train,7R70kKqtGh0$_$1,audio,1.0
train,7R70kKqtGh0$_$1,vision,1.0
train,7U_z0JfleAw$_$8,text,1.0
train,7U_z0JfleAw$_$8,audio,1.0
train,7U_z0JfleAw$_$8,vision,1.0
train,7UlSX-syPeo$_$18,text,1.0
train,7UlSX-syPeo$_$18,audio,1.0
train,7UlSX-syPeo$_$18,vision,0.975
train,7UlSX-syPeo$_$22,text,1.0
train,7UlSX-syPeo$_$22,audio,1.0
train,7UlSX-syPeo$_$22,vision,0.8958333333333334
train,7UlSX-syPeo$_$4,text,1.0
train,7UlSX-syPeo$_$4,audio,1.0
train,7UlSX-syPeo$_$4,vision,1.0
train,7ZzbemE4QEE$_$25,text,1.0
train,7ZzbemE4QEE$_$25,audio,1.0
train,7ZzbemE4QEE$_$25,vision,1.0
train,7ZzbemE4QEE$_$27,text,1.0
train,7ZzbemE4QEE$_$27,audio,1.0
train,7ZzbemE4QEE$_$27,vision,1.0
train,7ZzbemE4QEE$_$21,text,1.0
train,7ZzbemE4QEE$_$21,audio,1.0
train,7ZzbemE4QEE$_$21,vision,1.0
train,7ZzbemE4QEE$_$3,text,1.0
train,7ZzbemE4QEE$_$3,audio,1.0
train,7ZzbemE4QEE$_$3,vision,1.0
train,7ZzbemE4QEE$_$2,text,1.0
train,7ZzbemE4QEE$_$2,audio,1.0
train,7ZzbemE4QEE$_$2,vision,1.0
train,7ZzbemE4QEE$_$39,text,1.0
train,7ZzbemE4QEE$_$39,audio,1.0
train,7ZzbemE4QEE$_$39,vision,1.0
train,7ZzbemE4QEE$_$15,text,1.0
train,7ZzbemE4QEE$_$15,audio,1.0
train,7ZzbemE4QEE$_$15,vision,1.0
train,7ZzbemE4QEE$_$33,text,1.0
train,7ZzbemE4QEE$_$33,audio,1.0
train,7ZzbemE4QEE$_$33,vision,1.0
train,7ZzbemE4QEE$_$34,text,1.0
train,7ZzbemE4QEE$_$34,audio,1.0
train,7ZzbemE4QEE$_$34,vision,1.0
train,7ZzbemE4QEE$_$32,text,1.0
train,7ZzbemE4QEE$_$32,audio,1.0
train,7ZzbemE4QEE$_$32,vision,1.0
train,7eJqqvvziQo$_$1,text,1.0
train,7eJqqvvziQo$_$1,audio,1.0
train,7eJqqvvziQo$_$1,vision,1.0
train,7eJqqvvziQo$_$0,text,1.0
train,7eJqqvvziQo$_$0,audio,1.0
train,7eJqqvvziQo$_$0,vision,1.0
train,7eJqqvvziQo$_$5,text,1.0
train,7eJqqvvziQo$_$5,audio,1.0
train,7eJqqvvziQo$_$5,vision,1.0
train,7eJqqvvziQo$_$7,text,1.0
train,7eJqqvvziQo$_$7,audio,1.0
train,7eJqqvvziQo$_$7,vision,1.0
train,7eWclVCXOtk$_$0,text,1.0
train,7eWclVCXOtk$_$0,audio,1.0
train,7eWclVCXOtk$_$0,vision,0.0
train,7eWclVCXOtk$_$4,text,1.0
train,7eWclVCXOtk$_$4,audio,1.0
train,7eWclVCXOtk$_$4,vision,1.0
train,7eWclVCXOtk$_$8,text,1.0
train,7eWclVCXOtk$_$8,audio,1.0
train,7eWclVCXOtk$_$8,vision,0.0
train,7fPYpqzw1iY$_$12,text,1.0
train,7fPYpqzw1iY$_$12,audio,1.0
train,7fPYpqzw1iY$_$12,vision,1.0
train,7hSWYI99-24$_$3,text,1.0
train,7hSWYI99-24$_$3,audio,1.0
train,7hSWYI99-24$_$3,vision,1.0
train,7hSWYI99-24$_$6,text,1.0
train,7hSWYI99-24$_$6,audio,1.0
train,7hSWYI99-24$_$6,vision,1.0
train,7pZPQbMKGkY$_$0,text,1.0
train,7pZPQbMKGkY$_$0,audio,1.0
train,7pZPQbMKGkY$_$0,vision,1.0
train,7pZPQbMKGkY$_$5,text,1.0
train,7pZPQbMKGkY$_$5,audio,1.0
train,7pZPQbMKGkY$_$5,vision,1.0
train,7rMLN0KKE5k$_$28,text,1.0
train,7rMLN0KKE5k$_$28,audio,1.0
train,7rMLN0KKE5k$_$28,vision,1.0
train,7rMLN0KKE5k$_$19,text,1.0
train,7rMLN0KKE5k$_$19,audio,1.0
train,7rMLN0KKE5k$_$19,vision,1.0
train,7rMLN0KKE5k$_$32,text,1.0
train,7rMLN0KKE5k$_$32,audio,1.0
train,7rMLN0KKE5k$_$32,vision,1.0
train,7sgAWvbLtiM$_$1,text,1.0
train,7sgAWvbLtiM$_$1,audio,1.0
train,7sgAWvbLtiM$_$1,vision,1.0
train,7sgAWvbLtiM$_$6,text,1.0
train,7sgAWvbLtiM$_$6,audio,1.0
train,7sgAWvbLtiM$_$6,vision,1.0
train,8-Hi9NmF4rM$_$1,text,1.0
train,8-Hi9NmF4rM$_$1,audio,1.0
train,8-Hi9NmF4rM$_$1,vision,1.0
train,8-Hi9NmF4rM$_$2,text,1.0
train,8-Hi9NmF4rM$_$2,audio,1.0
train,8-Hi9NmF4rM$_$2,vision,1.0
train,80620$_$0,text,1.0
train,80620$_$0,audio,1.0
train,80620$_$0,vision,1.0
train,80620$_$2,text,1.0
train,80620$_$2,audio,1.0
train,80620$_$2,vision,1.0
train,80620$_$5,text,1.0
train,80620$_$5,audio,1.0
train,80620$_$5,vision,1.0
train,80627$_$11,text,1.0
train,80627$_$11,audio,1.0
train,80627$_$11,vision,1.0
train,80627$_$13,text,1.0
train,80627$_$13,audio,1.0
train,80627$_$13,vision,1.0
train,80866$_$13,text,1.0
train,80866$_$13,audio,1.0
train,80866$_$13,vision,1.0
train,80866$_$12,text,1.0
train,80866$_$12,audio,1.0
train,80866$_$12,vision,1.0
train,80866$_$14,text,1.0
train,80866$_$14,audio,1.0
train,80866$_$14,vision,1.0
train,80866$_$1,text,1.0
train,80866$_$1,audio,1.0
train,80866$_$1,vision,0.8666666666666667
train,80866$_$3,text,1.0
train,80866$_$3,audio,1.0
train,80866$_$3,vision,1.0
train,80866$_$2,text,1.0
train,80866$_$2,audio,1.0
train,80866$_$2,vision,0.0
train,80866$_$5,text,1.0
train,80866$_$5,audio,1.0
train,80866$_$5,vision,1.0
train,80866$_$4,text,1.0
train,80866$_$4,audio,1.0
train,80866$_$4,vision,1.0
train,80866$_$6,text,1.0
train,80866$_$6,audio,1.0
train,80866$_$6,vision,1.0
train,80914$_$3,text,1.0
train,80914$_$3,audio,1.0
train,80914$_$3,vision,1.0
train,81406$_$0,text,1.0
train,81406$_$0,audio,1.0
train,81406$_$0,vision,1.0
train,81406$_$2,text,1.0
train,81406$_$2,audio,1.0
train,81406$_$2,vision,1.0
train,81615$_$3,text,1.0
train,81615$_$3,audio,1.0
train,81615$_$3,vision,1.0
train,81615$_$7,text,1.0
train,81615$_$7,audio,1.0
train,81615$_$7,vision,0.125
train,81615$_$6,text,1.0
train,81615$_$6,audio,1.0
train,81615$_$6,vision,0.4166666666666667
train,83310$_$1,text,1.0
train,83310$_$1,audio,1.0
train,83310$_$1,vision,1.0
train,83859$_$25,text,1.0
train,83859$_$25,audio,1.0
train,83859$_$25,vision,1.0
train,83859$_$29,text,1.0
train,83859$_$29,audio,1.0
train,83859$_$29,vision,1.0
train,83859$_$1,text,1.0
train,83859$_$1,audio,1.0
train,83859$_$1,vision,1.0
train,83859$_$3,text,1.0
train,83859$_$3,audio,1.0
train,83859$_$3,vision,1.0
train,83859$_$11,text,1.0
train,83859$_$11,audio,1.0
train,83859$_$11,vision,1.0
train,83859$_$12,text,1.0
train,83859$_$12,audio,1.0
train,83859$_$12,vision,1.0
train,83859$_$16,text,1.0
train,83859$_$16,audio,1.0
train,83859$_$16,vision,1.0
train,8404$_$11,text,1.0
train,8404$_$11,audio,1.0
train,8404$_$11,vision,1.0
train,8404$_$4,text,1.0
train,8404$_$4,audio,1.0
train,8404$_$4,vision,1.0
train,84133$_$23,text,1.0
train,84133$_$23,audio,1.0
train,84133$_$23,vision,1.0
train,84133$_$2,text,1.0
train,84133$_$2,audio,1.0
train,84133$_$2,vision,1.0
train,84133$_$9,text,1.0
train,84133$_$9,audio,1.0
train,84133$_$9,vision,1.0
train,84133$_$16,text,1.0
train,84133$_$16,audio,1.0
train,84133$_$16,vision,1.0
train,84133$_$19,text,1.0
train,84133$_$19,audio,1.0
train,84133$_$19,vision,1.0
train,84176$_$10,text,1.0
train,84176$_$10,audio,1.0
train,84176$_$10,vision,1.0
train,84176$_$1,text,1.0
train,84176$_$1,audio,1.0
train,84176$_$1,vision,1.0
train,84176$_$8,text,1.0
train,84176$_$8,audio,1.0
train,84176$_$8,vision,1.0
train,856LGms_0s0$_$9,text,1.0
train,856LGms_0s0$_$9,audio,1.0
train,856LGms_0s0$_$9,vision,1.0
train,87161$_$3,text,1.0
train,87161$_$3,audio,1.0
train,87161$_$3,vision,1.0
train,87161$_$2,text,1.0
train,87161$_$2,audio,1.0
train,87161$_$2,vision,1.0
train,87161$_$5,text,1.0
train,87161$_$5,audio,1.0
train,87161$_$5,vision,1.0
train,87400$_$13,text,1.0
train,87400$_$13,audio,1.0
train,87400$_$13,vision,1.0
train,87400$_$12,text,1.0
train,87400$_$12,audio,1.0
train,87400$_$12,vision,1.0
train,87400$_$14,text,1.0
train,87400$_$14,audio,1.0
train,87400$_$14,vision,1.0
train,88245$_$6,text,1.0
train,88245$_$6,audio,1.0
train,88245$_$6,vision,1.0
train,88797$_$12,text,1.0
train,88797$_$12,audio,1.0
train,88797$_$12,vision,1.0
train,88797$_$0,text,1.0
train,88797$_$0,audio,1.0
train,88797$_$0,vision,1.0
train,88797$_$3,text,1.0
train,88797$_$3,audio,1.0
train,88797$_$3,vision,1.0
train,88797$_$7,text,1.0
train,88797$_$7,audio,1.0
train,88797$_$7,vision,1.0
train,88888$_$4,text,1.0
train,88888$_$4,audio,1.0
train,88888$_$4,vision,1.0
train,88S1BjwMfdw$_$7,text,1.0
train,88S1BjwMfdw$_$7,audio,1.0
train,88S1BjwMfdw$_$7,vision,1.0
train,88oSn21TFcA$_$0,text,1.0
train,88oSn21TFcA$_$0,audio,1.0
train,88oSn21TFcA$_$0,vision,1.0
train,88oSn21TFcA$_$8,text,1.0
train,88oSn21TFcA$_$8,audio,1.0
train,88oSn21TFcA$_$8,vision,1.0
train,89747$_$9,text,1.0
train,89747$_$9,audio,1.0
train,89747$_$9,vision,0.9375
train,89787$_$14,text,1.0
train,89787$_$14,audio,1.0
train,89787$_$14,vision,1.0
train,89787$_$4,text,1.0
train,89787$_$4,audio,1.0
train,89787$_$4,vision,1.0
train,89787$_$7,text,1.0
train,89787$_$7,audio,1.0
train,89787$_$7,vision,0.8541666666666666
train,89951$_$10,text,1.0
train,89951$_$10,audio,1.0
train,89951$_$10,vision,1.0
train,89951$_$8,text,1.0
train,89951$_$8,audio,1.0
train,89951$_$8,vision,1.0
train,8Cp8c-eQELQ$_$11,text,1.0
train,8Cp8c-eQELQ$_$11,audio,1.0
train,8Cp8c-eQELQ$_$11,vision,1.0
train,8Cp8c-eQELQ$_$16,text,1.0
train,8Cp8c-eQELQ$_$16,audio,1.0
train,8Cp8c-eQELQ$_$16,vision,1.0
train,8EHEEXex5D8$_$11,text,1.0
train,8EHEEXex5D8$_$11,audio,1.0
train,8EHEEXex5D8$_$11,vision,1.0
train,8EHEEXex5D8$_$23,text,1.0
train,8EHEEXex5D8$_$23,audio,1.0
train,8EHEEXex5D8$_$23,vision,1.0
train,8EHEEXex5D8$_$18,text,1.0
train,8EHEEXex5D8$_$18,audio,1.0
train,8EHEEXex5D8$_$18,vision,1.0
train,8Lmqsakmw3M$_$20,text,1.0
train,8Lmqsakmw3M$_$20,audio,1.0
train,8Lmqsakmw3M$_$20,vision,1.0
train,8P0zm2oYDyY$_$1,text,1.0
train,8P0zm2oYDyY$_$1,audio,1.0
train,8P0zm2oYDyY$_$1,vision,1.0
train,8P0zm2oYDyY$_$6,text,1.0
train,8P0zm2oYDyY$_$6,audio,1.0
train,8P0zm2oYDyY$_$6,vision,1.0
train,8VB6pdJTpX4$_$1,text,1.0
train,8VB6pdJTpX4$_$1,audio,1.0
train,8VB6pdJTpX4$_$1,vision,0.782608695652174
train,8VP1qxX9mh4$_$0,text,1.0
train,8VP1qxX9mh4$_$0,audio,1.0
train,8VP1qxX9mh4$_$0,vision,1.0
train,8X5tGQLBqPo$_$11,text,1.0
train,8X5tGQLBqPo$_$11,audio,1.0
train,8X5tGQLBqPo$_$11,vision,1.0
train,8X5tGQLBqPo$_$10,text,1.0
train,8X5tGQLBqPo$_$10,audio,1.0
train,8X5tGQLBqPo$_$10,vision,1.0
train,8X5tGQLBqPo$_$13,text,1.0
train,8X5tGQLBqPo$_$13,audio,1.0
train,8X5tGQLBqPo$_$13,vision,1.0
train,8X5tGQLBqPo$_$15,text,1.0
train,8X5tGQLBqPo$_$15,audio,1.0
train,8X5tGQLBqPo$_$15,vision,1.0
train,8XODJwsvBa0$_$2,text,1.0
train,8XODJwsvBa0$_$2,audio,1.0
train,8XODJwsvBa0$_$2,vision,1.0
train,8YsIvz4qnk4$_$1,text,1.0
train,8YsIvz4qnk4$_$1,audio,1.0
train,8YsIvz4qnk4$_$1,vision,1.0
train,8ovb-GaZ3QE$_$3,text,1.0
train,8ovb-GaZ3QE$_$3,audio,1.0
train,8ovb-GaZ3QE$_$3,vision,1.0
train,8ovb-GaZ3QE$_$5,text,1.0
train,8ovb-GaZ3QE$_$5,audio,1.0
train,8ovb-GaZ3QE$_$5,vision,1.0
train,8qCNtqjygW8$_$10,text,1.0
train,8qCNtqjygW8$_$10,audio,1.0
train,8qCNtqjygW8$_$10,vision,1.0
train,8qCNtqjygW8$_$12,text,1.0
train,8qCNtqjygW8$_$12,audio,1.0
train,8qCNtqjygW8$_$12,vision,1.0
train,8qCNtqjygW8$_$1,text,1.0
train,8qCNtqjygW8$_$1,audio,1.0
train,8qCNtqjygW8$_$1,vision,1.0
train,8qCNtqjygW8$_$0,text,1.0
train,8qCNtqjygW8$_$0,audio,1.0
train,8qCNtqjygW8$_$0,vision,1.0
train,8qCNtqjygW8$_$7,text,1.0
train,8qCNtqjygW8$_$7,audio,1.0
train,8qCNtqjygW8$_$7,vision,0.0
train,8qCNtqjygW8$_$8,text,1.0
train,8qCNtqjygW8$_$8,audio,1.0
train,8qCNtqjygW8$_$8,vision,0.0
train,8u5aet7s9_w$_$8,text,1.0
train,8u5aet7s9_w$_$8,audio,1.0
train,8u5aet7s9_w$_$8,vision,1.0
train,8x81fzwcJko$_$5,text,1.0
train,8x81fzwcJko$_$5,audio,1.0
train,8x81fzwcJko$_$5,vision,0.47368421052631576
train,8xfW_azeNPk$_$12,text,1.0
train,8xfW_azeNPk$_$12,audio,1.0
train,8xfW_azeNPk$_$12,vision,1.0
train,8xfW_azeNPk$_$1,text,1.0
train,8xfW_azeNPk$_$1,audio,1.0
train,8xfW_azeNPk$_$1,vision,1.0
train,8xfW_azeNPk$_$8,text,1.0
train,8xfW_azeNPk$_$8,audio,1.0
train,8xfW_azeNPk$_$8,vision,1.0
train,9-EO2oCAGA4$_$10,text,1.0
train,9-EO2oCAGA4$_$10,audio,1.0
train,9-EO2oCAGA4$_$10,vision,1.0
train,9-EO2oCAGA4$_$0,text,1.0
train,9-EO2oCAGA4$_$0,audio,1.0
train,9-EO2oCAGA4$_$0,vision,1.0
train,9-EO2oCAGA4$_$3,text,1.0
train,9-EO2oCAGA4$_$3,audio,1.0
train,9-EO2oCAGA4$_$3,vision,1.0
train,9-EO2oCAGA4$_$4,text,1.0
train,9-EO2oCAGA4$_$4,audio,1.0
train,9-EO2oCAGA4$_$4,vision,0.8333333333333334
train,9-EO2oCAGA4$_$7,text,1.0
train,9-EO2oCAGA4$_$7,audio,1.0
train,9-EO2oCAGA4$_$7,vision,1.0
train,9-K1CXCXui4$_$15,text,1.0
train,9-K1CXCXui4$_$15,audio,1.0
train,9-K1CXCXui4$_$15,vision,1.0
train,9-K1CXCXui4$_$16,text,1.0
train,9-K1CXCXui4$_$16,audio,1.0
train,9-K1CXCXui4$_$16,vision,1.0
train,90172$_$11,text,1.0
train,90172$_$11,audio,1.0
train,90172$_$11,vision,1.0
train,90172$_$14,text,1.0
train,90172$_$14,audio,1.0
train,90172$_$14,vision,1.0
train,90172$_$0,text,1.0
train,90172$_$0,audio,1.0
train,90172$_$0,vision,1.0
train,90172$_$3,text,1.0
train,90172$_$3,audio,1.0
train,90172$_$3,vision,1.0
train,90172$_$7,text,1.0
train,90172$_$7,audio,1.0
train,90172$_$7,vision,1.0
train,90wZz0thye4$_$11,text,1.0
train,90wZz0thye4$_$11,audio,1.0
train,90wZz0thye4$_$11,vision,1.0
train,90wZz0thye4$_$10,text,1.0
train,90wZz0thye4$_$10,audio,1.0
train,90wZz0thye4$_$10,vision,1.0
train,90wZz0thye4$_$2,text,1.0
train,90wZz0thye4$_$2,audio,1.0
train,90wZz0thye4$_$2,vision,1.0
train,91276$_$1,text,1.0
train,91276$_$1,audio,1.0
train,91276$_$1,vision,1.0
train,91276$_$7,text,1.0
train,91276$_$7,audio,1.0
train,91276$_$7,vision,0.9743589743589743
train,91276$_$8,text,1.0
train,91276$_$8,audio,1.0
train,91276$_$8,vision,1.0
train,91y7nPEWdmQ$_$5,text,1.0
train,91y7nPEWdmQ$_$5,audio,1.0
train,91y7nPEWdmQ$_$5,vision,1.0
train,92221$_$11,text,1.0
train,92221$_$11,audio,1.0
train,92221$_$11,vision,1.0
train,92221$_$12,text,1.0
train,92221$_$12,audio,1.0
train,92221$_$12,vision,1.0
train,92221$_$18,text,1.0
train,92221$_$18,audio,1.0
train,92221$_$18,vision,1.0
train,92221$_$5,text,1.0
train,92221$_$5,audio,1.0
train,92221$_$5,vision,1.0
train,92331$_$20,text,1.0
train,92331$_$20,audio,1.0
train,92331$_$20,vision,1.0
train,92331$_$21,text,1.0
train,92331$_$21,audio,1.0
train,92331$_$21,vision,1.0
train,92331$_$22,text,1.0
train,92331$_$22,audio,1.0
train,92331$_$22,vision,1.0
train,92331$_$1,text,1.0
train,92331$_$1,audio,1.0
train,92331$_$1,vision,1.0
train,92331$_$2,text,1.0
train,92331$_$2,audio,1.0
train,92331$_$2,vision,1.0
train,92331$_$8,text,1.0
train,92331$_$8,audio,1.0
train,92331$_$8,vision,1.0
train,92331$_$10,text,1.0
train,92331$_$10,audio,1.0
train,92331$_$10,vision,1.0
train,92331$_$18,text,1.0
train,92331$_$18,audio,1.0
train,92331$_$18,vision,1.0
train,92521$_$0,text,1.0
train,92521$_$0,audio,1.0
train,92521$_$0,vision,0.5
train,92521$_$6,text,1.0
train,92521$_$6,audio,1.0
train,92521$_$6,vision,1.0
train,92533$_$7,text,1.0
train,92533$_$7,audio,1.0
train,92533$_$7,vision,1.0
train,92533$_$6,text,1.0
train,92533$_$6,audio,1.0
train,92533$_$6,vision,1.0
train,93821$_$1,text,1.0
train,93821$_$1,audio,1.0
train,93821$_$1,vision,1.0
train,93821$_$7,text,1.0
train,93821$_$7,audio,1.0
train,93821$_$7,vision,1.0
train,93839$_$11,text,1.0
train,93839$_$11,audio,1.0
train,93839$_$11,vision,1.0
train,93839$_$1,text,1.0
train,93839$_$1,audio,1.0
train,93839$_$1,vision,1.0
train,93839$_$7,text,1.0
train,93839$_$7,audio,1.0
train,93839$_$7,vision,1.0
train,94215$_$1,text,1.0
train,94215$_$1,audio,1.0
train,94215$_$1,vision,0.4666666666666667
train,94983$_$11,text,1.0
train,94983$_$11,audio,1.0
train,94983$_$11,vision,1.0
train,94983$_$6,text,1.0
train,94983$_$6,audio,1.0
train,94983$_$6,vision,1.0
train,94ULum9MYX0$_$11,text,1.0
train,94ULum9MYX0$_$11,audio,0.37037037037037035
train,94ULum9MYX0$_$11,vision,0.3333333333333333
train,96099$_$3,text,1.0
train,96099$_$3,audio,1.0
train,96099$_$3,vision,1.0
train,96099$_$9,text,1.0
train,96099$_$9,audio,1.0
train,96099$_$9,vision,1.0
train,96179$_$13,text,1.0
train,96179$_$13,audio,1.0
train,96179$_$13,vision,1.0
train,96179$_$14,text,1.0
train,96179$_$14,audio,1.0
train,96179$_$14,vision,1.0
train,96179$_$5,text,1.0
train,96179$_$5,audio,1.0
train,96179$_$5,vision,1.0
train,96194$_$12,text,1.0
train,96194$_$12,audio,1.0
train,96194$_$12,vision,1.0
train,96194$_$6,text,1.0
train,96194$_$6,audio,1.0
train,96194$_$6,vision,1.0
train,96350$_$2,text,1.0
train,96350$_$2,audio,1.0
train,96350$_$2,vision,1.0
train,96350$_$5,text,1.0
train,96350$_$5,audio,1.0
train,96350$_$5,vision,1.0
train,96350$_$7,text,1.0
train,96350$_$7,audio,1.0
train,96350$_$7,vision,1.0
train,96350$_$9,text,1.0
train,96350$_$9,audio,1.0
train,96350$_$9,vision,1.0
train,96350$_$8,text,1.0
train,96350$_$8,audio,1.0
train,96350$_$8,vision,1.0
train,96361$_$4,text,1.0
train,96361$_$4,audio,1.0
train,96361$_$4,vision,1.0
train,96361$_$7,text,1.0
train,96361$_$7,audio,1.0
train,96361$_$7,vision,1.0
train,96361$_$6,text,1.0
train,96361$_$6,audio,1.0
train,96361$_$6,vision,1.0
train,96361$_$8,text,1.0
train,96361$_$8,audio,1.0
train,96361$_$8,vision,1.0
train,97095$_$24,text,1.0
train,97095$_$24,audio,1.0
train,97095$_$24,vision,1.0
train,97095$_$20,text,1.0
train,97095$_$20,audio,1.0
train,97095$_$20,vision,1.0
train,97095$_$29,text,1.0
train,97095$_$29,audio,1.0
train,97095$_$29,vision,1.0
train,97095$_$0,text,1.0
train,97095$_$0,audio,1.0
train,97095$_$0,vision,1.0
train,97095$_$2,text,1.0
train,97095$_$2,audio,1.0
train,97095$_$2,vision,1.0
train,97095$_$5,text,1.0
train,97095$_$5,audio,1.0
train,97095$_$5,vision,1.0
train,97095$_$11,text,1.0
train,97095$_$11,audio,1.0
train,97095$_$11,vision,1.0
train,97095$_$17,text,1.0
train,97095$_$17,audio,1.0
train,97095$_$17,vision,1.0
train,97095$_$16,text,1.0
train,97095$_$16,audio,1.0
train,97095$_$16,vision,1.0
train,97095$_$33,text,1.0
train,97095$_$33,audio,1.0
train,97095$_$33,vision,1.0
train,97095$_$32,text,1.0
train,97095$_$32,audio,1.0
train,97095$_$32,vision,1.0
train,97992$_$10,text,1.0
train,97992$_$10,audio,1.0
train,97992$_$10,vision,1.0
train,97992$_$9,text,1.0
train,97992$_$9,audio,1.0
train,97992$_$9,vision,1.0
train,98187$_$11,text,1.0
train,98187$_$11,audio,1.0
train,98187$_$11,vision,0.8125
train,98187$_$12,text,1.0
train,98187$_$12,audio,1.0
train,98187$_$12,vision,0.0
train,98187$_$1,text,1.0
train,98187$_$1,audio,1.0
train,98187$_$1,vision,0.4
train,98442$_$10,text,1.0
train,98442$_$10,audio,1.0
train,98442$_$10,vision,1.0
train,984VkHzXl8w$_$7,text,1.0
train,984VkHzXl8w$_$7,audio,1.0
train,984VkHzXl8w$_$7,vision,1.0
train,9BceQC_SdTM$_$3,text,1.0
train,9BceQC_SdTM$_$3,audio,1.0
train,9BceQC_SdTM$_$3,vision,1.0
train,9BceQC_SdTM$_$6,text,1.0
train,9BceQC_SdTM$_$6,audio,1.0
train,9BceQC_SdTM$_$6,vision,1.0
train,9K5mYSaoBL4$_$4,text,1.0
train,9K5mYSaoBL4$_$4,audio,1.0
train,9K5mYSaoBL4$_$4,vision,0.07142857142857142
train,9K5mYSaoBL4$_$9,text,1.0
train,9K5mYSaoBL4$_$9,audio,1.0
train,9K5mYSaoBL4$_$9,vision,0.0
train,9Un1O2ypJmI$_$5,text,1.0
train,9Un1O2ypJmI$_$5,audio,1.0
train,9Un1O2ypJmI$_$5,vision,1.0
train,9VZ4cpoTFbo$_$2,text,1.0
train,9VZ4cpoTFbo$_$2,audio,1.0
train,9VZ4cpoTFbo$_$2,vision,1.0
train,9VZ4cpoTFbo$_$5,text,1.0
train,9VZ4cpoTFbo$_$5,audio,1.0
train,9VZ4cpoTFbo$_$5,vision,1.0
train,9cSJglGi9Pg$_$6,text,1.0
train,9cSJglGi9Pg$_$6,audio,1.0
train,9cSJglGi9Pg$_$6,vision,1.0
train,9cxlcpbmrH0$_$11,text,1.0
train,9cxlcpbmrH0$_$11,audio,1.0
train,9cxlcpbmrH0$_$11,vision,1.0
train,9dFEGb_RfwE$_$11,text,1.0
train,9dFEGb_RfwE$_$11,audio,0.5416666666666666
train,9dFEGb_RfwE$_$11,vision,0.3958333333333333
train,9f6A3ucYArQ$_$3,text,1.0
train,9f6A3ucYArQ$_$3,audio,1.0
train,9f6A3ucYArQ$_$3,vision,1.0
train,9pdyTplXwM4$_$5,text,1.0
train,9pdyTplXwM4$_$5,audio,1.0
train,9pdyTplXwM4$_$5,vision,1.0
train,9pzn93kdP_g$_$11,text,1.0
train,9pzn93kdP_g$_$11,audio,1.0
train,9pzn93kdP_g$_$11,vision,1.0
train,9pzn93kdP_g$_$17,text,1.0
train,9pzn93kdP_g$_$17,audio,1.0
train,9pzn93kdP_g$_$17,vision,1.0
train,9pzn93kdP_g$_$3,text,1.0
train,9pzn93kdP_g$_$3,audio,1.0
train,9pzn93kdP_g$_$3,vision,1.0
train,9tX18DNC74w$_$4,text,1.0
train,9tX18DNC74w$_$4,audio,1.0
train,9tX18DNC74w$_$4,vision,1.0
train,9zWeMrfr-l0$_$0,text,1.0
train,9zWeMrfr-l0$_$0,audio,1.0
train,9zWeMrfr-l0$_$0,vision,1.0
train,A4dzxgHDhF0$_$1,text,1.0
train,A4dzxgHDhF0$_$1,audio,1.0
train,A4dzxgHDhF0$_$1,vision,1.0
train,A8plGi4rbxM$_$4,text,1.0
train,A8plGi4rbxM$_$4,audio,1.0
train,A8plGi4rbxM$_$4,vision,1.0
train,ABSC1JNdpTw$_$9,text,1.0
train,ABSC1JNdpTw$_$9,audio,1.0
train,ABSC1JNdpTw$_$9,vision,1.0
train,ABSC1JNdpTw$_$11,text,1.0
train,ABSC1JNdpTw$_$11,audio,1.0
train,ABSC1JNdpTw$_$11,vision,1.0
train,ADYia28RrFU$_$4,text,1.0
train,ADYia28RrFU$_$4,audio,1.0
train,ADYia28RrFU$_$4,vision,1.0
train,ADYia28RrFU$_$7,text,1.0
train,ADYia28RrFU$_$7,audio,1.0
train,ADYia28RrFU$_$7,vision,0.10714285714285714
train,ADYia28RrFU$_$9,text,1.0
train,ADYia28RrFU$_$9,audio,1.0
train,ADYia28RrFU$_$9,vision,1.0
train,ADYia28RrFU$_$8,text,1.0
train,ADYia28RrFU$_$8,audio,1.0
train,ADYia28RrFU$_$8,vision,1.0
train,AGFgaKPzjMQ$_$2,text,1.0
train,AGFgaKPzjMQ$_$2,audio,1.0
train,AGFgaKPzjMQ$_$2,vision,1.0
train,AIPqRuTjI4E$_$14,text,1.0
train,AIPqRuTjI4E$_$14,audio,1.0
train,AIPqRuTjI4E$_$14,vision,1.0
train,AIPqRuTjI4E$_$16,text,1.0
train,AIPqRuTjI4E$_$16,audio,1.0
train,AIPqRuTjI4E$_$16,vision,1.0
train,AKofHsmxa1I$_$6,text,1.0
train,AKofHsmxa1I$_$6,audio,1.0
train,AKofHsmxa1I$_$6,vision,1.0
train,APYv5s4ucd0$_$9,text,1.0
train,APYv5s4ucd0$_$9,audio,1.0
train,APYv5s4ucd0$_$9,vision,1.0
train,AVScVfLgNmw$_$1,text,1.0
train,AVScVfLgNmw$_$1,audio,1.0
train,AVScVfLgNmw$_$1,vision,0.0
train,AVScVfLgNmw$_$2,text,1.0
train,AVScVfLgNmw$_$2,audio,1.0
train,AVScVfLgNmw$_$2,vision,0.7894736842105263
train,AepwIhSbAws$_$2,text,1.0
train,AepwIhSbAws$_$2,audio,1.0
train,AepwIhSbAws$_$2,vision,1.0
train,AggyS1coOb8$_$1,text,1.0
train,AggyS1coOb8$_$1,audio,1.0
train,AggyS1coOb8$_$1,vision,1.0
train,AmGocfFQfVE$_$1,text,1.0
train,AmGocfFQfVE$_$1,audio,1.0
train,AmGocfFQfVE$_$1,vision,1.0
train,AuPCZlKBzq8$_$11,text,1.0
train,AuPCZlKBzq8$_$11,audio,1.0
train,AuPCZlKBzq8$_$11,vision,1.0
train,Az3e1Opu0LE$_$1,text,1.0
train,Az3e1Opu0LE$_$1,audio,1.0
train,Az3e1Opu0LE$_$1,vision,1.0
train,Az3e1Opu0LE$_$5,text,1.0
train,Az3e1Opu0LE$_$5,audio,1.0
train,Az3e1Opu0LE$_$5,vision,1.0
train,BAi3ZJo5Vwg$_$11,text,1.0
train,BAi3ZJo5Vwg$_$11,audio,1.0
train,BAi3ZJo5Vwg$_$11,vision,1.0
train,BAi3ZJo5Vwg$_$7,text,1.0
train,BAi3ZJo5Vwg$_$7,audio,1.0
train,BAi3ZJo5Vwg$_$7,vision,1.0
train,BB_VwJSg3AI$_$6,text,1.0
train,BB_VwJSg3AI$_$6,audio,1.0
train,BB_VwJSg3AI$_$6,vision,1.0
train,BBoe8-HWPSw$_$4,text,1.0
train,BBoe8-HWPSw$_$4,audio,1.0
train,BBoe8-HWPSw$_$4,vision,0.8484848484848485
train,BBoe8-HWPSw$_$7,text,1.0
train,BBoe8-HWPSw$_$7,audio,1.0
train,BBoe8-HWPSw$_$7,vision,1.0
train,BDCFV4EqHjY$_$1,text,1.0
train,BDCFV4EqHjY$_$1,audio,1.0
train,BDCFV4EqHjY$_$1,vision,1.0
train,BMhG11CXgww$_$5,text,1.0
train,BMhG11CXgww$_$5,audio,1.0
train,BMhG11CXgww$_$5,vision,1.0
train,BRdw-_dbJXc$_$19,text,1.0
train,BRdw-_dbJXc$_$19,audio,1.0
train,BRdw-_dbJXc$_$19,vision,1.0
train,BRzjQHYWbSs$_$11,text,1.0
train,BRzjQHYWbSs$_$11,audio,1.0
train,BRzjQHYWbSs$_$11,vision,1.0
train,BRzjQHYWbSs$_$15,text,1.0
train,BRzjQHYWbSs$_$15,audio,1.0
train,BRzjQHYWbSs$_$15,vision,1.0
train,BRzjQHYWbSs$_$16,text,1.0
train,BRzjQHYWbSs$_$16,audio,1.0
train,BRzjQHYWbSs$_$16,vision,1.0
train,BdqoZ5qpz0E$_$7,text,1.0
train,BdqoZ5qpz0E$_$7,audio,1.0
train,BdqoZ5qpz0E$_$7,vision,1.0
train,BdqoZ5qpz0E$_$6,text,1.0
train,BdqoZ5qpz0E$_$6,audio,1.0
train,BdqoZ5qpz0E$_$6,vision,1.0
train,BdqoZ5qpz0E$_$15,text,1.0
train,BdqoZ5qpz0E$_$15,audio,1.0
train,BdqoZ5qpz0E$_$15,vision,1.0
train,Bf5owLv3X98$_$4,text,1.0
train,Bf5owLv3X98$_$4,audio,1.0
train,Bf5owLv3X98$_$4,vision,1.0
train,Bg-PA5KTjNs$_$1,text,1.0
train,Bg-PA5KTjNs$_$1,audio,1.0
train,Bg-PA5KTjNs$_$1,vision,1.0
train,Bg-PA5KTjNs$_$3,text,1.0
train,Bg-PA5KTjNs$_$3,audio,1.0
train,Bg-PA5KTjNs$_$3,vision,1.0
train,Bg-PA5KTjNs$_$6,text,1.0
train,Bg-PA5KTjNs$_$6,audio,1.0
train,Bg-PA5KTjNs$_$6,vision,1.0
train,Bg-PA5KTjNs$_$8,text,1.0
train,Bg-PA5KTjNs$_$8,audio,1.0
train,Bg-PA5KTjNs$_$8,vision,1.0
train,BnWvk0YRgE4$_$0,text,1.0
train,BnWvk0YRgE4$_$0,audio,1.0
train,BnWvk0YRgE4$_$0,vision,1.0
train,Bo5IDtP8_Fk$_$11,text,1.0
train,Bo5IDtP8_Fk$_$11,audio,1.0
train,Bo5IDtP8_Fk$_$11,vision,1.0
train,BseI8-TYWm8$_$1,text,1.0
train,BseI8-TYWm8$_$1,audio,1.0
train,BseI8-TYWm8$_$1,vision,1.0
train,BseI8-TYWm8$_$2,text,1.0
train,BseI8-TYWm8$_$2,audio,1.0
train,BseI8-TYWm8$_$2,vision,1.0
train,BseI8-TYWm8$_$4,text,1.0
train,BseI8-TYWm8$_$4,audio,1.0
train,BseI8-TYWm8$_$4,vision,1.0
train,BuPhjBayua8$_$7,text,1.0
train,BuPhjBayua8$_$7,audio,1.0
train,BuPhjBayua8$_$7,vision,1.0
train,BuPhjBayua8$_$6,text,1.0
train,BuPhjBayua8$_$6,audio,1.0
train,BuPhjBayua8$_$6,vision,1.0
train,C03473pYcRM$_$7,text,1.0
train,C03473pYcRM$_$7,audio,1.0
train,C03473pYcRM$_$7,vision,1.0
train,C3lDRFu1ZcI$_$1,text,1.0
train,C3lDRFu1ZcI$_$1,audio,1.0
train,C3lDRFu1ZcI$_$1,vision,0.8571428571428571
train,C3lDRFu1ZcI$_$3,text,1.0
train,C3lDRFu1ZcI$_$3,audio,1.0
train,C3lDRFu1ZcI$_$3,vision,0.0
train,CBYQDIqucxE$_$0,text,1.0
train,CBYQDIqucxE$_$0,audio,1.0
train,CBYQDIqucxE$_$0,vision,1.0
train,CE9yV4SearE$_$11,text,1.0
train,CE9yV4SearE$_$11,audio,1.0
train,CE9yV4SearE$_$11,vision,1.0
train,CHh6hWo1AFE$_$2,text,1.0
train,CHh6hWo1AFE$_$2,audio,1.0
train,CHh6hWo1AFE$_$2,vision,1.0
train,CIqRibqChDQ$_$0,text,1.0
train,CIqRibqChDQ$_$0,audio,1.0
train,CIqRibqChDQ$_$0,vision,1.0
train,CIqRibqChDQ$_$8,text,1.0
train,CIqRibqChDQ$_$8,audio,1.0
train,CIqRibqChDQ$_$8,vision,1.0
train,CK31s0kfp-k$_$16,text,1.0
train,CK31s0kfp-k$_$16,audio,1.0
train,CK31s0kfp-k$_$16,vision,1.0
train,CL4hDu95Eqw$_$0,text,1.0
train,CL4hDu95Eqw$_$0,audio,1.0
train,CL4hDu95Eqw$_$0,vision,1.0
train,CL4hDu95Eqw$_$3,text,1.0
train,CL4hDu95Eqw$_$3,audio,1.0
train,CL4hDu95Eqw$_$3,vision,1.0
train,CLkTjujFVKU$_$12,text,1.0
train,CLkTjujFVKU$_$12,audio,1.0
train,CLkTjujFVKU$_$12,vision,1.0
train,CLkTjujFVKU$_$0,text,1.0
train,CLkTjujFVKU$_$0,audio,1.0
train,CLkTjujFVKU$_$0,vision,1.0
train,CT7QOWbhfv4$_$3,text,1.0
train,CT7QOWbhfv4$_$3,audio,1.0
train,CT7QOWbhfv4$_$3,vision,1.0
train,CVx494kExvc$_$2,text,1.0
train,CVx494kExvc$_$2,audio,1.0
train,CVx494kExvc$_$2,vision,1.0
train,CVx494kExvc$_$6,text,1.0
train,CVx494kExvc$_$6,audio,1.0
train,CVx494kExvc$_$6,vision,1.0
train,CVx494kExvc$_$15,text,1.0
train,CVx494kExvc$_$15,audio,1.0
train,CVx494kExvc$_$15,vision,1.0
train,CVx494kExvc$_$8,text,1.0
train,CVx494kExvc$_$8,audio,1.0
train,CVx494kExvc$_$8,vision,1.0
train,CXojk-oSaEw$_$2,text,1.0
train,CXojk-oSaEw$_$2,audio,1.0
train,CXojk-oSaEw$_$2,vision,1.0
train,CZigX1ntOsI$_$3,text,1.0
train,CZigX1ntOsI$_$3,audio,1.0
train,CZigX1ntOsI$_$3,vision,1.0
train,Cb8ay6WtJuM$_$1,text,1.0
train,Cb8ay6WtJuM$_$1,audio,1.0
train,Cb8ay6WtJuM$_$1,vision,0.0
train,Cb8ay6WtJuM$_$4,text,1.0
train,Cb8ay6WtJuM$_$4,audio,1.0
train,Cb8ay6WtJuM$_$4,vision,0.0
train,Cd0JH1AreDw$_$5,text,1.0
train,Cd0JH1AreDw$_$5,audio,1.0
train,Cd0JH1AreDw$_$5,vision,1.0
train,CdB8QBhFccs$_$1,text,1.0
train,CdB8QBhFccs$_$1,audio,1.0
train,CdB8QBhFccs$_$1,vision,1.0
train,CdB8QBhFccs$_$2,text,1.0
train,CdB8QBhFccs$_$2,audio,1.0
train,CdB8QBhFccs$_$2,vision,1.0
train,CdB8QBhFccs$_$4,text,1.0
train,CdB8QBhFccs$_$4,audio,1.0
train,CdB8QBhFccs$_$4,vision,1.0
train,Ceu9AkIjuLY$_$13,text,1.0
train,Ceu9AkIjuLY$_$13,audio,1.0
train,Ceu9AkIjuLY$_$13,vision,1.0
train,Ceu9AkIjuLY$_$2,text,1.0
train,Ceu9AkIjuLY$_$2,audio,1.0
train,Ceu9AkIjuLY$_$2,vision,1.0
train,Ceu9AkIjuLY$_$4,text,1.0
train,Ceu9AkIjuLY$_$4,audio,1.0
train,Ceu9AkIjuLY$_$4,vision,1.0
train,Ceu9AkIjuLY$_$8,text,1.0
train,Ceu9AkIjuLY$_$8,audio,1.0
train,Ceu9AkIjuLY$_$8,vision,1.0
train,Cj7R36s4dbM$_$10,text,1.0
train,Cj7R36s4dbM$_$10,audio,1.0
train,Cj7R36s4dbM$_$10,vision,1.0
train,Ctc23Icfzvg$_$3,text,1.0
train,Ctc23Icfzvg$_$3,audio,1.0
train,Ctc23Icfzvg$_$3,vision,0.25
train,Ctc23Icfzvg$_$5,text,1.0
train,Ctc23Icfzvg$_$5,audio,1.0
train,Ctc23Icfzvg$_$5,vision,0.8518518518518519
train,CvW0Mh1EWFA$_$3,text,1.0
train,CvW0Mh1EWFA$_$3,audio,1.0
train,CvW0Mh1EWFA$_$3,vision,0.9375
train,CzstrpOTtgo$_$4,text,1.0
train,CzstrpOTtgo$_$4,audio,1.0
train,CzstrpOTtgo$_$4,vision,1.0
train,D5cQWqYcBAE$_$0,text,1.0
train,D5cQWqYcBAE$_$0,audio,1.0
train,D5cQWqYcBAE$_$0,vision,1.0
train,D5cQWqYcBAE$_$2,text,1.0
train,D5cQWqYcBAE$_$2,audio,1.0
train,D5cQWqYcBAE$_$2,vision,1.0
train,DEFDuYyc-Xw$_$7,text,1.0
train,DEFDuYyc-Xw$_$7,audio,1.0
train,DEFDuYyc-Xw$_$7,vision,1.0
train,DGeBPk1op3E$_$2,text,1.0
train,DGeBPk1op3E$_$2,audio,1.0
train,DGeBPk1op3E$_$2,vision,1.0
train,DGeBPk1op3E$_$5,text,1.0
train,DGeBPk1op3E$_$5,audio,1.0
train,DGeBPk1op3E$_$5,vision,0.43333333333333335
train,DQ7QKE3hzVg$_$1,text,1.0
train,DQ7QKE3hzVg$_$1,audio,1.0
train,DQ7QKE3hzVg$_$1,vision,1.0
train,DXQGngge7vU$_$4,text,1.0
train,DXQGngge7vU$_$4,audio,1.0
train,DXQGngge7vU$_$4,vision,1.0
train,DZBpdzrMelA$_$3,text,1.0
train,DZBpdzrMelA$_$3,audio,1.0
train,DZBpdzrMelA$_$3,vision,1.0
train,DZBpdzrMelA$_$5,text,1.0
train,DZBpdzrMelA$_$5,audio,1.0
train,DZBpdzrMelA$_$5,vision,0.65625
train,DZIFCYOhosQ$_$5,text,1.0
train,DZIFCYOhosQ$_$5,audio,1.0
train,DZIFCYOhosQ$_$5,vision,1.0
train,DZIFCYOhosQ$_$6,text,1.0
train,DZIFCYOhosQ$_$6,audio,1.0
train,DZIFCYOhosQ$_$6,vision,1.0
train,DaXkixKFEvE$_$4,text,1.0
train,DaXkixKFEvE$_$4,audio,1.0
train,DaXkixKFEvE$_$4,vision,1.0
train,DatH-ra0VKY$_$12,text,1.0
train,DatH-ra0VKY$_$12,audio,1.0
train,DatH-ra0VKY$_$12,vision,1.0
train,DatH-ra0VKY$_$3,text,1.0
train,DatH-ra0VKY$_$3,audio,1.0
train,DatH-ra0VKY$_$3,vision,1.0
train,DatH-ra0VKY$_$4,text,1.0
train,DatH-ra0VKY$_$4,audio,1.0
train,DatH-ra0VKY$_$4,vision,1.0
train,DbAppk7xT0Y$_$0,text,1.0
train,DbAppk7xT0Y$_$0,audio,1.0
train,DbAppk7xT0Y$_$0,vision,0.0
train,DfTMoqwMHVE$_$0,text,1.0
train,DfTMoqwMHVE$_$0,audio,1.0
train,DfTMoqwMHVE$_$0,vision,1.0
train,DhXBaBOB4E8$_$5,text,1.0
train,DhXBaBOB4E8$_$5,audio,1.0
train,DhXBaBOB4E8$_$5,vision,1.0
train,DiOw-w5LDJ0$_$1,text,1.0
train,DiOw-w5LDJ0$_$1,audio,1.0
train,DiOw-w5LDJ0$_$1,vision,1.0
train,DiOw-w5LDJ0$_$0,text,1.0
train,DiOw-w5LDJ0$_$0,audio,1.0
train,DiOw-w5LDJ0$_$0,vision,1.0
train,Drhrzj1yhVs$_$8,text,1.0
train,Drhrzj1yhVs$_$8,audio,1.0
train,Drhrzj1yhVs$_$8,vision,1.0
train,Drhrzj1yhVs$_$5,text,1.0
train,Drhrzj1yhVs$_$5,audio,1.0
train,Drhrzj1yhVs$_$5,vision,1.0
train,Dws8ZrzF7xQ$_$7,text,1.0
train,Dws8ZrzF7xQ$_$7,audio,1.0
train,Dws8ZrzF7xQ$_$7,vision,1.0
train,E0g6nae4Ae4$_$24,text,1.0
train,E0g6nae4Ae4$_$24,audio,1.0
train,E0g6nae4Ae4$_$24,vision,1.0
train,E0g6nae4Ae4$_$22,text,1.0
train,E0g6nae4Ae4$_$22,audio,1.0
train,E0g6nae4Ae4$_$22,vision,1.0
train,E0g6nae4Ae4$_$23,text,1.0
train,E0g6nae4Ae4$_$23,audio,1.0
train,E0g6nae4Ae4$_$23,vision,0.8157894736842105
train,E0g6nae4Ae4$_$1,text,1.0
train,E0g6nae4Ae4$_$1,audio,1.0
train,E0g6nae4Ae4$_$1,vision,1.0
train,E0g6nae4Ae4$_$4,text,1.0
train,E0g6nae4Ae4$_$4,audio,1.0
train,E0g6nae4Ae4$_$4,vision,1.0
train,E0g6nae4Ae4$_$8,text,1.0
train,E0g6nae4Ae4$_$8,audio,1.0
train,E0g6nae4Ae4$_$8,vision,1.0
train,E0g6nae4Ae4$_$19,text,1.0
train,E0g6nae4Ae4$_$19,audio,1.0
train,E0g6nae4Ae4$_$19,vision,0.875
train,E0g6nae4Ae4$_$33,text,1.0
train,E0g6nae4Ae4$_$33,audio,1.0
train,E0g6nae4Ae4$_$33,vision,1.0
train,E8L1Z71vKG8$_$3,text,1.0
train,E8L1Z71vKG8$_$3,audio,1.0
train,E8L1Z71vKG8$_$3,vision,1.0
train,EEUGfVTyTQM$_$1,text,1.0
train,EEUGfVTyTQM$_$1,audio,1.0
train,EEUGfVTyTQM$_$1,vision,1.0
train,EHbZ2EeVags$_$1,text,1.0
train,EHbZ2EeVags$_$1,audio,1.0
train,EHbZ2EeVags$_$1,vision,1.0
train,EJT25p7JahU$_$7,text,1.0
train,EJT25p7JahU$_$7,audio,1.0
train,EJT25p7JahU$_$7,vision,1.0
train,EJT25p7JahU$_$6,text,1.0
train,EJT25p7JahU$_$6,audio,1.0
train,EJT25p7JahU$_$6,vision,1.0
train,EO_SN04Xef0$_$2,text,1.0
train,EO_SN04Xef0$_$2,audio,1.0
train,EO_SN04Xef0$_$2,vision,1.0
train,EOkdFMw0pmk$_$11,text,1.0
train,EOkdFMw0pmk$_$11,audio,1.0
train,EOkdFMw0pmk$_$11,vision,1.0
train,EOkdFMw0pmk$_$9,text,1.0
train,EOkdFMw0pmk$_$9,audio,1.0
train,EOkdFMw0pmk$_$9,vision,0.08
train,ERnYvxojeu0$_$1,text,1.0
train,ERnYvxojeu0$_$1,audio,1.0
train,ERnYvxojeu0$_$1,vision,0.7894736842105263
train,ERnYvxojeu0$_$2,text,1.0
train,ERnYvxojeu0$_$2,audio,1.0
train,ERnYvxojeu0$_$2,vision,0.10714285714285714
train,ERnYvxojeu0$_$4,text,1.0
train,ERnYvxojeu0$_$4,audio,1.0
train,ERnYvxojeu0$_$4,vision,1.0
train,EULEL3QhKD0$_$3,text,1.0
train,EULEL3QhKD0$_$3,audio,1.0
train,EULEL3QhKD0$_$3,vision,1.0
train,E_ocLuUw-1I$_$1,text,1.0
train,E_ocLuUw-1I$_$1,audio,1.0
train,E_ocLuUw-1I$_$1,vision,1.0
train,Ea_Huc2-lwo$_$2,text,1.0
train,Ea_Huc2-lwo$_$2,audio,1.0
train,Ea_Huc2-lwo$_$2,vision,1.0
train,Emi9cw9xa00$_$9,text,1.0
train,Emi9cw9xa00$_$9,audio,1.0
train,Emi9cw9xa00$_$9,vision,1.0
train,Emjv2cDzW1E$_$0,text,1.0
train,Emjv2cDzW1E$_$0,audio,1.0
train,Emjv2cDzW1E$_$0,vision,1.0
train,EoC83JhkCAw$_$10,text,1.0
train,EoC83JhkCAw$_$10,audio,1.0
train,EoC83JhkCAw$_$10,vision,0.0
train,EoC83JhkCAw$_$5,text,1.0
train,EoC83JhkCAw$_$5,audio,1.0
train,EoC83JhkCAw$_$5,vision,1.0
train,EoC83JhkCAw$_$4,text,1.0
train,EoC83JhkCAw$_$4,audio,1.0
train,EoC83JhkCAw$_$4,vision,0.48
train,EpadyoYlAjQ$_$0,text,1.0
train,EpadyoYlAjQ$_$0,audio,1.0
train,EpadyoYlAjQ$_$0,vision,1.0
train,ExDLNkDVsxY$_$4,text,1.0
train,ExDLNkDVsxY$_$4,audio,1.0
train,ExDLNkDVsxY$_$4,vision,1.0
train,ExDLNkDVsxY$_$6,text,1.0
train,ExDLNkDVsxY$_$6,audio,1.0
train,ExDLNkDVsxY$_$6,vision,0.75
train,F2M7WbPXRps$_$11,text,1.0
train,F2M7WbPXRps$_$11,audio,1.0
train,F2M7WbPXRps$_$11,vision,1.0
train,F2M7WbPXRps$_$12,text,1.0
train,F2M7WbPXRps$_$12,audio,1.0
train,F2M7WbPXRps$_$12,vision,1.0
train,F4OhXQTMOEc$_$3,text,1.0
train,F4OhXQTMOEc$_$3,audio,1.0
train,F4OhXQTMOEc$_$3,vision,1.0
train,F59hwsm4Ld0$_$23,text,1.0
train,F59hwsm4Ld0$_$23,audio,1.0
train,F59hwsm4Ld0$_$23,vision,1.0
train,F59hwsm4Ld0$_$49,text,1.0
train,F59hwsm4Ld0$_$49,audio,1.0
train,F59hwsm4Ld0$_$49,vision,1.0
train,F59hwsm4Ld0$_$0,text,1.0
train,F59hwsm4Ld0$_$0,audio,1.0
train,F59hwsm4Ld0$_$0,vision,1.0
train,F59hwsm4Ld0$_$7,text,1.0
train,F59hwsm4Ld0$_$7,audio,1.0
train,F59hwsm4Ld0$_$7,vision,1.0
train,F59hwsm4Ld0$_$6,text,1.0
train,F59hwsm4Ld0$_$6,audio,1.0
train,F59hwsm4Ld0$_$6,vision,1.0
train,F59hwsm4Ld0$_$11,text,1.0
train,F59hwsm4Ld0$_$11,audio,1.0
train,F59hwsm4Ld0$_$11,vision,1.0
train,F59hwsm4Ld0$_$14,text,1.0
train,F59hwsm4Ld0$_$14,audio,1.0
train,F59hwsm4Ld0$_$14,vision,1.0
train,F59hwsm4Ld0$_$17,text,1.0
train,F59hwsm4Ld0$_$17,audio,1.0
train,F59hwsm4Ld0$_$17,vision,1.0
train,F59hwsm4Ld0$_$16,text,1.0
train,F59hwsm4Ld0$_$16,audio,1.0
train,F59hwsm4Ld0$_$16,vision,1.0
train,F59hwsm4Ld0$_$36,text,1.0
train,F59hwsm4Ld0$_$36,audio,1.0
train,F59hwsm4Ld0$_$36,vision,1.0
train,F5SGdvSRJmo$_$10,text,1.0
train,F5SGdvSRJmo$_$10,audio,1.0
train,F5SGdvSRJmo$_$10,vision,1.0
train,F5SGdvSRJmo$_$3,text,1.0
train,F5SGdvSRJmo$_$3,audio,1.0
train,F5SGdvSRJmo$_$3,vision,1.0
train,F5SGdvSRJmo$_$7,text,1.0
train,F5SGdvSRJmo$_$7,audio,1.0
train,F5SGdvSRJmo$_$7,vision,1.0
train,F6Ci45lP5aA$_$0,text,1.0
train,F6Ci45lP5aA$_$0,audio,1.0
train,F6Ci45lP5aA$_$0,vision,1.0
train,F8KE2ZhoUe4$_$16,text,1.0
train,F8KE2ZhoUe4$_$16,audio,1.0
train,F8KE2ZhoUe4$_$16,vision,1.0
train,F8KE2ZhoUe4$_$19,text,1.0
train,F8KE2ZhoUe4$_$19,audio,1.0
train,F8KE2ZhoUe4$_$19,vision,1.0
train,F8KE2ZhoUe4$_$4,text,1.0
train,F8KE2ZhoUe4$_$4,audio,1.0
train,F8KE2ZhoUe4$_$4,vision,1.0
train,F8KE2ZhoUe4$_$20,text,1.0
train,F8KE2ZhoUe4$_$20,audio,1.0
train,F8KE2ZhoUe4$_$20,vision,1.0
train,FHlzZ2VxuGQ$_$13,text,1.0
train,FHlzZ2VxuGQ$_$13,audio,1.0
train,FHlzZ2VxuGQ$_$13,vision,1.0
train,FHlzZ2VxuGQ$_$7,text,1.0
train,FHlzZ2VxuGQ$_$7,audio,1.0
train,FHlzZ2VxuGQ$_$7,vision,1.0
train,FHlzZ2VxuGQ$_$9,text,1.0
train,FHlzZ2VxuGQ$_$9,audio,1.0
train,FHlzZ2VxuGQ$_$9,vision,1.0
train,FLyWn2DCci4$_$1,text,1.0
train,FLyWn2DCci4$_$1,audio,1.0
train,FLyWn2DCci4$_$1,vision,1.0
train,FLyWn2DCci4$_$3,text,1.0
train,FLyWn2DCci4$_$3,audio,1.0
train,FLyWn2DCci4$_$3,vision,1.0
train,FMW6diQ9rMo$_$4,text,1.0
train,FMW6diQ9rMo$_$4,audio,1.0
train,FMW6diQ9rMo$_$4,vision,1.0
train,FMW6diQ9rMo$_$8,text,1.0
train,FMW6diQ9rMo$_$8,audio,1.0
train,FMW6diQ9rMo$_$8,vision,0.6666666666666666
train,FOMXt3lStco$_$1,text,1.0
train,FOMXt3lStco$_$1,audio,1.0
train,FOMXt3lStco$_$1,vision,1.0
train,FR0B64ID-hA$_$5,text,1.0
train,FR0B64ID-hA$_$5,audio,1.0
train,FR0B64ID-hA$_$5,vision,1.0
train,FRKwvmrwrZA$_$24,text,1.0
train,FRKwvmrwrZA$_$24,audio,1.0
train,FRKwvmrwrZA$_$24,vision,1.0
train,FRKwvmrwrZA$_$22,text,1.0
train,FRKwvmrwrZA$_$22,audio,1.0
train,FRKwvmrwrZA$_$22,vision,1.0
train,FX-YgVKC1AI$_$5,text,1.0
train,FX-YgVKC1AI$_$5,audio,1.0
train,FX-YgVKC1AI$_$5,vision,1.0
train,FX-YgVKC1AI$_$7,text,1.0
train,FX-YgVKC1AI$_$7,audio,1.0
train,FX-YgVKC1AI$_$7,vision,1.0
train,FaHosBIr0xY$_$3,text,1.0
train,FaHosBIr0xY$_$3,audio,1.0
train,FaHosBIr0xY$_$3,vision,1.0
train,FdTczBnXtYU$_$3,text,1.0
train,FdTczBnXtYU$_$3,audio,1.0
train,FdTczBnXtYU$_$3,vision,1.0
train,FmIS69vB12I$_$13,text,1.0
train,FmIS69vB12I$_$13,audio,1.0
train,FmIS69vB12I$_$13,vision,0.0
train,FmIS69vB12I$_$0,text,1.0
train,FmIS69vB12I$_$0,audio,1.0
train,FmIS69vB12I$_$0,vision,0.0625
train,FmIS69vB12I$_$3,text,1.0
train,FmIS69vB12I$_$3,audio,1.0
train,FmIS69vB12I$_$3,vision,1.0
train,FmIS69vB12I$_$2,text,1.0
train,FmIS69vB12I$_$2,audio,1.0
train,FmIS69vB12I$_$2,vision,1.0
train,FmIS69vB12I$_$7,text,1.0
train,FmIS69vB12I$_$7,audio,1.0
train,FmIS69vB12I$_$7,vision,1.0
train,Fmwc7wkIc4Q$_$10,text,1.0
train,Fmwc7wkIc4Q$_$10,audio,1.0
train,Fmwc7wkIc4Q$_$10,vision,1.0
train,Fmwc7wkIc4Q$_$13,text,1.0
train,Fmwc7wkIc4Q$_$13,audio,1.0
train,Fmwc7wkIc4Q$_$13,vision,1.0
train,Fmwc7wkIc4Q$_$14,text,1.0
train,Fmwc7wkIc4Q$_$14,audio,1.0
train,Fmwc7wkIc4Q$_$14,vision,1.0
train,FphtHpVV-7w$_$0,text,1.0
train,FphtHpVV-7w$_$0,audio,1.0
train,FphtHpVV-7w$_$0,vision,1.0
train,FphtHpVV-7w$_$3,text,1.0
train,FphtHpVV-7w$_$3,audio,1.0
train,FphtHpVV-7w$_$3,vision,1.0
train,FsmNLTdE2p0$_$0,text,1.0
train,FsmNLTdE2p0$_$0,audio,1.0
train,FsmNLTdE2p0$_$0,vision,1.0
train,FvoZgWvc3gc$_$11,text,1.0
train,FvoZgWvc3gc$_$11,audio,1.0
train,FvoZgWvc3gc$_$11,vision,1.0
train,FylhSeozvG8$_$3,text,1.0
train,FylhSeozvG8$_$3,audio,1.0
train,FylhSeozvG8$_$3,vision,0.05
train,FylhSeozvG8$_$2,text,1.0
train,FylhSeozvG8$_$2,audio,1.0
train,FylhSeozvG8$_$2,vision,0.3333333333333333
train,FylhSeozvG8$_$5,text,1.0
train,FylhSeozvG8$_$5,audio,1.0
train,FylhSeozvG8$_$5,vision,0.0
train,FylhSeozvG8$_$6,text,1.0
train,FylhSeozvG8$_$6,audio,1.0
train,FylhSeozvG8$_$6,vision,0.0
train,G1Z_JUTgZqo$_$0,text,1.0
train,G1Z_JUTgZqo$_$0,audio,1.0
train,G1Z_JUTgZqo$_$0,vision,1.0
train,G1Z_JUTgZqo$_$3,text,1.0
train,G1Z_JUTgZqo$_$3,audio,1.0
train,G1Z_JUTgZqo$_$3,vision,1.0
train,G1Z_JUTgZqo$_$2,text,1.0
train,G1Z_JUTgZqo$_$2,audio,1.0
train,G1Z_JUTgZqo$_$2,vision,1.0
train,G38DwNDQ8Cc$_$26,text,1.0
train,G38DwNDQ8Cc$_$26,audio,1.0
train,G38DwNDQ8Cc$_$26,vision,1.0
train,G38DwNDQ8Cc$_$1,text,1.0
train,G38DwNDQ8Cc$_$1,audio,1.0
train,G38DwNDQ8Cc$_$1,vision,1.0
train,G38DwNDQ8Cc$_$0,text,1.0
train,G38DwNDQ8Cc$_$0,audio,1.0
train,G38DwNDQ8Cc$_$0,vision,1.0
train,G38DwNDQ8Cc$_$2,text,1.0
train,G38DwNDQ8Cc$_$2,audio,1.0
train,G38DwNDQ8Cc$_$2,vision,1.0
train,G38DwNDQ8Cc$_$5,text,1.0
train,G38DwNDQ8Cc$_$5,audio,1.0
train,G38DwNDQ8Cc$_$5,vision,1.0
train,G4HMKRdIva0$_$10,text,1.0
train,G4HMKRdIva0$_$10,audio,1.0
train,G4HMKRdIva0$_$10,vision,1.0
train,G4HMKRdIva0$_$18,text,1.0
train,G4HMKRdIva0$_$18,audio,1.0
train,G4HMKRdIva0$_$18,vision,1.0
train,G4HMKRdIva0$_$15,text,1.0
train,G4HMKRdIva0$_$15,audio,1.0
train,G4HMKRdIva0$_$15,vision,1.0
train,G8p4QMjLUXI$_$7,text,1.0
train,G8p4QMjLUXI$_$7,audio,1.0
train,G8p4QMjLUXI$_$7,vision,0.7692307692307693
train,G8p4QMjLUXI$_$9,text,1.0
train,G8p4QMjLUXI$_$9,audio,1.0
train,G8p4QMjLUXI$_$9,vision,0.84
train,GAY5ICoVnA8$_$12,text,1.0
train,GAY5ICoVnA8$_$12,audio,1.0
train,GAY5ICoVnA8$_$12,vision,1.0
train,GAY5ICoVnA8$_$3,text,1.0
train,GAY5ICoVnA8$_$3,audio,1.0
train,GAY5ICoVnA8$_$3,vision,1.0
train,GAY5ICoVnA8$_$5,text,1.0
train,GAY5ICoVnA8$_$5,audio,1.0
train,GAY5ICoVnA8$_$5,vision,1.0
train,GCOFujDHDx0$_$10,text,1.0
train,GCOFujDHDx0$_$10,audio,1.0
train,GCOFujDHDx0$_$10,vision,1.0
train,GCOFujDHDx0$_$2,text,1.0
train,GCOFujDHDx0$_$2,audio,1.0
train,GCOFujDHDx0$_$2,vision,1.0
train,GCOFujDHDx0$_$5,text,1.0
train,GCOFujDHDx0$_$5,audio,1.0
train,GCOFujDHDx0$_$5,vision,1.0
train,GCOFujDHDx0$_$9,text,1.0
train,GCOFujDHDx0$_$9,audio,1.0
train,GCOFujDHDx0$_$9,vision,1.0
train,GICVzJMDfv0$_$1,text,1.0
train,GICVzJMDfv0$_$1,audio,1.0
train,GICVzJMDfv0$_$1,vision,1.0
train,GJyzeK-Cn-0$_$6,text,1.0
train,GJyzeK-Cn-0$_$6,audio,1.0
train,GJyzeK-Cn-0$_$6,vision,1.0
train,GMnoxaqqReQ$_$1,text,1.0
train,GMnoxaqqReQ$_$1,audio,1.0
train,GMnoxaqqReQ$_$1,vision,1.0
train,GOj7TBcEA8E$_$3,text,1.0
train,GOj7TBcEA8E$_$3,audio,1.0
train,GOj7TBcEA8E$_$3,vision,1.0
train,GOj7TBcEA8E$_$4,text,1.0
train,GOj7TBcEA8E$_$4,audio,1.0
train,GOj7TBcEA8E$_$4,vision,1.0
train,GOj7TBcEA8E$_$8,text,1.0
train,GOj7TBcEA8E$_$8,audio,1.0
train,GOj7TBcEA8E$_$8,vision,1.0
train,GRFXnnrQaB4$_$0,text,1.0
train,GRFXnnrQaB4$_$0,audio,1.0
train,GRFXnnrQaB4$_$0,vision,0.0
train,GSnt_fW8qjI$_$4,text,1.0
train,GSnt_fW8qjI$_$4,audio,1.0
train,GSnt_fW8qjI$_$4,vision,0.9583333333333334
train,GTGtVdAuyRc$_$10,text,1.0
train,GTGtVdAuyRc$_$10,audio,1.0
train,GTGtVdAuyRc$_$10,vision,1.0
train,GTGtVdAuyRc$_$0,text,1.0
train,GTGtVdAuyRc$_$0,audio,1.0
train,GTGtVdAuyRc$_$0,vision,0.9473684210526315
train,GTGtVdAuyRc$_$5,text,1.0
train,GTGtVdAuyRc$_$5,audio,1.0
train,GTGtVdAuyRc$_$5,vision,1.0
train,GUffC7vu9zA$_$26,text,1.0
train,GUffC7vu9zA$_$26,audio,1.0
train,GUffC7vu9zA$_$26,vision,1.0
train,GUffC7vu9zA$_$37,text,1.0
train,GUffC7vu9zA$_$37,audio,1.0
train,GUffC7vu9zA$_$37,vision,1.0
train,GUffC7vu9zA$_$43,text,1.0
train,GUffC7vu9zA$_$43,audio,1.0
train,GUffC7vu9zA$_$43,vision,1.0
train,GUffC7vu9zA$_$41,text,1.0
train,GUffC7vu9zA$_$41,audio,1.0
train,GUffC7vu9zA$_$41,vision,1.0
train,G_M3lYn6hAA$_$5,text,1.0
train,G_M3lYn6hAA$_$5,audio,1.0
train,G_M3lYn6hAA$_$5,vision,1.0
train,GcfETVXgtg0$_$3,text,1.0
train,GcfETVXgtg0$_$3,audio,1.0
train,GcfETVXgtg0$_$3,vision,1.0
train,Gg9ZcRlwnbc$_$14,text,1.0
train,Gg9ZcRlwnbc$_$14,audio,1.0
train,Gg9ZcRlwnbc$_$14,vision,1.0
train,Gg9ZcRlwnbc$_$16,text,1.0
train,Gg9ZcRlwnbc$_$16,audio,1.0
train,Gg9ZcRlwnbc$_$16,vision,1.0
train,GkoBk5K-FH0$_$21,text,1.0
train,GkoBk5K-FH0$_$21,audio,1.0
train,GkoBk5K-FH0$_$21,vision,1.0
train,Gljee9uq_Rc$_$11,text,1.0
train,Gljee9uq_Rc$_$11,audio,1.0
train,Gljee9uq_Rc$_$11,vision,1.0
train,Gljee9uq_Rc$_$12,text,1.0
train,Gljee9uq_Rc$_$12,audio,1.0
train,Gljee9uq_Rc$_$12,vision,1.0
train,Gljee9uq_Rc$_$16,text,1.0
train,Gljee9uq_Rc$_$16,audio,1.0
train,Gljee9uq_Rc$_$16,vision,1.0
train,Gljee9uq_Rc$_$6,text,1.0
train,Gljee9uq_Rc$_$6,audio,1.0
train,Gljee9uq_Rc$_$6,vision,1.0
train,Gmhi58erY6k$_$0,text,1.0
train,Gmhi58erY6k$_$0,audio,1.0
train,Gmhi58erY6k$_$0,vision,0.13333333333333333
train,GpRDC-S88dM$_$25,text,1.0
train,GpRDC-S88dM$_$25,audio,1.0
train,GpRDC-S88dM$_$25,vision,1.0
train,GpRDC-S88dM$_$1,text,1.0
train,GpRDC-S88dM$_$1,audio,1.0
train,GpRDC-S88dM$_$1,vision,1.0
train,GpRDC-S88dM$_$18,text,1.0
train,GpRDC-S88dM$_$18,audio,1.0
train,GpRDC-S88dM$_$18,vision,1.0
train,GtRxTvuF6J0$_$7,text,1.0
train,GtRxTvuF6J0$_$7,audio,1.0
train,GtRxTvuF6J0$_$7,vision,1.0
train,Gv0kKbfwPpI$_$2,text,1.0
train,Gv0kKbfwPpI$_$2,audio,1.0
train,Gv0kKbfwPpI$_$2,vision,0.10526315789473684
train,H-AJ-grXvgQ$_$0,text,1.0
train,H-AJ-grXvgQ$_$0,audio,1.0
train,H-AJ-grXvgQ$_$0,vision,1.0
train,H26MMmrHTlQ$_$7,text,1.0
train,H26MMmrHTlQ$_$7,audio,1.0
train,H26MMmrHTlQ$_$7,vision,0.0
train,H26MMmrHTlQ$_$8,text,1.0
train,H26MMmrHTlQ$_$8,audio,1.0
train,H26MMmrHTlQ$_$8,vision,1.0
train,H4RysMUSQD8$_$7,text,1.0
train,H4RysMUSQD8$_$7,audio,1.0
train,H4RysMUSQD8$_$7,vision,1.0
train,H4w9mU8B3Mc$_$7,text,1.0
train,H4w9mU8B3Mc$_$7,audio,1.0
train,H4w9mU8B3Mc$_$7,vision,1.0
train,HByf7qiO-Kg$_$3,text,1.0
train,HByf7qiO-Kg$_$3,audio,1.0
train,HByf7qiO-Kg$_$3,vision,1.0
train,HIsJqphLCyw$_$1,text,1.0
train,HIsJqphLCyw$_$1,audio,1.0
train,HIsJqphLCyw$_$1,vision,1.0
train,HLFaW4oVP9E$_$13,text,1.0
train,HLFaW4oVP9E$_$13,audio,1.0
train,HLFaW4oVP9E$_$13,vision,1.0
train,HOCsiS0pmf0$_$2,text,1.0
train,HOCsiS0pmf0$_$2,audio,1.0
train,HOCsiS0pmf0$_$2,vision,1.0
train,HQ2LwfRcrVc$_$11,text,1.0
train,HQ2LwfRcrVc$_$11,audio,1.0
train,HQ2LwfRcrVc$_$11,vision,1.0
train,HQ2LwfRcrVc$_$8,text,1.0
train,HQ2LwfRcrVc$_$8,audio,1.0
train,HQ2LwfRcrVc$_$8,vision,1.0
train,HUH9BXVmAig$_$2,text,1.0
train,HUH9BXVmAig$_$2,audio,1.0
train,HUH9BXVmAig$_$2,vision,1.0
train,HUOMbK1x7MI$_$6,text,1.0
train,HUOMbK1x7MI$_$6,audio,1.0
train,HUOMbK1x7MI$_$6,vision,1.0
train,HVksxaUzv9Y$_$5,text,1.0
train,HVksxaUzv9Y$_$5,audio,1.0
train,HVksxaUzv9Y$_$5,vision,1.0
train,HXuRR2eBHHQ$_$2,text,1.0
train,HXuRR2eBHHQ$_$2,audio,1.0
train,HXuRR2eBHHQ$_$2,vision,0.84375
train,Ha7DMd_iKyM$_$3,text,1.0
train,Ha7DMd_iKyM$_$3,audio,1.0
train,Ha7DMd_iKyM$_$3,vision,1.0
train,Ha7DMd_iKyM$_$4,text,1.0
train,Ha7DMd_iKyM$_$4,audio,1.0
train,Ha7DMd_iKyM$_$4,vision,1.0
train,HgDdU_RB9UA$_$10,text,1.0
train,HgDdU_RB9UA$_$10,audio,1.0
train,HgDdU_RB9UA$_$10,vision,0.8125
train,HgDdU_RB9UA$_$7,text,1.0
train,HgDdU_RB9UA$_$7,audio,1.0
train,HgDdU_RB9UA$_$7,vision,1.0
train,HhpziYYP2Vg$_$16,text,1.0
train,HhpziYYP2Vg$_$16,audio,1.0
train,HhpziYYP2Vg$_$16,vision,1.0
train,Hkt_kncJGVM$_$2,text,1.0
train,Hkt_kncJGVM$_$2,audio,1.0
train,Hkt_kncJGVM$_$2,vision,1.0
train,I--8nRKCkJI$_$4,text,1.0
train,I--8nRKCkJI$_$4,audio,1.0
train,I--8nRKCkJI$_$4,vision,1.0
train,I--8nRKCkJI$_$7,text,1.0
train,I--8nRKCkJI$_$7,audio,1.0
train,I--8nRKCkJI$_$7,vision,1.0
train,I3SPlbTGuNc$_$5,text,1.0
train,I3SPlbTGuNc$_$5,audio,1.0
train,I3SPlbTGuNc$_$5,vision,1.0
train,I5cS_TlV5B8$_$2,text,1.0
train,I5cS_TlV5B8$_$2,audio,1.0
train,I5cS_TlV5B8$_$2,vision,1.0
train,IB0lGIxP8YY$_$11,text,1.0
train,IB0lGIxP8YY$_$11,audio,1.0
train,IB0lGIxP8YY$_$11,vision,1.0
train,IB0lGIxP8YY$_$5,text,1.0
train,IB0lGIxP8YY$_$5,audio,1.0
train,IB0lGIxP8YY$_$5,vision,1.0
train,IB0lGIxP8YY$_$8,text,1.0
train,IB0lGIxP8YY$_$8,audio,1.0
train,IB0lGIxP8YY$_$8,vision,1.0
train,ICeSewdyf34$_$5,text,1.0
train,ICeSewdyf34$_$5,audio,1.0
train,ICeSewdyf34$_$5,vision,1.0
train,ITQTVfk9Iqo$_$5,text,1.0
train,ITQTVfk9Iqo$_$5,audio,1.0
train,ITQTVfk9Iqo$_$5,vision,1.0
train,IW7IssCKgmI$_$9,text,1.0
train,IW7IssCKgmI$_$9,audio,1.0
train,IW7IssCKgmI$_$9,vision,1.0
train,I_r2CP56toU$_$6,text,1.0
train,I_r2CP56toU$_$6,audio,1.0
train,I_r2CP56toU$_$6,vision,0.8181818181818182
train,IawsOlEKRf0$_$11,text,1.0
train,IawsOlEKRf0$_$11,audio,1.0
train,IawsOlEKRf0$_$11,vision,1.0
train,IawsOlEKRf0$_$26,text,1.0
train,IawsOlEKRf0$_$26,audio,1.0
train,IawsOlEKRf0$_$26,vision,1.0
train,IawsOlEKRf0$_$28,text,1.0
train,IawsOlEKRf0$_$28,audio,1.0
train,IawsOlEKRf0$_$28,vision,1.0
train,IawsOlEKRf0$_$3,text,1.0
train,IawsOlEKRf0$_$3,audio,1.0
train,IawsOlEKRf0$_$3,vision,1.0
train,IawsOlEKRf0$_$5,text,1.0
train,IawsOlEKRf0$_$5,audio,1.0
train,IawsOlEKRf0$_$5,vision,0.9375
train,IkvL4IAiZog$_$8,text,1.0
train,IkvL4IAiZog$_$8,audio,1.0
train,IkvL4IAiZog$_$8,vision,1.0
train,IlgnbEdOhmI$_$9,text,1.0
train,IlgnbEdOhmI$_$9,audio,1.0
train,IlgnbEdOhmI$_$9,vision,1.0
train,IlgnbEdOhmI$_$1,text,1.0
train,IlgnbEdOhmI$_$1,audio,1.0
train,IlgnbEdOhmI$_$1,vision,1.0
train,IsAtAzltJNM$_$6,text,1.0
train,IsAtAzltJNM$_$6,audio,1.0
train,IsAtAzltJNM$_$6,vision,1.0
train,IsAtAzltJNM$_$8,text,1.0
train,IsAtAzltJNM$_$8,audio,1.0
train,IsAtAzltJNM$_$8,vision,1.0
train,Itqbc2TBXWY$_$26,text,1.0
train,Itqbc2TBXWY$_$26,audio,1.0
train,Itqbc2TBXWY$_$26,vision,1.0
train,Itqbc2TBXWY$_$23,text,1.0
train,Itqbc2TBXWY$_$23,audio,1.0
train,Itqbc2TBXWY$_$23,vision,1.0
train,Itqbc2TBXWY$_$1,text,1.0
train,Itqbc2TBXWY$_$1,audio,1.0
train,Itqbc2TBXWY$_$1,vision,1.0
train,Itqbc2TBXWY$_$0,text,1.0
train,Itqbc2TBXWY$_$0,audio,1.0
train,Itqbc2TBXWY$_$0,vision,1.0
train,Itqbc2TBXWY$_$6,text,1.0
train,Itqbc2TBXWY$_$6,audio,1.0
train,Itqbc2TBXWY$_$6,vision,1.0
train,Itqbc2TBXWY$_$13,text,1.0
train,Itqbc2TBXWY$_$13,audio,1.0
train,Itqbc2TBXWY$_$13,vision,1.0
train,Itqbc2TBXWY$_$18,text,1.0
train,Itqbc2TBXWY$_$18,audio,1.0
train,Itqbc2TBXWY$_$18,vision,1.0
train,IwQWibE8EOM$_$3,text,1.0
train,IwQWibE8EOM$_$3,audio,1.0
train,IwQWibE8EOM$_$3,vision,1.0
train,Iz_PDdyXr-8$_$3,text,1.0
train,Iz_PDdyXr-8$_$3,audio,1.0
train,Iz_PDdyXr-8$_$3,vision,1.0
train,J3-NEG8uoiE$_$11,text,1.0
train,J3-NEG8uoiE$_$11,audio,1.0
train,J3-NEG8uoiE$_$11,vision,1.0
train,J3-NEG8uoiE$_$1,text,1.0
train,J3-NEG8uoiE$_$1,audio,1.0
train,J3-NEG8uoiE$_$1,vision,1.0
train,J3-NEG8uoiE$_$3,text,1.0
train,J3-NEG8uoiE$_$3,audio,1.0
train,J3-NEG8uoiE$_$3,vision,1.0
train,J3JU1zBQ4RM$_$2,text,1.0
train,J3JU1zBQ4RM$_$2,audio,1.0
train,J3JU1zBQ4RM$_$2,vision,1.0
train,J7UduuBfnrE$_$4,text,1.0
train,J7UduuBfnrE$_$4,audio,1.0
train,J7UduuBfnrE$_$4,vision,1.0
train,J7UduuBfnrE$_$7,text,1.0
train,J7UduuBfnrE$_$7,audio,1.0
train,J7UduuBfnrE$_$7,vision,1.0
train,J7UduuBfnrE$_$6,text,1.0
train,J7UduuBfnrE$_$6,audio,1.0
train,J7UduuBfnrE$_$6,vision,1.0
train,J7UduuBfnrE$_$8,text,1.0
train,J7UduuBfnrE$_$8,audio,1.0
train,J7UduuBfnrE$_$8,vision,1.0
train,JAbFsRxxnFo$_$0,text,1.0
train,JAbFsRxxnFo$_$0,audio,1.0
train,JAbFsRxxnFo$_$0,vision,1.0
train,JCg26b8EO48$_$4,text,1.0
train,JCg26b8EO48$_$4,audio,1.0
train,JCg26b8EO48$_$4,vision,1.0
train,JCg26b8EO48$_$6,text,1.0
train,JCg26b8EO48$_$6,audio,1.0
train,JCg26b8EO48$_$6,vision,1.0
train,JDgqyOkzXHw$_$0,text,1.0
train,JDgqyOkzXHw$_$0,audio,1.0
train,JDgqyOkzXHw$_$0,vision,1.0
train,JDgqyOkzXHw$_$7,text,1.0
train,JDgqyOkzXHw$_$7,audio,1.0
train,JDgqyOkzXHw$_$7,vision,1.0
train,JDgqyOkzXHw$_$9,text,1.0
train,JDgqyOkzXHw$_$9,audio,1.0
train,JDgqyOkzXHw$_$9,vision,1.0
train,JF-5nlUNx_g$_$20,text,1.0
train,JF-5nlUNx_g$_$20,audio,1.0
train,JF-5nlUNx_g$_$20,vision,1.0
train,JF-5nlUNx_g$_$21,text,1.0
train,JF-5nlUNx_g$_$21,audio,1.0
train,JF-5nlUNx_g$_$21,vision,1.0
train,JF-5nlUNx_g$_$2,text,1.0
train,JF-5nlUNx_g$_$2,audio,1.0
train,JF-5nlUNx_g$_$2,vision,1.0
train,JF-5nlUNx_g$_$5,text,1.0
train,JF-5nlUNx_g$_$5,audio,1.0
train,JF-5nlUNx_g$_$5,vision,1.0
train,JF-5nlUNx_g$_$13,text,1.0
train,JF-5nlUNx_g$_$13,audio,1.0
train,JF-5nlUNx_g$_$13,vision,1.0
train,JF-5nlUNx_g$_$16,text,1.0
train,JF-5nlUNx_g$_$16,audio,1.0
train,JF-5nlUNx_g$_$16,vision,1.0
train,JF-5nlUNx_g$_$18,text,1.0
train,JF-5nlUNx_g$_$18,audio,1.0
train,JF-5nlUNx_g$_$18,vision,1.0
train,JGEEA_JVriE$_$0,text,1.0
train,JGEEA_JVriE$_$0,audio,1.0
train,JGEEA_JVriE$_$0,vision,1.0
train,JHW3nD6flgU$_$4,text,1.0
train,JHW3nD6flgU$_$4,audio,1.0
train,JHW3nD6flgU$_$4,vision,1.0
train,JHW3nD6flgU$_$8,text,1.0
train,JHW3nD6flgU$_$8,audio,1.0
train,JHW3nD6flgU$_$8,vision,1.0
train,JLqBVj6f5gI$_$21,text,1.0
train,JLqBVj6f5gI$_$21,audio,1.0
train,JLqBVj6f5gI$_$21,vision,1.0
train,JLqBVj6f5gI$_$17,text,1.0
train,JLqBVj6f5gI$_$17,audio,1.0
train,JLqBVj6f5gI$_$17,vision,1.0
train,JLqBVj6f5gI$_$8,text,1.0
train,JLqBVj6f5gI$_$8,audio,1.0
train,JLqBVj6f5gI$_$8,vision,1.0
train,JMb18N7lQ0A$_$1,text,1.0
train,JMb18N7lQ0A$_$1,audio,1.0
train,JMb18N7lQ0A$_$1,vision,1.0
train,JMzilFvwNXE$_$4,text,1.0
train,JMzilFvwNXE$_$4,audio,1.0
train,JMzilFvwNXE$_$4,vision,1.0
train,JP95Fby6qLE$_$23,text,1.0
train,JP95Fby6qLE$_$23,audio,1.0
train,JP95Fby6qLE$_$23,vision,1.0
train,JP95Fby6qLE$_$1,text,1.0
train,JP95Fby6qLE$_$1,audio,1.0
train,JP95Fby6qLE$_$1,vision,1.0
train,JSlTJsUulH0$_$2,text,1.0
train,JSlTJsUulH0$_$2,audio,1.0
train,JSlTJsUulH0$_$2,vision,1.0
train,JW3OfSCZlhc$_$5,text,1.0
train,JW3OfSCZlhc$_$5,audio,1.0
train,JW3OfSCZlhc$_$5,vision,0.0
train,JX-mwjSw0dk$_$8,text,1.0
train,JX-mwjSw0dk$_$8,audio,1.0
train,JX-mwjSw0dk$_$8,vision,1.0
train,JYdfUNjyYxo$_$5,text,1.0
train,JYdfUNjyYxo$_$5,audio,1.0
train,JYdfUNjyYxo$_$5,vision,1.0
train,JYsAacFmXEo$_$11,text,1.0
train,JYsAacFmXEo$_$11,audio,1.0
train,JYsAacFmXEo$_$11,vision,1.0
train,JYsAacFmXEo$_$17,text,1.0
train,JYsAacFmXEo$_$17,audio,1.0
train,JYsAacFmXEo$_$17,vision,1.0
train,J_DtcW86D9c$_$2,text,1.0
train,J_DtcW86D9c$_$2,audio,1.0
train,J_DtcW86D9c$_$2,vision,1.0
train,J_DtcW86D9c$_$9,text,1.0
train,J_DtcW86D9c$_$9,audio,1.0
train,J_DtcW86D9c$_$9,vision,1.0
train,Ja7phs8EbWk$_$10,text,1.0
train,Ja7phs8EbWk$_$10,audio,1.0
train,Ja7phs8EbWk$_$10,vision,1.0
train,Ja7phs8EbWk$_$6,text,1.0
train,Ja7phs8EbWk$_$6,audio,1.0
train,Ja7phs8EbWk$_$6,vision,1.0
train,JcmqmLaL_MQ$_$7,text,1.0
train,JcmqmLaL_MQ$_$7,audio,1.0
train,JcmqmLaL_MQ$_$7,vision,0.125
train,JdFaSggG58c$_$5,text,1.0
train,JdFaSggG58c$_$5,audio,1.0
train,JdFaSggG58c$_$5,vision,1.0
train,JdFaSggG58c$_$6,text,1.0
train,JdFaSggG58c$_$6,audio,1.0
train,JdFaSggG58c$_$6,vision,1.0
train,Jh1uDYOJMwk$_$1,text,1.0
train,Jh1uDYOJMwk$_$1,audio,1.0
train,Jh1uDYOJMwk$_$1,vision,1.0
train,Jh1uDYOJMwk$_$4,text,1.0
train,Jh1uDYOJMwk$_$4,audio,1.0
train,Jh1uDYOJMwk$_$4,vision,1.0
train,JlmpDdm1A1Y$_$3,text,1.0
train,JlmpDdm1A1Y$_$3,audio,1.0
train,JlmpDdm1A1Y$_$3,vision,1.0
train,JvgofTcCSEc$_$15,text,1.0
train,JvgofTcCSEc$_$15,audio,1.0
train,JvgofTcCSEc$_$15,vision,1.0
train,JvgofTcCSEc$_$19,text,1.0
train,JvgofTcCSEc$_$19,audio,1.0
train,JvgofTcCSEc$_$19,vision,1.0
train,JwzxqrD8tIo$_$9,text,1.0
train,JwzxqrD8tIo$_$9,audio,1.0
train,JwzxqrD8tIo$_$9,vision,1.0
train,JzydLJw6y6o$_$14,text,1.0
train,JzydLJw6y6o$_$14,audio,1.0
train,JzydLJw6y6o$_$14,vision,0.6666666666666666
train,JzydLJw6y6o$_$0,text,1.0
train,JzydLJw6y6o$_$0,audio,1.0
train,JzydLJw6y6o$_$0,vision,0.7096774193548387
train,JzydLJw6y6o$_$8,text,1.0
train,JzydLJw6y6o$_$8,audio,1.0
train,JzydLJw6y6o$_$8,vision,0.9285714285714286
train,K5cGfs3i-tk$_$0,text,1.0
train,K5cGfs3i-tk$_$0,audio,1.0
train,K5cGfs3i-tk$_$0,vision,1.0
train,K62NK2KYhws$_$10,text,1.0
train,K62NK2KYhws$_$10,audio,1.0
train,K62NK2KYhws$_$10,vision,1.0
train,K62NK2KYhws$_$15,text,1.0
train,K62NK2KYhws$_$15,audio,1.0
train,K62NK2KYhws$_$15,vision,1.0
train,K62NK2KYhws$_$3,text,1.0
train,K62NK2KYhws$_$3,audio,1.0
train,K62NK2KYhws$_$3,vision,1.0
train,K62NK2KYhws$_$8,text,1.0
train,K62NK2KYhws$_$8,audio,1.0
train,K62NK2KYhws$_$8,vision,1.0
train,K7FiMf-Dmwo$_$2,text,1.0
train,K7FiMf-Dmwo$_$2,audio,1.0
train,K7FiMf-Dmwo$_$2,vision,1.0
train,K7KEtrgBkz4$_$9,text,1.0
train,K7KEtrgBkz4$_$9,audio,1.0
train,K7KEtrgBkz4$_$9,vision,1.0
train,K9-KyChw8RM$_$8,text,1.0
train,K9-KyChw8RM$_$8,audio,1.0
train,K9-KyChw8RM$_$8,vision,1.0
train,K9U2TAF9DDY$_$6,text,1.0
train,K9U2TAF9DDY$_$6,audio,1.0
train,K9U2TAF9DDY$_$6,vision,1.0
train,K9faaGel838$_$0,text,1.0
train,K9faaGel838$_$0,audio,1.0
train,K9faaGel838$_$0,vision,1.0
train,KD0w4BrNXQg$_$11,text,1.0
train,KD0w4BrNXQg$_$11,audio,1.0
train,KD0w4BrNXQg$_$11,vision,1.0
train,KD0w4BrNXQg$_$7,text,1.0
train,KD0w4BrNXQg$_$7,audio,1.0
train,KD0w4BrNXQg$_$7,vision,1.0
train,KEUVzxC7T3E$_$4,text,1.0
train,KEUVzxC7T3E$_$4,audio,1.0
train,KEUVzxC7T3E$_$4,vision,1.0
train,KI2sU-mhM44$_$16,text,1.0
train,KI2sU-mhM44$_$16,audio,1.0
train,KI2sU-mhM44$_$16,vision,1.0
train,KLy4aBLqwCk$_$15,text,1.0
train,KLy4aBLqwCk$_$15,audio,1.0
train,KLy4aBLqwCk$_$15,vision,1.0
train,KLy4aBLqwCk$_$17,text,1.0
train,KLy4aBLqwCk$_$17,audio,1.0
train,KLy4aBLqwCk$_$17,vision,1.0
train,KPeos6f4HuQ$_$6,text,1.0
train,KPeos6f4HuQ$_$6,audio,1.0
train,KPeos6f4HuQ$_$6,vision,1.0
train,KQ86HmgwUns$_$11,text,1.0
train,KQ86HmgwUns$_$11,audio,1.0
train,KQ86HmgwUns$_$11,vision,1.0
train,KR4MpF0YtgE$_$1,text,1.0
train,KR4MpF0YtgE$_$1,audio,1.0
train,KR4MpF0YtgE$_$1,vision,1.0
train,K_5u2Wh_wGk$_$5,text,1.0
train,K_5u2Wh_wGk$_$5,audio,1.0
train,K_5u2Wh_wGk$_$5,vision,1.0
train,Kep_mLLXsqk$_$3,text,1.0
train,Kep_mLLXsqk$_$3,audio,1.0
train,Kep_mLLXsqk$_$3,vision,1.0
train,Kep_mLLXsqk$_$7,text,1.0
train,Kep_mLLXsqk$_$7,audio,1.0
train,Kep_mLLXsqk$_$7,vision,1.0
train,Kmtib-wZ0jM$_$0,text,1.0
train,Kmtib-wZ0jM$_$0,audio,1.0
train,Kmtib-wZ0jM$_$0,vision,1.0
train,L0WUuWYNeCo$_$26,text,1.0
train,L0WUuWYNeCo$_$26,audio,1.0
train,L0WUuWYNeCo$_$26,vision,1.0
train,L0WUuWYNeCo$_$27,text,1.0
train,L0WUuWYNeCo$_$27,audio,1.0
train,L0WUuWYNeCo$_$27,vision,1.0
train,L0WUuWYNeCo$_$2,text,1.0
train,L0WUuWYNeCo$_$2,audio,1.0
train,L0WUuWYNeCo$_$2,vision,1.0
train,L0WUuWYNeCo$_$5,text,1.0
train,L0WUuWYNeCo$_$5,audio,1.0
train,L0WUuWYNeCo$_$5,vision,1.0
train,L0WUuWYNeCo$_$8,text,1.0
train,L0WUuWYNeCo$_$8,audio,1.0
train,L0WUuWYNeCo$_$8,vision,1.0
train,L0WUuWYNeCo$_$11,text,1.0
train,L0WUuWYNeCo$_$11,audio,1.0
train,L0WUuWYNeCo$_$11,vision,1.0
train,L0WUuWYNeCo$_$10,text,1.0
train,L0WUuWYNeCo$_$10,audio,1.0
train,L0WUuWYNeCo$_$10,vision,1.0
train,L2uC4_Co9uw$_$0,text,1.0
train,L2uC4_Co9uw$_$0,audio,1.0
train,L2uC4_Co9uw$_$0,vision,1.0
train,L382XZ6iZmM$_$7,text,1.0
train,L382XZ6iZmM$_$7,audio,1.0
train,L382XZ6iZmM$_$7,vision,1.0
train,L5a2ijeWpUI$_$4,text,1.0
train,L5a2ijeWpUI$_$4,audio,1.0
train,L5a2ijeWpUI$_$4,vision,1.0
train,L6pg3DQKoH4$_$0,text,1.0
train,L6pg3DQKoH4$_$0,audio,1.0
train,L6pg3DQKoH4$_$0,vision,1.0
train,LHC7ZKJy4Zw$_$1,text,1.0
train,LHC7ZKJy4Zw$_$1,audio,1.0
train,LHC7ZKJy4Zw$_$1,vision,1.0
train,LUKIYWa0UGA$_$7,text,1.0
train,LUKIYWa0UGA$_$7,audio,1.0
train,LUKIYWa0UGA$_$7,vision,1.0
train,LUf9vbe0TcQ$_$1,text,1.0
train,LUf9vbe0TcQ$_$1,audio,1.0
train,LUf9vbe0TcQ$_$1,vision,1.0
train,LX2rT5C3sJs$_$5,text,1.0
train,LX2rT5C3sJs$_$5,audio,1.0
train,LX2rT5C3sJs$_$5,vision,1.0
train,LX2rT5C3sJs$_$6,text,1.0
train,LX2rT5C3sJs$_$6,audio,1.0
train,LX2rT5C3sJs$_$6,vision,1.0
train,LZl9Sj1safM$_$0,text,1.0
train,LZl9Sj1safM$_$0,audio,1.0
train,LZl9Sj1safM$_$0,vision,1.0
train,L_XttWZBKss$_$3,text,1.0
train,L_XttWZBKss$_$3,audio,1.0
train,L_XttWZBKss$_$3,vision,0.8260869565217391
train,LityRNuQihc$_$13,text,1.0
train,LityRNuQihc$_$13,audio,1.0
train,LityRNuQihc$_$13,vision,1.0
train,LityRNuQihc$_$1,text,1.0
train,LityRNuQihc$_$1,audio,1.0
train,LityRNuQihc$_$1,vision,1.0
train,LityRNuQihc$_$2,text,1.0
train,LityRNuQihc$_$2,audio,1.0
train,LityRNuQihc$_$2,vision,1.0
train,LityRNuQihc$_$5,text,1.0
train,LityRNuQihc$_$5,audio,1.0
train,LityRNuQihc$_$5,vision,1.0
train,LpbSYaPRTqI$_$1,text,1.0
train,LpbSYaPRTqI$_$1,audio,1.0
train,LpbSYaPRTqI$_$1,vision,1.0
train,LppEvM60-xo$_$9,text,1.0
train,LppEvM60-xo$_$9,audio,1.0
train,LppEvM60-xo$_$9,vision,1.0
train,Lxs_6Tvq12E$_$3,text,1.0
train,Lxs_6Tvq12E$_$3,audio,1.0
train,Lxs_6Tvq12E$_$3,vision,1.0
train,M2Pb2kx77ww$_$8,text,1.0
train,M2Pb2kx77ww$_$8,audio,1.0
train,M2Pb2kx77ww$_$8,vision,1.0
train,M2Pb2kx77ww$_$35,text,1.0
train,M2Pb2kx77ww$_$35,audio,1.0
train,M2Pb2kx77ww$_$35,vision,1.0
train,MBDZbACupsc$_$11,text,1.0
train,MBDZbACupsc$_$11,audio,1.0
train,MBDZbACupsc$_$11,vision,1.0
train,MBDZbACupsc$_$7,text,1.0
train,MBDZbACupsc$_$7,audio,1.0
train,MBDZbACupsc$_$7,vision,1.0
train,MCRCXXPqFOI$_$2,text,1.0
train,MCRCXXPqFOI$_$2,audio,1.0
train,MCRCXXPqFOI$_$2,vision,1.0
train,MFrwi-RibUk$_$13,text,1.0
train,MFrwi-RibUk$_$13,audio,1.0
train,MFrwi-RibUk$_$13,vision,1.0
train,MFrwi-RibUk$_$0,text,1.0
train,MFrwi-RibUk$_$0,audio,1.0
train,MFrwi-RibUk$_$0,vision,1.0
train,MFrwi-RibUk$_$6,text,1.0
train,MFrwi-RibUk$_$6,audio,1.0
train,MFrwi-RibUk$_$6,vision,1.0
train,MIuJDn_0yVU$_$3,text,1.0
train,MIuJDn_0yVU$_$3,audio,1.0
train,MIuJDn_0yVU$_$3,vision,1.0
train,MJnc4GUhUuY$_$3,text,1.0
train,MJnc4GUhUuY$_$3,audio,1.0
train,MJnc4GUhUuY$_$3,vision,1.0
train,MJnc4GUhUuY$_$4,text,1.0
train,MJnc4GUhUuY$_$4,audio,1.0
train,MJnc4GUhUuY$_$4,vision,1.0
train,MJnc4GUhUuY$_$9,text,1.0
train,MJnc4GUhUuY$_$9,audio,1.0
train,MJnc4GUhUuY$_$9,vision,1.0
train,MKShLlJ7X7g$_$1,text,1.0
train,MKShLlJ7X7g$_$1,audio,1.0
train,MKShLlJ7X7g$_$1,vision,1.0
train,MKShLlJ7X7g$_$2,text,1.0
train,MKShLlJ7X7g$_$2,audio,1.0
train,MKShLlJ7X7g$_$2,vision,1.0
train,MMaEsDdBsvM$_$0,text,1.0
train,MMaEsDdBsvM$_$0,audio,1.0
train,MMaEsDdBsvM$_$0,vision,1.0
train,MNXBOeiPhec$_$2,text,1.0
train,MNXBOeiPhec$_$2,audio,1.0
train,MNXBOeiPhec$_$2,vision,1.0
train,MNXBOeiPhec$_$7,text,1.0
train,MNXBOeiPhec$_$7,audio,1.0
train,MNXBOeiPhec$_$7,vision,1.0
train,MOfEl_1dh-g$_$4,text,1.0
train,MOfEl_1dh-g$_$4,audio,1.0
train,MOfEl_1dh-g$_$4,vision,1.0
train,MPRqaQqrd9Y$_$7,text,1.0
train,MPRqaQqrd9Y$_$7,audio,1.0
train,MPRqaQqrd9Y$_$7,vision,1.0
train,MTU_thei3-c$_$8,text,1.0
train,MTU_thei3-c$_$8,audio,1.0
train,MTU_thei3-c$_$8,vision,1.0
train,MWCNzYUCys0$_$0,text,1.0
train,MWCNzYUCys0$_$0,audio,1.0
train,MWCNzYUCys0$_$0,vision,1.0
train,MZoLQD83R-4$_$5,text,1.0
train,MZoLQD83R-4$_$5,audio,1.0
train,MZoLQD83R-4$_$5,vision,1.0
train,MZoLQD83R-4$_$8,text,1.0
train,MZoLQD83R-4$_$8,audio,1.0
train,MZoLQD83R-4$_$8,vision,1.0
train,MbpPBLUjpV4$_$16,text,1.0
train,MbpPBLUjpV4$_$16,audio,1.0
train,MbpPBLUjpV4$_$16,vision,1.0
train,MbpPBLUjpV4$_$0,text,1.0
train,MbpPBLUjpV4$_$0,audio,1.0
train,MbpPBLUjpV4$_$0,vision,1.0
train,MnFRVJtHAeo$_$0,text,1.0
train,MnFRVJtHAeo$_$0,audio,1.0
train,MnFRVJtHAeo$_$0,vision,0.8695652173913043
train,MroQfGehC84$_$1,text,1.0
train,MroQfGehC84$_$1,audio,1.0
train,MroQfGehC84$_$1,vision,1.0
train,MsjnLoTKAXo$_$0,text,1.0
train,MsjnLoTKAXo$_$0,audio,1.0
train,MsjnLoTKAXo$_$0,vision,0.0
train,MsjnLoTKAXo$_$2,text,1.0
train,MsjnLoTKAXo$_$2,audio,1.0
train,MsjnLoTKAXo$_$2,vision,1.0
train,MsjnLoTKAXo$_$5,text,1.0
train,MsjnLoTKAXo$_$5,audio,1.0
train,MsjnLoTKAXo$_$5,vision,1.0
train,MvFFYObY9A8$_$2,text,1.0
train,MvFFYObY9A8$_$2,audio,1.0
train,MvFFYObY9A8$_$2,vision,1.0
train,Mw4EZYZAd9c$_$5,text,1.0
train,Mw4EZYZAd9c$_$5,audio,1.0
train,Mw4EZYZAd9c$_$5,vision,1.0
train,MyfRrTjglm8$_$1,text,1.0
train,MyfRrTjglm8$_$1,audio,1.0
train,MyfRrTjglm8$_$1,vision,1.0
train,MyfRrTjglm8$_$0,text,1.0
train,MyfRrTjglm8$_$0,audio,1.0
train,MyfRrTjglm8$_$0,vision,0.3157894736842105
train,MyfRrTjglm8$_$2,text,1.0
train,MyfRrTjglm8$_$2,audio,1.0
train,MyfRrTjglm8$_$2,vision,1.0
train,N0pKIn6VhOw$_$2,text,1.0
train,N0pKIn6VhOw$_$2,audio,1.0
train,N0pKIn6VhOw$_$2,vision,1.0
train,N3QuD26DuCI$_$1,text,1.0
train,N3QuD26DuCI$_$1,audio,1.0
train,N3QuD26DuCI$_$1,vision,1.0
train,N3QuD26DuCI$_$0,text,1.0
train,N3QuD26DuCI$_$0,audio,1.0
train,N3QuD26DuCI$_$0,vision,1.0
train,N3QuD26DuCI$_$2,text,1.0
train,N3QuD26DuCI$_$2,audio,1.0
train,N3QuD26DuCI$_$2,vision,1.0
train,N3QuD26DuCI$_$5,text,1.0
train,N3QuD26DuCI$_$5,audio,1.0
train,N3QuD26DuCI$_$5,vision,0.0
train,N7tS7A0WWpM$_$1,text,1.0
train,N7tS7A0WWpM$_$1,audio,1.0
train,N7tS7A0WWpM$_$1,vision,1.0
train,N7tS7A0WWpM$_$3,text,1.0
train,N7tS7A0WWpM$_$3,audio,1.0
train,N7tS7A0WWpM$_$3,vision,1.0
train,NCJTV5KaJJc$_$1,text,1.0
train,NCJTV5KaJJc$_$1,audio,1.0
train,NCJTV5KaJJc$_$1,vision,1.0
train,NCJTV5KaJJc$_$9,text,1.0
train,NCJTV5KaJJc$_$9,audio,1.0
train,NCJTV5KaJJc$_$9,vision,0.8333333333333334
train,NG7QLq4XlWo$_$15,text,1.0
train,NG7QLq4XlWo$_$15,audio,1.0
train,NG7QLq4XlWo$_$15,vision,1.0
train,NG7QLq4XlWo$_$1,text,1.0
train,NG7QLq4XlWo$_$1,audio,1.0
train,NG7QLq4XlWo$_$1,vision,1.0
train,NG7QLq4XlWo$_$3,text,1.0
train,NG7QLq4XlWo$_$3,audio,1.0
train,NG7QLq4XlWo$_$3,vision,1.0
train,NG7QLq4XlWo$_$5,text,1.0
train,NG7QLq4XlWo$_$5,audio,1.0
train,NG7QLq4XlWo$_$5,vision,1.0
train,NKindd5Xn3s$_$4,text,1.0
train,NKindd5Xn3s$_$4,audio,1.0
train,NKindd5Xn3s$_$4,vision,1.0
train,NOl0v54DaXo$_$10,text,1.0
train,NOl0v54DaXo$_$10,audio,1.0
train,NOl0v54DaXo$_$10,vision,0.0
train,NOl0v54DaXo$_$3,text,1.0
train,NOl0v54DaXo$_$3,audio,1.0
train,NOl0v54DaXo$_$3,vision,0.5714285714285714
train,NSihgq4R8Z0$_$2,text,1.0
train,NSihgq4R8Z0$_$2,audio,1.0
train,NSihgq4R8Z0$_$2,vision,1.0
train,NSihgq4R8Z0$_$16,text,1.0
train,NSihgq4R8Z0$_$16,audio,1.0
train,NSihgq4R8Z0$_$16,vision,1.0
train,NYuY6HVjMZQ$_$1,text,1.0
train,NYuY6HVjMZQ$_$1,audio,1.0
train,NYuY6HVjMZQ$_$1,vision,1.0
train,NYuY6HVjMZQ$_$6,text,1.0
train,NYuY6HVjMZQ$_$6,audio,1.0
train,NYuY6HVjMZQ$_$6,vision,1.0
train,Na6170hd8po$_$11,text,1.0
train,Na6170hd8po$_$11,audio,1.0
train,Na6170hd8po$_$11,vision,1.0
train,NkbRuTJaj_M$_$18,text,1.0
train,NkbRuTJaj_M$_$18,audio,1.0
train,NkbRuTJaj_M$_$18,vision,1.0
train,O0Nn-5UkfoA$_$2,text,1.0
train,O0Nn-5UkfoA$_$2,audio,1.0
train,O0Nn-5UkfoA$_$2,vision,1.0
train,O2CEvvYWWbU$_$10,text,1.0
train,O2CEvvYWWbU$_$10,audio,1.0
train,O2CEvvYWWbU$_$10,vision,0.55
train,O3whFU2lAAk$_$8,text,1.0
train,O3whFU2lAAk$_$8,audio,1.0
train,O3whFU2lAAk$_$8,vision,1.0
train,O3whFU2lAAk$_$2,text,1.0
train,O3whFU2lAAk$_$2,audio,1.0
train,O3whFU2lAAk$_$2,vision,0.9166666666666666
train,O3whFU2lAAk$_$5,text,1.0
train,O3whFU2lAAk$_$5,audio,1.0
train,O3whFU2lAAk$_$5,vision,1.0
train,O3whFU2lAAk$_$11,text,1.0
train,O3whFU2lAAk$_$11,audio,1.0
train,O3whFU2lAAk$_$11,vision,1.0
train,O8IJh_L0EfM$_$5,text,1.0
train,O8IJh_L0EfM$_$5,audio,1.0
train,O8IJh_L0EfM$_$5,vision,1.0
train,OAV6KKf60bQ$_$10,text,1.0
train,OAV6KKf60bQ$_$10,audio,1.0
train,OAV6KKf60bQ$_$10,vision,1.0
train,OAV6KKf60bQ$_$0,text,1.0
train,OAV6KKf60bQ$_$0,audio,1.0
train,OAV6KKf60bQ$_$0,vision,1.0
train,OAV6KKf60bQ$_$6,text,1.0
train,OAV6KKf60bQ$_$6,audio,1.0
train,OAV6KKf60bQ$_$6,vision,1.0
train,OBaMn1-x7jQ$_$7,text,1.0
train,OBaMn1-x7jQ$_$7,audio,1.0
train,OBaMn1-x7jQ$_$7,vision,0.0
train,OEOkmrKvTUo$_$0,text,1.0
train,OEOkmrKvTUo$_$0,audio,1.0
train,OEOkmrKvTUo$_$0,vision,1.0
train,OEOkmrKvTUo$_$6,text,1.0
train,OEOkmrKvTUo$_$6,audio,1.0
train,OEOkmrKvTUo$_$6,vision,1.0
train,OEesmAnTpeA$_$10,text,1.0
train,OEesmAnTpeA$_$10,audio,1.0
train,OEesmAnTpeA$_$10,vision,1.0
train,OFBc3z99bIc$_$12,text,1.0
train,OFBc3z99bIc$_$12,audio,1.0
train,OFBc3z99bIc$_$12,vision,1.0
train,OFBc3z99bIc$_$15,text,1.0
train,OFBc3z99bIc$_$15,audio,1.0
train,OFBc3z99bIc$_$15,vision,1.0
train,OFBc3z99bIc$_$14,text,1.0
train,OFBc3z99bIc$_$14,audio,1.0
train,OFBc3z99bIc$_$14,vision,1.0
train,OGXUtVG0Y9w$_$1,text,1.0
train,OGXUtVG0Y9w$_$1,audio,1.0
train,OGXUtVG0Y9w$_$1,vision,1.0
train,OHWyYVux-yw$_$10,text,1.0
train,OHWyYVux-yw$_$10,audio,1.0
train,OHWyYVux-yw$_$10,vision,1.0
train,OHWyYVux-yw$_$14,text,1.0
train,OHWyYVux-yw$_$14,audio,1.0
train,OHWyYVux-yw$_$14,vision,1.0
train,OHWyYVux-yw$_$18,text,1.0
train,OHWyYVux-yw$_$18,audio,1.0
train,OHWyYVux-yw$_$18,vision,1.0
train,OHWyYVux-yw$_$2,text,1.0
train,OHWyYVux-yw$_$2,audio,1.0
train,OHWyYVux-yw$_$2,vision,1.0
train,OKSx1zxHGpQ$_$5,text,1.0
train,OKSx1zxHGpQ$_$5,audio,1.0
train,OKSx1zxHGpQ$_$5,vision,1.0
train,OKSx1zxHGpQ$_$4,text,1.0
train,OKSx1zxHGpQ$_$4,audio,1.0
train,OKSx1zxHGpQ$_$4,vision,1.0
train,OKSx1zxHGpQ$_$8,text,1.0
train,OKSx1zxHGpQ$_$8,audio,1.0
train,OKSx1zxHGpQ$_$8,vision,1.0
train,OKSx1zxHGpQ$_$15,text,1.0
train,OKSx1zxHGpQ$_$15,audio,1.0
train,OKSx1zxHGpQ$_$15,vision,0.7727272727272727
train,OKSx1zxHGpQ$_$16,text,1.0
train,OKSx1zxHGpQ$_$16,audio,1.0
train,OKSx1zxHGpQ$_$16,vision,1.0
train,OKSx1zxHGpQ$_$19,text,1.0
train,OKSx1zxHGpQ$_$19,audio,1.0
train,OKSx1zxHGpQ$_$19,vision,1.0
train,OOh1_ffKOKk$_$2,text,1.0
train,OOh1_ffKOKk$_$2,audio,1.0
train,OOh1_ffKOKk$_$2,vision,1.0
train,OPXmk49KyiU$_$1,text,1.0
train,OPXmk49KyiU$_$1,audio,1.0
train,OPXmk49KyiU$_$1,vision,1.0
train,OSyKmOye5Uo$_$4,text,1.0
train,OSyKmOye5Uo$_$4,audio,1.0
train,OSyKmOye5Uo$_$4,vision,1.0
train,O_fTDhCtAhw$_$8,text,1.0
train,O_fTDhCtAhw$_$8,audio,1.0
train,O_fTDhCtAhw$_$8,vision,1.0
train,O_fTDhCtAhw$_$7,text,1.0
train,O_fTDhCtAhw$_$7,audio,1.0
train,O_fTDhCtAhw$_$7,vision,1.0
train,O_fTDhCtAhw$_$6,text,1.0
train,O_fTDhCtAhw$_$6,audio,1.0
train,O_fTDhCtAhw$_$6,vision,1.0
train,Ob8vPQCPDX0$_$1,text,1.0
train,Ob8vPQCPDX0$_$1,audio,1.0
train,Ob8vPQCPDX0$_$1,vision,1.0
train,Ob8vPQCPDX0$_$2,text,1.0
train,Ob8vPQCPDX0$_$2,audio,1.0
train,Ob8vPQCPDX0$_$2,vision,1.0
train,OcqJx_cRc3Y$_$2,text,1.0
train,OcqJx_cRc3Y$_$2,audio,1.0
train,OcqJx_cRc3Y$_$2,vision,1.0
train,OdKp0hYomgs$_$10,text,1.0
train,OdKp0hYomgs$_$10,audio,1.0
train,OdKp0hYomgs$_$10,vision,1.0
train,OdKp0hYomgs$_$3,text,1.0
train,OdKp0hYomgs$_$3,audio,1.0
train,OdKp0hYomgs$_$3,vision,1.0
train,Oj3XwBBrzXc$_$1,text,1.0
train,Oj3XwBBrzXc$_$1,audio,1.0
train,Oj3XwBBrzXc$_$1,vision,1.0
train,Op3CnqRLD9w$_$3,text,1.0
train,Op3CnqRLD9w$_$3,audio,1.0
train,Op3CnqRLD9w$_$3,vision,1.0
train,OwYfPi9St0w$_$1,text,1.0
train,OwYfPi9St0w$_$1,audio,1.0
train,OwYfPi9St0w$_$1,vision,1.0
train,OxyQSJMvWBo$_$11,text,1.0
train,OxyQSJMvWBo$_$11,audio,1.0
train,OxyQSJMvWBo$_$11,vision,1.0
train,OxyQSJMvWBo$_$13,text,1.0
train,OxyQSJMvWBo$_$13,audio,1.0
train,OxyQSJMvWBo$_$13,vision,1.0
train,OxyQSJMvWBo$_$12,text,1.0
train,OxyQSJMvWBo$_$12,audio,1.0
train,OxyQSJMvWBo$_$12,vision,1.0
train,P0WaXnH37uI$_$5,text,1.0
train,P0WaXnH37uI$_$5,audio,1.0
train,P0WaXnH37uI$_$5,vision,1.0
train,P0WaXnH37uI$_$4,text,1.0
train,P0WaXnH37uI$_$4,audio,1.0
train,P0WaXnH37uI$_$4,vision,1.0
train,P35dyIit1yM$_$4,text,1.0
train,P35dyIit1yM$_$4,audio,1.0
train,P35dyIit1yM$_$4,vision,1.0
train,P4qxfjZlIrY$_$4,text,1.0
train,P4qxfjZlIrY$_$4,audio,1.0
train,P4qxfjZlIrY$_$4,vision,1.0
train,P4qxfjZlIrY$_$6,text,1.0
train,P4qxfjZlIrY$_$6,audio,1.0
train,P4qxfjZlIrY$_$6,vision,1.0
train,PANWQeBKStk$_$0,text,1.0
train,PANWQeBKStk$_$0,audio,1.0
train,PANWQeBKStk$_$0,vision,1.0
train,PGBrZLC15yA$_$0,text,1.0
train,PGBrZLC15yA$_$0,audio,1.0
train,PGBrZLC15yA$_$0,vision,1.0
train,PHJ8eybXJdw$_$5,text,1.0
train,PHJ8eybXJdw$_$5,audio,1.0
train,PHJ8eybXJdw$_$5,vision,1.0
train,PMH4mdJeojE$_$3,text,1.0
train,PMH4mdJeojE$_$3,audio,1.0
train,PMH4mdJeojE$_$3,vision,1.0
train,PMH4mdJeojE$_$2,text,1.0
train,PMH4mdJeojE$_$2,audio,1.0
train,PMH4mdJeojE$_$2,vision,1.0
train,PN3ApHIGopo$_$6,text,1.0
train,PN3ApHIGopo$_$6,audio,1.0
train,PN3ApHIGopo$_$6,vision,1.0
train,PQYmOknHA4c$_$5,text,1.0
train,PQYmOknHA4c$_$5,audio,1.0
train,PQYmOknHA4c$_$5,vision,1.0
train,PQYmOknHA4c$_$4,text,1.0
train,PQYmOknHA4c$_$4,audio,1.0
train,PQYmOknHA4c$_$4,vision,0.7333333333333333
train,PUIsiLk8etk$_$11,text,1.0
train,PUIsiLk8etk$_$11,audio,1.0
train,PUIsiLk8etk$_$11,vision,1.0
train,PYylJk8R9Ak$_$1,text,1.0
train,PYylJk8R9Ak$_$1,audio,1.0
train,PYylJk8R9Ak$_$1,vision,1.0
train,PYylJk8R9Ak$_$4,text,1.0
train,PYylJk8R9Ak$_$4,audio,1.0
train,PYylJk8R9Ak$_$4,vision,1.0
train,PbyI-sUzLZY$_$5,text,1.0
train,PbyI-sUzLZY$_$5,audio,1.0
train,PbyI-sUzLZY$_$5,vision,1.0
train,PbyI-sUzLZY$_$4,text,1.0
train,PbyI-sUzLZY$_$4,audio,1.0
train,PbyI-sUzLZY$_$4,vision,1.0
train,PmemTgQHagk$_$1,text,1.0
train,PmemTgQHagk$_$1,audio,1.0
train,PmemTgQHagk$_$1,vision,1.0
train,PmemTgQHagk$_$7,text,1.0
train,PmemTgQHagk$_$7,audio,1.0
train,PmemTgQHagk$_$7,vision,1.0
train,PoKZEKOf1dA$_$1,text,1.0
train,PoKZEKOf1dA$_$1,audio,1.0
train,PoKZEKOf1dA$_$1,vision,1.0
train,PoKZEKOf1dA$_$4,text,1.0
train,PoKZEKOf1dA$_$4,audio,1.0
train,PoKZEKOf1dA$_$4,vision,1.0
train,PohW-isYMK0$_$16,text,1.0
train,PohW-isYMK0$_$16,audio,1.0
train,PohW-isYMK0$_$16,vision,1.0
train,PohW-isYMK0$_$1,text,1.0
train,PohW-isYMK0$_$1,audio,1.0
train,PohW-isYMK0$_$1,vision,1.0
train,PohW-isYMK0$_$7,text,1.0
train,PohW-isYMK0$_$7,audio,1.0
train,PohW-isYMK0$_$7,vision,1.0
train,Q5fZk_jPjBI$_$9,text,1.0
train,Q5fZk_jPjBI$_$9,audio,1.0
train,Q5fZk_jPjBI$_$9,vision,1.0
train,Q5fZk_jPjBI$_$0,text,1.0
train,Q5fZk_jPjBI$_$0,audio,1.0
train,Q5fZk_jPjBI$_$0,vision,1.0
train,Q7nhtfkIPN4$_$3,text,1.0
train,Q7nhtfkIPN4$_$3,audio,1.0
train,Q7nhtfkIPN4$_$3,vision,1.0
train,Q7nhtfkIPN4$_$6,text,1.0
train,Q7nhtfkIPN4$_$6,audio,1.0
train,Q7nhtfkIPN4$_$6,vision,1.0
train,QDRtKv8PvFs$_$3,text,1.0
train,QDRtKv8PvFs$_$3,audio,1.0
train,QDRtKv8PvFs$_$3,vision,1.0
train,QE0pAVSPsKQ$_$26,text,1.0
train,QE0pAVSPsKQ$_$26,audio,1.0
train,QE0pAVSPsKQ$_$26,vision,1.0
train,QE0pAVSPsKQ$_$12,text,1.0
train,QE0pAVSPsKQ$_$12,audio,1.0
train,QE0pAVSPsKQ$_$12,vision,1.0
train,QE0pAVSPsKQ$_$2,text,1.0
train,QE0pAVSPsKQ$_$2,audio,1.0
train,QE0pAVSPsKQ$_$2,vision,1.0
train,QE0pAVSPsKQ$_$7,text,1.0
train,QE0pAVSPsKQ$_$7,audio,1.0
train,QE0pAVSPsKQ$_$7,vision,1.0
train,QI-TTqj0KnA$_$7,text,1.0
train,QI-TTqj0KnA$_$7,audio,1.0
train,QI-TTqj0KnA$_$7,vision,1.0
train,QI-TTqj0KnA$_$6,text,1.0
train,QI-TTqj0KnA$_$6,audio,1.0
train,QI-TTqj0KnA$_$6,vision,1.0
train,QLEOYF7Mju0$_$11,text,1.0
train,QLEOYF7Mju0$_$11,audio,1.0
train,QLEOYF7Mju0$_$11,vision,1.0
train,QLEOYF7Mju0$_$2,text,1.0
train,QLEOYF7Mju0$_$2,audio,1.0
train,QLEOYF7Mju0$_$2,vision,1.0
train,QMAztkqnvws$_$6,text,1.0
train,QMAztkqnvws$_$6,audio,1.0
train,QMAztkqnvws$_$6,vision,1.0
train,QNxiqu1y1N0$_$1,text,1.0
train,QNxiqu1y1N0$_$1,audio,1.0
train,QNxiqu1y1N0$_$1,vision,1.0
train,QOxIdbNwpx0$_$6,text,1.0
train,QOxIdbNwpx0$_$6,audio,1.0
train,QOxIdbNwpx0$_$6,vision,1.0
train,QQVRIGEUa_Q$_$5,text,1.0
train,QQVRIGEUa_Q$_$5,audio,1.0
train,QQVRIGEUa_Q$_$5,vision,1.0
train,QUpI5kMw_nA$_$10,text,1.0
train,QUpI5kMw_nA$_$10,audio,1.0
train,QUpI5kMw_nA$_$10,vision,1.0
train,QUpI5kMw_nA$_$17,text,1.0
train,QUpI5kMw_nA$_$17,audio,1.0
train,QUpI5kMw_nA$_$17,vision,1.0
train,QYp0lGhyL6A$_$13,text,1.0
train,QYp0lGhyL6A$_$13,audio,1.0
train,QYp0lGhyL6A$_$13,vision,1.0
train,QYp0lGhyL6A$_$14,text,1.0
train,QYp0lGhyL6A$_$14,audio,1.0
train,QYp0lGhyL6A$_$14,vision,1.0
train,QYp0lGhyL6A$_$4,text,1.0
train,QYp0lGhyL6A$_$4,audio,1.0
train,QYp0lGhyL6A$_$4,vision,1.0
train,QkMTYY69JYQ$_$1,text,1.0
train,QkMTYY69JYQ$_$1,audio,1.0
train,QkMTYY69JYQ$_$1,vision,1.0
train,QkMTYY69JYQ$_$4,text,1.0
train,QkMTYY69JYQ$_$4,audio,1.0
train,QkMTYY69JYQ$_$4,vision,1.0
train,QoIsjc4-GIg$_$8,text,1.0
train,QoIsjc4-GIg$_$8,audio,1.0
train,QoIsjc4-GIg$_$8,vision,1.0
train,QzdEjKQFisQ$_$8,text,1.0
train,QzdEjKQFisQ$_$8,audio,1.0
train,QzdEjKQFisQ$_$8,vision,1.0
train,R0o37yJ1PP0$_$3,text,1.0
train,R0o37yJ1PP0$_$3,audio,1.0
train,R0o37yJ1PP0$_$3,vision,1.0
train,R0o37yJ1PP0$_$5,text,1.0
train,R0o37yJ1PP0$_$5,audio,1.0
train,R0o37yJ1PP0$_$5,vision,1.0
train,R0o37yJ1PP0$_$6,text,1.0
train,R0o37yJ1PP0$_$6,audio,1.0
train,R0o37yJ1PP0$_$6,vision,1.0
train,R0uRDh-engU$_$10,text,1.0
train,R0uRDh-engU$_$10,audio,1.0
train,R0uRDh-engU$_$10,vision,1.0
train,R0uRDh-engU$_$5,text,1.0
train,R0uRDh-engU$_$5,audio,1.0
train,R0uRDh-engU$_$5,vision,1.0
train,R5a3TP-l_n4$_$1,text,1.0
train,R5a3TP-l_n4$_$1,audio,1.0
train,R5a3TP-l_n4$_$1,vision,1.0
train,R9ypacCuEZo$_$4,text,1.0
train,R9ypacCuEZo$_$4,audio,1.0
train,R9ypacCuEZo$_$4,vision,1.0
train,R9ypacCuEZo$_$7,text,1.0
train,R9ypacCuEZo$_$7,audio,1.0
train,R9ypacCuEZo$_$7,vision,1.0
train,RE-LIPOFnrE$_$4,text,1.0
train,RE-LIPOFnrE$_$4,audio,1.0
train,RE-LIPOFnrE$_$4,vision,1.0
train,REkPZ77s3Vc$_$0,text,1.0
train,REkPZ77s3Vc$_$0,audio,1.0
train,REkPZ77s3Vc$_$0,vision,0.5333333333333333
train,REkPZ77s3Vc$_$4,text,1.0
train,REkPZ77s3Vc$_$4,audio,1.0
train,REkPZ77s3Vc$_$4,vision,0.9696969696969697
train,REkPZ77s3Vc$_$7,text,1.0
train,REkPZ77s3Vc$_$7,audio,1.0
train,REkPZ77s3Vc$_$7,vision,1.0
train,RImmdklTOW0$_$10,text,1.0
train,RImmdklTOW0$_$10,audio,1.0
train,RImmdklTOW0$_$10,vision,1.0
train,RImmdklTOW0$_$15,text,1.0
train,RImmdklTOW0$_$15,audio,1.0
train,RImmdklTOW0$_$15,vision,1.0
train,RImmdklTOW0$_$8,text,1.0
train,RImmdklTOW0$_$8,audio,1.0
train,RImmdklTOW0$_$8,vision,1.0
train,RLHZ6xtIWSM$_$2,text,1.0
train,RLHZ6xtIWSM$_$2,audio,1.0
train,RLHZ6xtIWSM$_$2,vision,1.0
train,RLHZ6xtIWSM$_$6,text,1.0
train,RLHZ6xtIWSM$_$6,audio,1.0
train,RLHZ6xtIWSM$_$6,vision,1.0
train,RRKez9BR-94$_$12,text,1.0
train,RRKez9BR-94$_$12,audio,1.0
train,RRKez9BR-94$_$12,vision,1.0
train,RS5WM3q2ZZQ$_$11,text,1.0
train,RS5WM3q2ZZQ$_$11,audio,1.0
train,RS5WM3q2ZZQ$_$11,vision,1.0
train,RS5WM3q2ZZQ$_$10,text,1.0
train,RS5WM3q2ZZQ$_$10,audio,1.0
train,RS5WM3q2ZZQ$_$10,vision,1.0
train,RS5WM3q2ZZQ$_$2,text,1.0
train,RS5WM3q2ZZQ$_$2,audio,1.0
train,RS5WM3q2ZZQ$_$2,vision,1.0
train,RS5WM3q2ZZQ$_$6,text,1.0
train,RS5WM3q2ZZQ$_$6,audio,1.0
train,RS5WM3q2ZZQ$_$6,vision,1.0
train,RST6PgpsLws$_$2,text,1.0
train,RST6PgpsLws$_$2,audio,1.0
train,RST6PgpsLws$_$2,vision,1.0
train,RTzDzj4NxIM$_$7,text,1.0
train,RTzDzj4NxIM$_$7,audio,1.0
train,RTzDzj4NxIM$_$7,vision,1.0
train,RaTQZrdICKo$_$2,text,1.0
train,RaTQZrdICKo$_$2,audio,1.0
train,RaTQZrdICKo$_$2,vision,1.0
train,RadU51t1kL0$_$8,text,1.0
train,RadU51t1kL0$_$8,audio,1.0
train,RadU51t1kL0$_$8,vision,1.0
train,Rdf0Psjyrwc$_$3,text,1.0
train,Rdf0Psjyrwc$_$3,audio,1.0
train,Rdf0Psjyrwc$_$3,vision,1.0
train,Rdf0Psjyrwc$_$2,text,1.0
train,Rdf0Psjyrwc$_$2,audio,1.0
train,Rdf0Psjyrwc$_$2,vision,1.0
train,RgubFcmvgDE$_$0,text,1.0
train,RgubFcmvgDE$_$0,audio,1.0
train,RgubFcmvgDE$_$0,vision,1.0
train,RgubFcmvgDE$_$3,text,1.0
train,RgubFcmvgDE$_$3,audio,1.0
train,RgubFcmvgDE$_$3,vision,1.0
train,Rse6laKf1i8$_$6,text,1.0
train,Rse6laKf1i8$_$6,audio,1.0
train,Rse6laKf1i8$_$6,vision,1.0
train,Rt9rN1ntS3E$_$1,text,1.0
train,Rt9rN1ntS3E$_$1,audio,1.0
train,Rt9rN1ntS3E$_$1,vision,1.0
train,Rt9rN1ntS3E$_$2,text,1.0
train,Rt9rN1ntS3E$_$2,audio,1.0
train,Rt9rN1ntS3E$_$2,vision,1.0
train,Rugd2NMu4bA$_$11,text,1.0
train,Rugd2NMu4bA$_$11,audio,1.0
train,Rugd2NMu4bA$_$11,vision,1.0
train,Rugd2NMu4bA$_$5,text,1.0
train,Rugd2NMu4bA$_$5,audio,1.0
train,Rugd2NMu4bA$_$5,vision,1.0
train,RvIohowRPAk$_$11,text,1.0
train,RvIohowRPAk$_$11,audio,1.0
train,RvIohowRPAk$_$11,vision,1.0
train,RvIohowRPAk$_$2,text,1.0
train,RvIohowRPAk$_$2,audio,1.0
train,RvIohowRPAk$_$2,vision,1.0
train,Rw2pzFGosmw$_$7,text,1.0
train,Rw2pzFGosmw$_$7,audio,1.0
train,Rw2pzFGosmw$_$7,vision,0.7083333333333334
train,RwcTz-tOIeo$_$2,text,1.0
train,RwcTz-tOIeo$_$2,audio,1.0
train,RwcTz-tOIeo$_$2,vision,1.0
train,Ry2NJPd4N3s$_$14,text,1.0
train,Ry2NJPd4N3s$_$14,audio,1.0
train,Ry2NJPd4N3s$_$14,vision,1.0
train,S21ApRNQ9Ko$_$15,text,1.0
train,S21ApRNQ9Ko$_$15,audio,1.0
train,S21ApRNQ9Ko$_$15,vision,1.0
train,S21ApRNQ9Ko$_$14,text,1.0
train,S21ApRNQ9Ko$_$14,audio,1.0
train,S21ApRNQ9Ko$_$14,vision,1.0
train,S21ApRNQ9Ko$_$3,text,1.0
train,S21ApRNQ9Ko$_$3,audio,1.0
train,S21ApRNQ9Ko$_$3,vision,1.0
train,S21ApRNQ9Ko$_$2,text,1.0
train,S21ApRNQ9Ko$_$2,audio,1.0
train,S21ApRNQ9Ko$_$2,vision,1.0
train,S2znq3iRPwE$_$10,text,1.0
train,S2znq3iRPwE$_$10,audio,1.0
train,S2znq3iRPwE$_$10,vision,1.0
train,S2znq3iRPwE$_$13,text,1.0
train,S2znq3iRPwE$_$13,audio,1.0
train,S2znq3iRPwE$_$13,vision,1.0
train,S2znq3iRPwE$_$19,text,1.0
train,S2znq3iRPwE$_$19,audio,1.0
train,S2znq3iRPwE$_$19,vision,1.0
train,S6S2XL0-ZpM$_$1,text,1.0
train,S6S2XL0-ZpM$_$1,audio,1.0
train,S6S2XL0-ZpM$_$1,vision,1.0
train,S9PDgK7fpJI$_$14,text,1.0
train,S9PDgK7fpJI$_$14,audio,1.0
train,S9PDgK7fpJI$_$14,vision,1.0
train,SGsiGz2fdpo$_$23,text,1.0
train,SGsiGz2fdpo$_$23,audio,1.0
train,SGsiGz2fdpo$_$23,vision,1.0
train,SGsiGz2fdpo$_$29,text,1.0
train,SGsiGz2fdpo$_$29,audio,1.0
train,SGsiGz2fdpo$_$29,vision,1.0
train,SGsiGz2fdpo$_$5,text,1.0
train,SGsiGz2fdpo$_$5,audio,1.0
train,SGsiGz2fdpo$_$5,vision,1.0
train,SGsiGz2fdpo$_$4,text,1.0
train,SGsiGz2fdpo$_$4,audio,1.0
train,SGsiGz2fdpo$_$4,vision,1.0
train,SGsiGz2fdpo$_$6,text,1.0
train,SGsiGz2fdpo$_$6,audio,1.0
train,SGsiGz2fdpo$_$6,vision,1.0
train,SGsiGz2fdpo$_$9,text,1.0
train,SGsiGz2fdpo$_$9,audio,1.0
train,SGsiGz2fdpo$_$9,vision,1.0
train,SGsiGz2fdpo$_$8,text,1.0
train,SGsiGz2fdpo$_$8,audio,1.0
train,SGsiGz2fdpo$_$8,vision,1.0
train,SGsiGz2fdpo$_$11,text,1.0
train,SGsiGz2fdpo$_$11,audio,1.0
train,SGsiGz2fdpo$_$11,vision,1.0
train,SGsiGz2fdpo$_$15,text,1.0
train,SGsiGz2fdpo$_$15,audio,1.0
train,SGsiGz2fdpo$_$15,vision,1.0
train,SGsiGz2fdpo$_$33,text,1.0
train,SGsiGz2fdpo$_$33,audio,1.0
train,SGsiGz2fdpo$_$33,vision,1.0
train,SH0wXyhsx9s$_$0,text,1.0
train,SH0wXyhsx9s$_$0,audio,1.0
train,SH0wXyhsx9s$_$0,vision,1.0
train,SI39azgVUR8$_$2,text,1.0
train,SI39azgVUR8$_$2,audio,1.0
train,SI39azgVUR8$_$2,vision,1.0
train,SLi2gT5H6m8$_$3,text,1.0
train,SLi2gT5H6m8$_$3,audio,1.0
train,SLi2gT5H6m8$_$3,vision,1.0
train,SLi2gT5H6m8$_$5,text,1.0
train,SLi2gT5H6m8$_$5,audio,1.0
train,SLi2gT5H6m8$_$5,vision,1.0
train,SMr2DprlLu4$_$1,text,1.0
train,SMr2DprlLu4$_$1,audio,1.0
train,SMr2DprlLu4$_$1,vision,0.18181818181818182
train,SMzV26l6iA0$_$0,text,1.0
train,SMzV26l6iA0$_$0,audio,1.0
train,SMzV26l6iA0$_$0,vision,1.0
train,STeqtJLakQQ$_$2,text,1.0
train,STeqtJLakQQ$_$2,audio,1.0
train,STeqtJLakQQ$_$2,vision,0.9393939393939394
train,STeqtJLakQQ$_$5,text,1.0
train,STeqtJLakQQ$_$5,audio,1.0
train,STeqtJLakQQ$_$5,vision,0.8947368421052632
train,SWHmteF5Rlk$_$2,text,1.0
train,SWHmteF5Rlk$_$2,audio,1.0
train,SWHmteF5Rlk$_$2,vision,1.0
train,SWHmteF5Rlk$_$6,text,1.0
train,SWHmteF5Rlk$_$6,audio,1.0
train,SWHmteF5Rlk$_$6,vision,1.0
train,SWhfaL7AdEc$_$2,text,1.0
train,SWhfaL7AdEc$_$2,audio,1.0
train,SWhfaL7AdEc$_$2,vision,1.0
train,SWhfaL7AdEc$_$4,text,1.0
train,SWhfaL7AdEc$_$4,audio,1.0
train,SWhfaL7AdEc$_$4,vision,1.0
train,SYnygYs-fAg$_$14,text,1.0
train,SYnygYs-fAg$_$14,audio,1.0
train,SYnygYs-fAg$_$14,vision,0.55
train,SYnygYs-fAg$_$0,text,1.0
train,SYnygYs-fAg$_$0,audio,1.0
train,SYnygYs-fAg$_$0,vision,1.0
train,SYnygYs-fAg$_$6,text,1.0
train,SYnygYs-fAg$_$6,audio,1.0
train,SYnygYs-fAg$_$6,vision,1.0
train,SYnygYs-fAg$_$8,text,1.0
train,SYnygYs-fAg$_$8,audio,1.0
train,SYnygYs-fAg$_$8,vision,1.0
train,S_mxvk4LEh0$_$12,text,1.0
train,S_mxvk4LEh0$_$12,audio,1.0
train,S_mxvk4LEh0$_$12,vision,1.0
train,S_mxvk4LEh0$_$5,text,1.0
train,S_mxvk4LEh0$_$5,audio,1.0
train,S_mxvk4LEh0$_$5,vision,1.0
train,Sb2xMPwNKPo$_$18,text,1.0
train,Sb2xMPwNKPo$_$18,audio,1.0
train,Sb2xMPwNKPo$_$18,vision,1.0
train,Sb2xMPwNKPo$_$5,text,1.0
train,Sb2xMPwNKPo$_$5,audio,1.0
train,Sb2xMPwNKPo$_$5,vision,1.0
train,ShgrdU9WAJE$_$12,text,1.0
train,ShgrdU9WAJE$_$12,audio,1.0
train,ShgrdU9WAJE$_$12,vision,1.0
train,ShgrdU9WAJE$_$2,text,1.0
train,ShgrdU9WAJE$_$2,audio,1.0
train,ShgrdU9WAJE$_$2,vision,1.0
train,ShgrdU9WAJE$_$5,text,1.0
train,ShgrdU9WAJE$_$5,audio,1.0
train,ShgrdU9WAJE$_$5,vision,1.0
train,Sir2QeCh4B0$_$5,text,1.0
train,Sir2QeCh4B0$_$5,audio,1.0
train,Sir2QeCh4B0$_$5,vision,1.0
train,So3bPzg2bq0$_$10,text,1.0
train,So3bPzg2bq0$_$10,audio,1.0
train,So3bPzg2bq0$_$10,vision,1.0
train,So3bPzg2bq0$_$2,text,1.0
train,So3bPzg2bq0$_$2,audio,1.0
train,So3bPzg2bq0$_$2,vision,1.0
train,SrMN3rwvCsE$_$1,text,1.0
train,SrMN3rwvCsE$_$1,audio,1.0
train,SrMN3rwvCsE$_$1,vision,1.0
train,StgqrTr0JqU$_$10,text,1.0
train,StgqrTr0JqU$_$10,audio,1.0
train,StgqrTr0JqU$_$10,vision,1.0
train,StgqrTr0JqU$_$0,text,1.0
train,StgqrTr0JqU$_$0,audio,1.0
train,StgqrTr0JqU$_$0,vision,1.0
train,SxbTZjZD0vU$_$5,text,1.0
train,SxbTZjZD0vU$_$5,audio,1.0
train,SxbTZjZD0vU$_$5,vision,1.0
train,SzJf6viBWBg$_$2,text,1.0
train,SzJf6viBWBg$_$2,audio,1.0
train,SzJf6viBWBg$_$2,vision,1.0
train,SzJf6viBWBg$_$4,text,1.0
train,SzJf6viBWBg$_$4,audio,1.0
train,SzJf6viBWBg$_$4,vision,1.0
train,T-8TvJcS78w$_$3,text,1.0
train,T-8TvJcS78w$_$3,audio,1.0
train,T-8TvJcS78w$_$3,vision,1.0
train,T-8TvJcS78w$_$7,text,1.0
train,T-8TvJcS78w$_$7,audio,1.0
train,T-8TvJcS78w$_$7,vision,1.0
train,T1icdxz0TNs$_$0,text,1.0
train,T1icdxz0TNs$_$0,audio,1.0
train,T1icdxz0TNs$_$0,vision,1.0
train,T4e4Ba1sRg0$_$0,text,1.0
train,T4e4Ba1sRg0$_$0,audio,1.0
train,T4e4Ba1sRg0$_$0,vision,1.0
train,T4e4Ba1sRg0$_$3,text,1.0
train,T4e4Ba1sRg0$_$3,audio,1.0
train,T4e4Ba1sRg0$_$3,vision,1.0
train,T4e4Ba1sRg0$_$9,text,1.0
train,T4e4Ba1sRg0$_$9,audio,1.0
train,T4e4Ba1sRg0$_$9,vision,1.0
train,TBCjKGYBNIo$_$24,text,1.0
train,TBCjKGYBNIo$_$24,audio,1.0
train,TBCjKGYBNIo$_$24,vision,1.0
train,TBCjKGYBNIo$_$20,text,1.0
train,TBCjKGYBNIo$_$20,audio,1.0
train,TBCjKGYBNIo$_$20,vision,1.0
train,TBCjKGYBNIo$_$3,text,1.0
train,TBCjKGYBNIo$_$3,audio,1.0
train,TBCjKGYBNIo$_$3,vision,1.0
train,TBCjKGYBNIo$_$19,text,1.0
train,TBCjKGYBNIo$_$19,audio,1.0
train,TBCjKGYBNIo$_$19,vision,1.0
train,TBwetweXRb4$_$5,text,1.0
train,TBwetweXRb4$_$5,audio,1.0
train,TBwetweXRb4$_$5,vision,0.6428571428571429
train,TFKgo5JlPro$_$1,text,1.0
train,TFKgo5JlPro$_$1,audio,1.0
train,TFKgo5JlPro$_$1,vision,1.0
train,TFKgo5JlPro$_$0,text,1.0
train,TFKgo5JlPro$_$0,audio,1.0
train,TFKgo5JlPro$_$0,vision,1.0
train,TM7cHOHfF70$_$30,text,1.0
train,TM7cHOHfF70$_$30,audio,1.0
train,TM7cHOHfF70$_$30,vision,0.75
train,TM7cHOHfF70$_$5,text,1.0
train,TM7cHOHfF70$_$5,audio,1.0
train,TM7cHOHfF70$_$5,vision,1.0
train,TNwwVWA-oAE$_$22,text,1.0
train,TNwwVWA-oAE$_$22,audio,1.0
train,TNwwVWA-oAE$_$22,vision,1.0
train,TNwwVWA-oAE$_$16,text,1.0
train,TNwwVWA-oAE$_$16,audio,1.0
train,TNwwVWA-oAE$_$16,vision,1.0
train,TO5HjoK8Iu8$_$10,text,1.0
train,TO5HjoK8Iu8$_$10,audio,1.0
train,TO5HjoK8Iu8$_$10,vision,1.0
train,TO5HjoK8Iu8$_$12,text,1.0
train,TO5HjoK8Iu8$_$12,audio,1.0
train,TO5HjoK8Iu8$_$12,vision,1.0
train,TSDC7CCyeGY$_$5,text,1.0
train,TSDC7CCyeGY$_$5,audio,1.0
train,TSDC7CCyeGY$_$5,vision,0.5454545454545454
train,TUY83eDK5jc$_$17,text,1.0
train,TUY83eDK5jc$_$17,audio,1.0
train,TUY83eDK5jc$_$17,vision,0.08695652173913043
train,TVhXqAI9gyA$_$1,text,1.0
train,TVhXqAI9gyA$_$1,audio,1.0
train,TVhXqAI9gyA$_$1,vision,1.0
train,TWMFQED1Myk$_$1,text,1.0
train,TWMFQED1Myk$_$1,audio,1.0
train,TWMFQED1Myk$_$1,vision,0.03571428571428571
train,TWMFQED1Myk$_$3,text,1.0
train,TWMFQED1Myk$_$3,audio,1.0
train,TWMFQED1Myk$_$3,vision,0.0
train,TWMFQED1Myk$_$6,text,1.0
train,TWMFQED1Myk$_$6,audio,1.0
train,TWMFQED1Myk$_$6,vision,0.0
train,TWf0XFpXwfs$_$0,text,1.0
train,TWf0XFpXwfs$_$0,audio,1.0
train,TWf0XFpXwfs$_$0,vision,1.0
train,TZXcQemh8n8$_$11,text,1.0
train,TZXcQemh8n8$_$11,audio,1.0
train,TZXcQemh8n8$_$11,vision,1.0
train,Ta_IgA3XJ3s$_$27,text,1.0
train,Ta_IgA3XJ3s$_$27,audio,1.0
train,Ta_IgA3XJ3s$_$27,vision,1.0
train,Ta_IgA3XJ3s$_$21,text,1.0
train,Ta_IgA3XJ3s$_$21,audio,1.0
train,Ta_IgA3XJ3s$_$21,vision,1.0
train,TahiuVpcROM$_$2,text,1.0
train,TahiuVpcROM$_$2,audio,1.0
train,TahiuVpcROM$_$2,vision,1.0
train,TfBVq9oWBmM$_$1,text,1.0
train,TfBVq9oWBmM$_$1,audio,1.0
train,TfBVq9oWBmM$_$1,vision,1.0
train,Tiq67-bAV3M$_$5,text,1.0
train,Tiq67-bAV3M$_$5,audio,1.0
train,Tiq67-bAV3M$_$5,vision,1.0
train,TwTLsgfpKvA$_$0,text,1.0
train,TwTLsgfpKvA$_$0,audio,1.0
train,TwTLsgfpKvA$_$0,vision,1.0
train,TwTLsgfpKvA$_$9,text,1.0
train,TwTLsgfpKvA$_$9,audio,1.0
train,TwTLsgfpKvA$_$9,vision,1.0
train,TxJjAK0WrOY$_$10,text,1.0
train,TxJjAK0WrOY$_$10,audio,1.0
train,TxJjAK0WrOY$_$10,vision,1.0
train,U8Ewftg_8CI$_$2,text,1.0
train,U8Ewftg_8CI$_$2,audio,1.0
train,U8Ewftg_8CI$_$2,vision,1.0
train,UK_IXtJ2BqI$_$17,text,1.0
train,UK_IXtJ2BqI$_$17,audio,1.0
train,UK_IXtJ2BqI$_$17,vision,1.0
train,UK_IXtJ2BqI$_$3,text,1.0
train,UK_IXtJ2BqI$_$3,audio,1.0
train,UK_IXtJ2BqI$_$3,vision,1.0
train,UK_IXtJ2BqI$_$7,text,1.0
train,UK_IXtJ2BqI$_$7,audio,1.0
train,UK_IXtJ2BqI$_$7,vision,1.0
train,ULtBuI6nMaY$_$10,text,1.0
train,ULtBuI6nMaY$_$10,audio,1.0
train,ULtBuI6nMaY$_$10,vision,1.0
train,ULtBuI6nMaY$_$1,text,1.0
train,ULtBuI6nMaY$_$1,audio,1.0
train,ULtBuI6nMaY$_$1,vision,1.0
train,UUukBV82P9A$_$11,text,1.0
train,UUukBV82P9A$_$11,audio,1.0
train,UUukBV82P9A$_$11,vision,1.0
train,UUukBV82P9A$_$10,text,1.0
train,UUukBV82P9A$_$10,audio,1.0
train,UUukBV82P9A$_$10,vision,1.0
train,UUukBV82P9A$_$2,text,1.0
train,UUukBV82P9A$_$2,audio,1.0
train,UUukBV82P9A$_$2,vision,0.5263157894736842
train,UXvMaHD9kmA$_$10,text,1.0
train,UXvMaHD9kmA$_$10,audio,1.0
train,UXvMaHD9kmA$_$10,vision,1.0
train,UXvMaHD9kmA$_$18,text,1.0
train,UXvMaHD9kmA$_$18,audio,1.0
train,UXvMaHD9kmA$_$18,vision,1.0
train,UXvMaHD9kmA$_$14,text,1.0
train,UXvMaHD9kmA$_$14,audio,1.0
train,UXvMaHD9kmA$_$14,vision,1.0
train,Ua4g9q0r-dI$_$24,text,1.0
train,Ua4g9q0r-dI$_$24,audio,1.0
train,Ua4g9q0r-dI$_$24,vision,1.0
train,Ua4g9q0r-dI$_$15,text,1.0
train,Ua4g9q0r-dI$_$15,audio,1.0
train,Ua4g9q0r-dI$_$15,vision,1.0
train,Ua4g9q0r-dI$_$31,text,1.0
train,Ua4g9q0r-dI$_$31,audio,1.0
train,Ua4g9q0r-dI$_$31,vision,1.0
train,Ua4g9q0r-dI$_$14,text,1.0
train,Ua4g9q0r-dI$_$14,audio,1.0
train,Ua4g9q0r-dI$_$14,vision,1.0
train,Uc-0G7RRxoY$_$16,text,1.0
train,Uc-0G7RRxoY$_$16,audio,1.0
train,Uc-0G7RRxoY$_$16,vision,1.0
train,Uc-0G7RRxoY$_$6,text,1.0
train,Uc-0G7RRxoY$_$6,audio,1.0
train,Uc-0G7RRxoY$_$6,vision,1.0
train,UeOIb6s0pVM$_$6,text,1.0
train,UeOIb6s0pVM$_$6,audio,1.0
train,UeOIb6s0pVM$_$6,vision,1.0
train,UeOIb6s0pVM$_$8,text,1.0
train,UeOIb6s0pVM$_$8,audio,1.0
train,UeOIb6s0pVM$_$8,vision,1.0
train,UgTM9y2rD38$_$2,text,1.0
train,UgTM9y2rD38$_$2,audio,1.0
train,UgTM9y2rD38$_$2,vision,1.0
train,UkqTwAuA8jI$_$7,text,1.0
train,UkqTwAuA8jI$_$7,audio,1.0
train,UkqTwAuA8jI$_$7,vision,1.0
train,UmB5c_QqUPs$_$11,text,1.0
train,UmB5c_QqUPs$_$11,audio,1.0
train,UmB5c_QqUPs$_$11,vision,1.0
train,UtjenieM1Ak$_$6,text,1.0
train,UtjenieM1Ak$_$6,audio,1.0
train,UtjenieM1Ak$_$6,vision,1.0
train,UtuTyW9pUN8$_$6,text,1.0
train,UtuTyW9pUN8$_$6,audio,1.0
train,UtuTyW9pUN8$_$6,vision,1.0
train,Uw1nWfSuyo8$_$2,text,1.0
train,Uw1nWfSuyo8$_$2,audio,1.0
train,Uw1nWfSuyo8$_$2,vision,1.0
train,VAFdgtqZz4g$_$4,text,1.0
train,VAFdgtqZz4g$_$4,audio,1.0
train,VAFdgtqZz4g$_$4,vision,1.0
train,VAr7gJydnys$_$13,text,1.0
train,VAr7gJydnys$_$13,audio,1.0
train,VAr7gJydnys$_$13,vision,1.0
train,VAr7gJydnys$_$1,text,1.0
train,VAr7gJydnys$_$1,audio,1.0
train,VAr7gJydnys$_$1,vision,1.0
train,VAr7gJydnys$_$0,text,1.0
train,VAr7gJydnys$_$0,audio,1.0
train,VAr7gJydnys$_$0,vision,1.0
train,VAr7gJydnys$_$6,text,1.0
train,VAr7gJydnys$_$6,audio,1.0
train,VAr7gJydnys$_$6,vision,1.0
train,VDjnKdFxuBE$_$0,text,1.0
train,VDjnKdFxuBE$_$0,audio,1.0
train,VDjnKdFxuBE$_$0,vision,1.0
train,VN1IPN1TL3Q$_$0,text,1.0
train,VN1IPN1TL3Q$_$0,audio,1.0
train,VN1IPN1TL3Q$_$0,vision,1.0
train,VN1IPN1TL3Q$_$5,text,1.0
train,VN1IPN1TL3Q$_$5,audio,1.0
train,VN1IPN1TL3Q$_$5,vision,1.0
train,VUrTT7xsrec$_$1,text,1.0
train,VUrTT7xsrec$_$1,audio,1.0
train,VUrTT7xsrec$_$1,vision,1.0
train,VWik5oKP6IU$_$3,text,1.0
train,VWik5oKP6IU$_$3,audio,1.0
train,VWik5oKP6IU$_$3,vision,1.0
train,VZqkWIPmH6w$_$4,text,1.0
train,VZqkWIPmH6w$_$4,audio,1.0
train,VZqkWIPmH6w$_$4,vision,1.0
train,Va54WZgPTdY$_$6,text,1.0
train,Va54WZgPTdY$_$6,audio,1.0
train,Va54WZgPTdY$_$6,vision,1.0
train,VbSsGRXIwjc$_$2,text,1.0
train,VbSsGRXIwjc$_$2,audio,1.0
train,VbSsGRXIwjc$_$2,vision,1.0
train,Ve-mmCM8TI0$_$15,text,1.0
train,Ve-mmCM8TI0$_$15,audio,1.0
train,Ve-mmCM8TI0$_$15,vision,1.0
train,Ve-mmCM8TI0$_$2,text,1.0
train,Ve-mmCM8TI0$_$2,audio,1.0
train,Ve-mmCM8TI0$_$2,vision,1.0
train,Ve-mmCM8TI0$_$4,text,1.0
train,Ve-mmCM8TI0$_$4,audio,1.0
train,Ve-mmCM8TI0$_$4,vision,1.0
train,Ve-mmCM8TI0$_$7,text,1.0
train,Ve-mmCM8TI0$_$7,audio,1.0
train,Ve-mmCM8TI0$_$7,vision,1.0
train,Ve-mmCM8TI0$_$6,text,1.0
train,Ve-mmCM8TI0$_$6,audio,1.0
train,Ve-mmCM8TI0$_$6,vision,1.0
train,VhKJm_jiciU$_$10,text,1.0
train,VhKJm_jiciU$_$10,audio,1.0
train,VhKJm_jiciU$_$10,vision,0.9523809523809523
train,VjAvqFXEmmk$_$3,text,1.0
train,VjAvqFXEmmk$_$3,audio,1.0
train,VjAvqFXEmmk$_$3,vision,1.0
train,VjAvqFXEmmk$_$2,text,1.0
train,VjAvqFXEmmk$_$2,audio,1.0
train,VjAvqFXEmmk$_$2,vision,1.0
train,VjAvqFXEmmk$_$4,text,1.0
train,VjAvqFXEmmk$_$4,audio,1.0
train,VjAvqFXEmmk$_$4,vision,1.0
train,VoETCD8fBLI$_$5,text,1.0
train,VoETCD8fBLI$_$5,audio,1.0
train,VoETCD8fBLI$_$5,vision,1.0
train,Vv2DTPyyw90$_$0,text,1.0
train,Vv2DTPyyw90$_$0,audio,1.0
train,Vv2DTPyyw90$_$0,vision,1.0
train,Vw4-ae-ucHE$_$0,text,1.0
train,Vw4-ae-ucHE$_$0,audio,1.0
train,Vw4-ae-ucHE$_$0,vision,1.0
train,Vw4-ae-ucHE$_$3,text,1.0
train,Vw4-ae-ucHE$_$3,audio,1.0
train,Vw4-ae-ucHE$_$3,vision,1.0
train,Vw4-ae-ucHE$_$2,text,1.0
train,Vw4-ae-ucHE$_$2,audio,1.0
train,Vw4-ae-ucHE$_$2,vision,1.0
train,Vx8npmcFxak$_$5,text,1.0
train,Vx8npmcFxak$_$5,audio,1.0
train,Vx8npmcFxak$_$5,vision,1.0
train,VybXjsmsjAY$_$13,text,1.0
train,VybXjsmsjAY$_$13,audio,1.0
train,VybXjsmsjAY$_$13,vision,1.0
train,W-pA0lOGLR0$_$5,text,1.0
train,W-pA0lOGLR0$_$5,audio,1.0
train,W-pA0lOGLR0$_$5,vision,1.0
train,W-ptEZFARVo$_$2,text,1.0
train,W-ptEZFARVo$_$2,audio,1.0
train,W-ptEZFARVo$_$2,vision,0.0625
train,W-q9bPlMIVI$_$14,text,1.0
train,W-q9bPlMIVI$_$14,audio,1.0
train,W-q9bPlMIVI$_$14,vision,1.0
train,W40BaML7mzc$_$0,text,1.0
train,W40BaML7mzc$_$0,audio,1.0
train,W40BaML7mzc$_$0,vision,1.0
train,W53uRqITk2I$_$0,text,1.0
train,W53uRqITk2I$_$0,audio,1.0
train,W53uRqITk2I$_$0,vision,1.0
train,W53uRqITk2I$_$6,text,1.0
train,W53uRqITk2I$_$6,audio,1.0
train,W53uRqITk2I$_$6,vision,1.0
train,WAXJRnJXmOA$_$18,text,1.0
train,WAXJRnJXmOA$_$18,audio,1.0
train,WAXJRnJXmOA$_$18,vision,1.0
train,WAXJRnJXmOA$_$5,text,1.0
train,WAXJRnJXmOA$_$5,audio,1.0
train,WAXJRnJXmOA$_$5,vision,1.0
train,WBCRTcMJZZc$_$3,text,1.0
train,WBCRTcMJZZc$_$3,audio,1.0
train,WBCRTcMJZZc$_$3,vision,1.0
train,WGfGxoI05ew$_$3,text,1.0
train,WGfGxoI05ew$_$3,audio,1.0
train,WGfGxoI05ew$_$3,vision,1.0
train,WHUHTmtBJWU$_$14,text,1.0
train,WHUHTmtBJWU$_$14,audio,1.0
train,WHUHTmtBJWU$_$14,vision,1.0
train,WMzvDL7b4sM$_$0,text,1.0
train,WMzvDL7b4sM$_$0,audio,1.0
train,WMzvDL7b4sM$_$0,vision,1.0
train,WTF9xgqLIvI$_$2,text,1.0
train,WTF9xgqLIvI$_$2,audio,1.0
train,WTF9xgqLIvI$_$2,vision,0.0
train,WTF9xgqLIvI$_$7,text,1.0
train,WTF9xgqLIvI$_$7,audio,1.0
train,WTF9xgqLIvI$_$7,vision,0.0
train,WUeSV0Z23Kg$_$1,text,1.0
train,WUeSV0Z23Kg$_$1,audio,1.0
train,WUeSV0Z23Kg$_$1,vision,1.0
train,WXKgBIiP8IA$_$10,text,1.0
train,WXKgBIiP8IA$_$10,audio,1.0
train,WXKgBIiP8IA$_$10,vision,1.0
train,WXKgBIiP8IA$_$1,text,1.0
train,WXKgBIiP8IA$_$1,audio,1.0
train,WXKgBIiP8IA$_$1,vision,0.9090909090909091
train,WXKgBIiP8IA$_$2,text,1.0
train,WXKgBIiP8IA$_$2,audio,1.0
train,WXKgBIiP8IA$_$2,vision,0.4827586206896552
train,WXKgBIiP8IA$_$5,text,1.0
train,WXKgBIiP8IA$_$5,audio,1.0
train,WXKgBIiP8IA$_$5,vision,0.10344827586206896
train,Wfn7XvSEwUA$_$1,text,1.0
train,Wfn7XvSEwUA$_$1,audio,1.0
train,Wfn7XvSEwUA$_$1,vision,1.0
train,Wfn7XvSEwUA$_$3,text,1.0
train,Wfn7XvSEwUA$_$3,audio,1.0
train,Wfn7XvSEwUA$_$3,vision,1.0
train,Wh6sht7xwqQ$_$11,text,1.0
train,Wh6sht7xwqQ$_$11,audio,1.0
train,Wh6sht7xwqQ$_$11,vision,1.0
train,Wh6sht7xwqQ$_$0,text,1.0
train,Wh6sht7xwqQ$_$0,audio,1.0
train,Wh6sht7xwqQ$_$0,vision,1.0
train,Wn8nz8GPKkI$_$1,text,1.0
train,Wn8nz8GPKkI$_$1,audio,1.0
train,Wn8nz8GPKkI$_$1,vision,1.0
train,Wn8nz8GPKkI$_$0,text,1.0
train,Wn8nz8GPKkI$_$0,audio,1.0
train,Wn8nz8GPKkI$_$0,vision,1.0
train,Wnw1IAEDwDM$_$0,text,1.0
train,Wnw1IAEDwDM$_$0,audio,1.0
train,Wnw1IAEDwDM$_$0,vision,1.0
train,Wo1RxRjXyYw$_$3,text,1.0
train,Wo1RxRjXyYw$_$3,audio,1.0
train,Wo1RxRjXyYw$_$3,vision,1.0
train,Wo1RxRjXyYw$_$2,text,1.0
train,Wo1RxRjXyYw$_$2,audio,1.0
train,Wo1RxRjXyYw$_$2,vision,0.0
train,Wo1RxRjXyYw$_$6,text,1.0
train,Wo1RxRjXyYw$_$6,audio,1.0
train,Wo1RxRjXyYw$_$6,vision,0.5714285714285714
train,Wo1RxRjXyYw$_$8,text,1.0
train,Wo1RxRjXyYw$_$8,audio,1.0
train,Wo1RxRjXyYw$_$8,vision,1.0
train,WtiBpLt2wuA$_$2,text,1.0
train,WtiBpLt2wuA$_$2,audio,1.0
train,WtiBpLt2wuA$_$2,vision,1.0
train,Wx9nThz5z_Y$_$31,text,1.0
train,Wx9nThz5z_Y$_$31,audio,1.0
train,Wx9nThz5z_Y$_$31,vision,1.0
train,WxYb2x_irTM$_$2,text,1.0
train,WxYb2x_irTM$_$2,audio,1.0
train,WxYb2x_irTM$_$2,vision,1.0
train,X0jMZoxUL2A$_$4,text,1.0
train,X0jMZoxUL2A$_$4,audio,1.0
train,X0jMZoxUL2A$_$4,vision,1.0
train,X0jMZoxUL2A$_$7,text,1.0
train,X0jMZoxUL2A$_$7,audio,1.0
train,X0jMZoxUL2A$_$7,vision,1.0
train,X0jMZoxUL2A$_$8,text,1.0
train,X0jMZoxUL2A$_$8,audio,1.0
train,X0jMZoxUL2A$_$8,vision,1.0
train,X2leyjuolDM$_$8,text,1.0
train,X2leyjuolDM$_$8,audio,1.0
train,X2leyjuolDM$_$8,vision,1.0
train,X6-jJO00DMg$_$8,text,1.0
train,X6-jJO00DMg$_$8,audio,1.0
train,X6-jJO00DMg$_$8,vision,1.0
train,X7-Gbk8gAD0$_$0,text,1.0
train,X7-Gbk8gAD0$_$0,audio,1.0
train,X7-Gbk8gAD0$_$0,vision,0.0
train,X7-Gbk8gAD0$_$2,text,1.0
train,X7-Gbk8gAD0$_$2,audio,1.0
train,X7-Gbk8gAD0$_$2,vision,1.0
train,X7-Gbk8gAD0$_$6,text,1.0
train,X7-Gbk8gAD0$_$6,audio,1.0
train,X7-Gbk8gAD0$_$6,vision,1.0
train,XAT2IfFFAU0$_$3,text,1.0
train,XAT2IfFFAU0$_$3,audio,1.0
train,XAT2IfFFAU0$_$3,vision,1.0
train,XAgD-xoil40$_$16,text,1.0
train,XAgD-xoil40$_$16,audio,1.0
train,XAgD-xoil40$_$16,vision,1.0
train,XAgD-xoil40$_$2,text,1.0
train,XAgD-xoil40$_$2,audio,1.0
train,XAgD-xoil40$_$2,vision,1.0
train,XCyngF93SmU$_$5,text,1.0
train,XCyngF93SmU$_$5,audio,1.0
train,XCyngF93SmU$_$5,vision,1.0
train,XCyngF93SmU$_$4,text,1.0
train,XCyngF93SmU$_$4,audio,1.0
train,XCyngF93SmU$_$4,vision,1.0
train,XDVkhOziCkg$_$1,text,1.0
train,XDVkhOziCkg$_$1,audio,1.0
train,XDVkhOziCkg$_$1,vision,1.0
train,XEZ7e4pf1xE$_$11,text,1.0
train,XEZ7e4pf1xE$_$11,audio,1.0
train,XEZ7e4pf1xE$_$11,vision,1.0
train,XEZ7e4pf1xE$_$12,text,1.0
train,XEZ7e4pf1xE$_$12,audio,1.0
train,XEZ7e4pf1xE$_$12,vision,0.6666666666666666
train,XFGHTk_3hGg$_$9,text,1.0
train,XFGHTk_3hGg$_$9,audio,1.0
train,XFGHTk_3hGg$_$9,vision,1.0
train,XFGHTk_3hGg$_$5,text,1.0
train,XFGHTk_3hGg$_$5,audio,1.0
train,XFGHTk_3hGg$_$5,vision,1.0
train,XFGHTk_3hGg$_$6,text,1.0
train,XFGHTk_3hGg$_$6,audio,1.0
train,XFGHTk_3hGg$_$6,vision,1.0
train,XPoY4LD-A1I$_$12,text,1.0
train,XPoY4LD-A1I$_$12,audio,1.0
train,XPoY4LD-A1I$_$12,vision,0.1111111111111111
train,XPoY4LD-A1I$_$8,text,1.0
train,XPoY4LD-A1I$_$8,audio,1.0
train,XPoY4LD-A1I$_$8,vision,0.0
train,XQOUZhWI1B0$_$3,text,1.0
train,XQOUZhWI1B0$_$3,audio,1.0
train,XQOUZhWI1B0$_$3,vision,0.8125
train,XQxnAPleuCE$_$3,text,1.0
train,XQxnAPleuCE$_$3,audio,1.0
train,XQxnAPleuCE$_$3,vision,1.0
train,XVSDfgstFUQ$_$1,text,1.0
train,XVSDfgstFUQ$_$1,audio,1.0
train,XVSDfgstFUQ$_$1,vision,1.0
train,XVSDfgstFUQ$_$3,text,1.0
train,XVSDfgstFUQ$_$3,audio,1.0
train,XVSDfgstFUQ$_$3,vision,1.0
train,XVSDfgstFUQ$_$4,text,1.0
train,XVSDfgstFUQ$_$4,audio,1.0
train,XVSDfgstFUQ$_$4,vision,1.0
train,XXvSLz8QmGk$_$10,text,1.0
train,XXvSLz8QmGk$_$10,audio,1.0
train,XXvSLz8QmGk$_$10,vision,0.7037037037037037
train,XXvSLz8QmGk$_$7,text,1.0
train,XXvSLz8QmGk$_$7,audio,1.0
train,XXvSLz8QmGk$_$7,vision,0.020833333333333332
train,XbolrpSc0KU$_$5,text,1.0
train,XbolrpSc0KU$_$5,audio,1.0
train,XbolrpSc0KU$_$5,vision,1.0
train,XcHLB-qfv5M$_$0,text,1.0
train,XcHLB-qfv5M$_$0,audio,1.0
train,XcHLB-qfv5M$_$0,vision,1.0
train,XcHLB-qfv5M$_$3,text,1.0
train,XcHLB-qfv5M$_$3,audio,1.0
train,XcHLB-qfv5M$_$3,vision,1.0
train,XgT2WWcXip4$_$7,text,1.0
train,XgT2WWcXip4$_$7,audio,1.0
train,XgT2WWcXip4$_$7,vision,1.0
train,Xo6-V2RlWss$_$1,text,1.0
train,Xo6-V2RlWss$_$1,audio,1.0
train,Xo6-V2RlWss$_$1,vision,1.0
train,Xo6-V2RlWss$_$0,text,1.0
train,Xo6-V2RlWss$_$0,audio,1.0
train,Xo6-V2RlWss$_$0,vision,1.0
train,Xq7zLxYHxd8$_$10,text,1.0
train,Xq7zLxYHxd8$_$10,audio,1.0
train,Xq7zLxYHxd8$_$10,vision,1.0
train,XsEPZydHWdo$_$4,text,1.0
train,XsEPZydHWdo$_$4,audio,1.0
train,XsEPZydHWdo$_$4,vision,1.0
train,XwOdPYlyqXA$_$12,text,1.0
train,XwOdPYlyqXA$_$12,audio,1.0
train,XwOdPYlyqXA$_$12,vision,1.0
train,Xx7Y2YIbleA$_$16,text,1.0
train,Xx7Y2YIbleA$_$16,audio,1.0
train,Xx7Y2YIbleA$_$16,vision,1.0
train,Xx7Y2YIbleA$_$9,text,1.0
train,Xx7Y2YIbleA$_$9,audio,1.0
train,Xx7Y2YIbleA$_$9,vision,0.4375
train,Xx7Y2YIbleA$_$8,text,1.0
train,Xx7Y2YIbleA$_$8,audio,1.0
train,Xx7Y2YIbleA$_$8,vision,1.0
train,XyBU_gZtU0M$_$23,text,1.0
train,XyBU_gZtU0M$_$23,audio,1.0
train,XyBU_gZtU0M$_$23,vision,1.0
train,XyBU_gZtU0M$_$4,text,1.0
train,XyBU_gZtU0M$_$4,audio,1.0
train,XyBU_gZtU0M$_$4,vision,1.0
train,XyBU_gZtU0M$_$9,text,1.0
train,XyBU_gZtU0M$_$9,audio,1.0
train,XyBU_gZtU0M$_$9,vision,1.0
train,XzhRYIeczg4$_$6,text,1.0
train,XzhRYIeczg4$_$6,audio,1.0
train,XzhRYIeczg4$_$6,vision,1.0
train,Y6zyM1nDhN0$_$2,text,1.0
train,Y6zyM1nDhN0$_$2,audio,1.0
train,Y6zyM1nDhN0$_$2,vision,1.0
train,Y6zyM1nDhN0$_$4,text,1.0
train,Y6zyM1nDhN0$_$4,audio,1.0
train,Y6zyM1nDhN0$_$4,vision,0.6842105263157895
train,YAYfMkxhRiQ$_$3,text,1.0
train,YAYfMkxhRiQ$_$3,audio,1.0
train,YAYfMkxhRiQ$_$3,vision,1.0
train,YB9EUgrzCCo$_$10,text,1.0
train,YB9EUgrzCCo$_$10,audio,1.0
train,YB9EUgrzCCo$_$10,vision,1.0
train,YB9EUgrzCCo$_$5,text,1.0
train,YB9EUgrzCCo$_$5,audio,1.0
train,YB9EUgrzCCo$_$5,vision,1.0
train,YGeVGXXK3ao$_$1,text,1.0
train,YGeVGXXK3ao$_$1,audio,1.0
train,YGeVGXXK3ao$_$1,vision,1.0
train,YGeVGXXK3ao$_$4,text,1.0
train,YGeVGXXK3ao$_$4,audio,1.0
train,YGeVGXXK3ao$_$4,vision,0.0
train,YITXOmhQhYE$_$0,text,1.0
train,YITXOmhQhYE$_$0,audio,1.0
train,YITXOmhQhYE$_$0,vision,1.0
train,YITXOmhQhYE$_$3,text,1.0
train,YITXOmhQhYE$_$3,audio,1.0
train,YITXOmhQhYE$_$3,vision,1.0
train,YITXOmhQhYE$_$5,text,1.0
train,YITXOmhQhYE$_$5,audio,1.0
train,YITXOmhQhYE$_$5,vision,1.0
train,YITXOmhQhYE$_$7,text,1.0
train,YITXOmhQhYE$_$7,audio,1.0
train,YITXOmhQhYE$_$7,vision,1.0
train,YITXOmhQhYE$_$6,text,1.0
train,YITXOmhQhYE$_$6,audio,1.0
train,YITXOmhQhYE$_$6,vision,1.0
train,YJJoYkFPmds$_$10,text,1.0
train,YJJoYkFPmds$_$10,audio,1.0
train,YJJoYkFPmds$_$10,vision,0.5
train,YJJoYkFPmds$_$5,text,1.0
train,YJJoYkFPmds$_$5,audio,1.0
train,YJJoYkFPmds$_$5,vision,0.9166666666666666
train,YJJoYkFPmds$_$7,text,1.0
train,YJJoYkFPmds$_$7,audio,1.0
train,YJJoYkFPmds$_$7,vision,0.6923076923076923
train,YLA7h1RTa9w$_$4,text,1.0
train,YLA7h1RTa9w$_$4,audio,1.0
train,YLA7h1RTa9w$_$4,vision,1.0
train,YRmjALBdTdE$_$7,text,1.0
train,YRmjALBdTdE$_$7,audio,1.0
train,YRmjALBdTdE$_$7,vision,0.4444444444444444
train,YVBsDJtAbk4$_$7,text,1.0
train,YVBsDJtAbk4$_$7,audio,1.0
train,YVBsDJtAbk4$_$7,vision,1.0
train,YVHJpAROBvQ$_$2,text,1.0
train,YVHJpAROBvQ$_$2,audio,1.0
train,YVHJpAROBvQ$_$2,vision,1.0
train,YWjTWl0oNLk$_$11,text,1.0
train,YWjTWl0oNLk$_$11,audio,1.0
train,YWjTWl0oNLk$_$11,vision,1.0
train,YWjTWl0oNLk$_$1,text,1.0
train,YWjTWl0oNLk$_$1,audio,1.0
train,YWjTWl0oNLk$_$1,vision,1.0
train,YWjTWl0oNLk$_$3,text,1.0
train,YWjTWl0oNLk$_$3,audio,1.0
train,YWjTWl0oNLk$_$3,vision,1.0
train,YWjTWl0oNLk$_$4,text,1.0
train,YWjTWl0oNLk$_$4,audio,1.0
train,YWjTWl0oNLk$_$4,vision,1.0
train,YWjTWl0oNLk$_$7,text,1.0
train,YWjTWl0oNLk$_$7,audio,1.0
train,YWjTWl0oNLk$_$7,vision,1.0
train,YWjTWl0oNLk$_$9,text,1.0
train,YWjTWl0oNLk$_$9,audio,1.0
train,YWjTWl0oNLk$_$9,vision,1.0
train,YWxvIFmYnNU$_$13,text,1.0
train,YWxvIFmYnNU$_$13,audio,1.0
train,YWxvIFmYnNU$_$13,vision,1.0
train,YWxvIFmYnNU$_$20,text,1.0
train,YWxvIFmYnNU$_$20,audio,1.0
train,YWxvIFmYnNU$_$20,vision,1.0
train,YWxvIFmYnNU$_$26,text,1.0
train,YWxvIFmYnNU$_$26,audio,1.0
train,YWxvIFmYnNU$_$26,vision,1.0
train,YcJ5RJYUr7Y$_$17,text,1.0
train,YcJ5RJYUr7Y$_$17,audio,1.0
train,YcJ5RJYUr7Y$_$17,vision,1.0
train,YcJ5RJYUr7Y$_$19,text,1.0
train,YcJ5RJYUr7Y$_$19,audio,1.0
train,YcJ5RJYUr7Y$_$19,vision,1.0
train,YcJ5RJYUr7Y$_$2,text,1.0
train,YcJ5RJYUr7Y$_$2,audio,1.0
train,YcJ5RJYUr7Y$_$2,vision,1.0
train,YcyHQQXGXWA$_$4,text,1.0
train,YcyHQQXGXWA$_$4,audio,1.0
train,YcyHQQXGXWA$_$4,vision,0.0
train,YfxtwXXkCmc$_$0,text,1.0
train,YfxtwXXkCmc$_$0,audio,1.0
train,YfxtwXXkCmc$_$0,vision,1.0
train,Yi6Qyn4X8is$_$16,text,1.0
train,Yi6Qyn4X8is$_$16,audio,1.0
train,Yi6Qyn4X8is$_$16,vision,1.0
train,Yi6Qyn4X8is$_$7,text,1.0
train,Yi6Qyn4X8is$_$7,audio,1.0
train,Yi6Qyn4X8is$_$7,vision,1.0
train,YmGfjU5PGyE$_$5,text,1.0
train,YmGfjU5PGyE$_$5,audio,1.0
train,YmGfjU5PGyE$_$5,vision,1.0
train,Yn8vNC41UMg$_$10,text,1.0
train,Yn8vNC41UMg$_$10,audio,1.0
train,Yn8vNC41UMg$_$10,vision,1.0
train,YodtMIsjM0c$_$7,text,1.0
train,YodtMIsjM0c$_$7,audio,1.0
train,YodtMIsjM0c$_$7,vision,1.0
train,Z-26eyME6Co$_$10,text,1.0
train,Z-26eyME6Co$_$10,audio,1.0
train,Z-26eyME6Co$_$10,vision,1.0
train,Z3fcd1wdzr0$_$2,text,1.0
train,Z3fcd1wdzr0$_$2,audio,1.0
train,Z3fcd1wdzr0$_$2,vision,0.9523809523809523
train,Z3fcd1wdzr0$_$5,text,1.0
train,Z3fcd1wdzr0$_$5,audio,1.0
train,Z3fcd1wdzr0$_$5,vision,1.0
train,Z3fcd1wdzr0$_$4,text,1.0
train,Z3fcd1wdzr0$_$4,audio,1.0
train,Z3fcd1wdzr0$_$4,vision,1.0
train,Z3fcd1wdzr0$_$7,text,1.0
train,Z3fcd1wdzr0$_$7,audio,1.0
train,Z3fcd1wdzr0$_$7,vision,1.0
train,ZDz8Qr-sJ3E$_$3,text,1.0
train,ZDz8Qr-sJ3E$_$3,audio,1.0
train,ZDz8Qr-sJ3E$_$3,vision,1.0
train,ZDz8Qr-sJ3E$_$4,text,1.0
train,ZDz8Qr-sJ3E$_$4,audio,1.0
train,ZDz8Qr-sJ3E$_$4,vision,1.0
train,ZJGzEeDXbyM$_$0,text,1.0
train,ZJGzEeDXbyM$_$0,audio,1.0
train,ZJGzEeDXbyM$_$0,vision,0.42857142857142855
train,ZQuGizjoCTY$_$4,text,1.0
train,ZQuGizjoCTY$_$4,audio,1.0
train,ZQuGizjoCTY$_$4,vision,0.0
train,ZQuGizjoCTY$_$8,text,1.0
train,ZQuGizjoCTY$_$8,audio,1.0
train,ZQuGizjoCTY$_$8,vision,0.0
train,ZSBoSJaD2tQ$_$1,text,1.0
train,ZSBoSJaD2tQ$_$1,audio,1.0
train,ZSBoSJaD2tQ$_$1,vision,1.0
train,ZSBoSJaD2tQ$_$8,text,1.0
train,ZSBoSJaD2tQ$_$8,audio,1.0
train,ZSBoSJaD2tQ$_$8,vision,1.0
train,ZW4Oe_fKJM0$_$7,text,1.0
train,ZW4Oe_fKJM0$_$7,audio,1.0
train,ZW4Oe_fKJM0$_$7,vision,1.0
train,ZXHX_e6HCI0$_$0,text,1.0
train,ZXHX_e6HCI0$_$0,audio,1.0
train,ZXHX_e6HCI0$_$0,vision,1.0
train,ZZ1IyZaMTWQ$_$0,text,1.0
train,ZZ1IyZaMTWQ$_$0,audio,1.0
train,ZZ1IyZaMTWQ$_$0,vision,1.0
train,ZZ1IyZaMTWQ$_$5,text,1.0
train,ZZ1IyZaMTWQ$_$5,audio,1.0
train,ZZ1IyZaMTWQ$_$5,vision,1.0
train,Zae-zQ3VBpY$_$2,text,1.0
train,Zae-zQ3VBpY$_$2,audio,1.0
train,Zae-zQ3VBpY$_$2,vision,0.08333333333333333
train,Zg9DKOHJdw8$_$3,text,1.0
train,Zg9DKOHJdw8$_$3,audio,1.0
train,Zg9DKOHJdw8$_$3,vision,1.0
train,Zj_4YmbMWtg$_$10,text,1.0
train,Zj_4YmbMWtg$_$10,audio,1.0
train,Zj_4YmbMWtg$_$10,vision,1.0
train,Zo8jCDGMWjw$_$0,text,1.0
train,Zo8jCDGMWjw$_$0,audio,1.0
train,Zo8jCDGMWjw$_$0,vision,1.0
train,Zs8x712Y-CM$_$8,text,1.0
train,Zs8x712Y-CM$_$8,audio,1.0
train,Zs8x712Y-CM$_$8,vision,0.0
train,ZtuTCuh9C1M$_$11,text,1.0
train,ZtuTCuh9C1M$_$11,audio,1.0
train,ZtuTCuh9C1M$_$11,vision,1.0
train,ZtuTCuh9C1M$_$8,text,1.0
train,ZtuTCuh9C1M$_$8,audio,1.0
train,ZtuTCuh9C1M$_$8,vision,1.0
train,ZzL2sHtTWRc$_$1,text,1.0
train,ZzL2sHtTWRc$_$1,audio,1.0
train,ZzL2sHtTWRc$_$1,vision,1.0
train,_26JmJnPKfM$_$5,text,1.0
train,_26JmJnPKfM$_$5,audio,1.0
train,_26JmJnPKfM$_$5,vision,1.0
train,_26JmJnPKfM$_$8,text,1.0
train,_26JmJnPKfM$_$8,audio,1.0
train,_26JmJnPKfM$_$8,vision,1.0
train,_26JmJnPKfM$_$11,text,1.0
train,_26JmJnPKfM$_$11,audio,1.0
train,_26JmJnPKfM$_$11,vision,1.0
train,_26JmJnPKfM$_$13,text,1.0
train,_26JmJnPKfM$_$13,audio,1.0
train,_26JmJnPKfM$_$13,vision,1.0
train,_26JmJnPKfM$_$12,text,1.0
train,_26JmJnPKfM$_$12,audio,1.0
train,_26JmJnPKfM$_$12,vision,1.0
train,_26JmJnPKfM$_$15,text,1.0
train,_26JmJnPKfM$_$15,audio,1.0
train,_26JmJnPKfM$_$15,vision,1.0
train,_26JmJnPKfM$_$14,text,1.0
train,_26JmJnPKfM$_$14,audio,1.0
train,_26JmJnPKfM$_$14,vision,1.0
train,_4PNh8dIILI$_$3,text,1.0
train,_4PNh8dIILI$_$3,audio,1.0
train,_4PNh8dIILI$_$3,vision,1.0
train,_8pvMpMdGM4$_$1,text,1.0
train,_8pvMpMdGM4$_$1,audio,1.0
train,_8pvMpMdGM4$_$1,vision,1.0
train,_8pvMpMdGM4$_$0,text,1.0
train,_8pvMpMdGM4$_$0,audio,1.0
train,_8pvMpMdGM4$_$0,vision,1.0
train,_8pvMpMdGM4$_$4,text,1.0
train,_8pvMpMdGM4$_$4,audio,1.0
train,_8pvMpMdGM4$_$4,vision,1.0
train,_8pvMpMdGM4$_$6,text,1.0
train,_8pvMpMdGM4$_$6,audio,1.0
train,_8pvMpMdGM4$_$6,vision,1.0
train,_HabvL0VnrQ$_$31,text,1.0
train,_HabvL0VnrQ$_$31,audio,1.0
train,_HabvL0VnrQ$_$31,vision,1.0
train,_HabvL0VnrQ$_$0,text,1.0
train,_HabvL0VnrQ$_$0,audio,1.0
train,_HabvL0VnrQ$_$0,vision,1.0
train,_HabvL0VnrQ$_$9,text,1.0
train,_HabvL0VnrQ$_$9,audio,1.0
train,_HabvL0VnrQ$_$9,vision,1.0
train,_HanACduNJk$_$10,text,1.0
train,_HanACduNJk$_$10,audio,1.0
train,_HanACduNJk$_$10,vision,0.0
train,_HanACduNJk$_$12,text,1.0
train,_HanACduNJk$_$12,audio,1.0
train,_HanACduNJk$_$12,vision,0.0
train,_HanACduNJk$_$2,text,1.0
train,_HanACduNJk$_$2,audio,1.0
train,_HanACduNJk$_$2,vision,0.0
train,_JcML8u5Wes$_$3,text,1.0
train,_JcML8u5Wes$_$3,audio,1.0
train,_JcML8u5Wes$_$3,vision,1.0
train,_PKP676ez2c$_$4,text,1.0
train,_PKP676ez2c$_$4,audio,1.0
train,_PKP676ez2c$_$4,vision,1.0
train,_PKP676ez2c$_$7,text,1.0
train,_PKP676ez2c$_$7,audio,1.0
train,_PKP676ez2c$_$7,vision,1.0
train,_UNQDdiAbWI$_$4,text,1.0
train,_UNQDdiAbWI$_$4,audio,1.0
train,_UNQDdiAbWI$_$4,vision,1.0
train,_XWUKMkxa-Q$_$4,text,1.0
train,_XWUKMkxa-Q$_$4,audio,1.0
train,_XWUKMkxa-Q$_$4,vision,1.0
train,_YzIvwvyIq4$_$5,text,1.0
train,_YzIvwvyIq4$_$5,audio,1.0
train,_YzIvwvyIq4$_$5,vision,1.0
train,_bIJOxiIJFk$_$5,text,1.0
train,_bIJOxiIJFk$_$5,audio,1.0
train,_bIJOxiIJFk$_$5,vision,0.6666666666666666
train,_bIJOxiIJFk$_$4,text,1.0
train,_bIJOxiIJFk$_$4,audio,1.0
train,_bIJOxiIJFk$_$4,vision,1.0
train,_iRAn6feOmw$_$25,text,1.0
train,_iRAn6feOmw$_$25,audio,1.0
train,_iRAn6feOmw$_$25,vision,1.0
train,_iRAn6feOmw$_$15,text,1.0
train,_iRAn6feOmw$_$15,audio,1.0
train,_iRAn6feOmw$_$15,vision,1.0
train,_iRAn6feOmw$_$14,text,1.0
train,_iRAn6feOmw$_$14,audio,1.0
train,_iRAn6feOmw$_$14,vision,1.0
train,_iy7ftq27xE$_$11,text,1.0
train,_iy7ftq27xE$_$11,audio,1.0
train,_iy7ftq27xE$_$11,vision,1.0
train,_iy7ftq27xE$_$6,text,1.0
train,_iy7ftq27xE$_$6,audio,1.0
train,_iy7ftq27xE$_$6,vision,1.0
train,_iy7ftq27xE$_$9,text,1.0
train,_iy7ftq27xE$_$9,audio,1.0
train,_iy7ftq27xE$_$9,vision,1.0
train,_qVgNLJCYdA$_$0,text,1.0
train,_qVgNLJCYdA$_$0,audio,1.0
train,_qVgNLJCYdA$_$0,vision,1.0
train,_qVgNLJCYdA$_$6,text,1.0
train,_qVgNLJCYdA$_$6,audio,1.0
train,_qVgNLJCYdA$_$6,vision,1.0
train,_t8ETpf2LnM$_$0,text,1.0
train,_t8ETpf2LnM$_$0,audio,1.0
train,_t8ETpf2LnM$_$0,vision,1.0
train,_v8c7iWkYz0$_$4,text,1.0
train,_v8c7iWkYz0$_$4,audio,1.0
train,_v8c7iWkYz0$_$4,vision,1.0
train,_xjBqNfiEY4$_$0,text,1.0
train,_xjBqNfiEY4$_$0,audio,1.0
train,_xjBqNfiEY4$_$0,vision,1.0
train,a4vRa-_nuJw$_$11,text,1.0
train,a4vRa-_nuJw$_$11,audio,1.0
train,a4vRa-_nuJw$_$11,vision,0.8787878787878788
train,a4vRa-_nuJw$_$10,text,1.0
train,a4vRa-_nuJw$_$10,audio,1.0
train,a4vRa-_nuJw$_$10,vision,1.0
train,a4vRa-_nuJw$_$4,text,1.0
train,a4vRa-_nuJw$_$4,audio,1.0
train,a4vRa-_nuJw$_$4,vision,1.0
train,a5CSKvCAhbs$_$11,text,1.0
train,a5CSKvCAhbs$_$11,audio,1.0
train,a5CSKvCAhbs$_$11,vision,1.0
train,a5CSKvCAhbs$_$7,text,1.0
train,a5CSKvCAhbs$_$7,audio,1.0
train,a5CSKvCAhbs$_$7,vision,1.0
train,a5CSKvCAhbs$_$6,text,1.0
train,a5CSKvCAhbs$_$6,audio,1.0
train,a5CSKvCAhbs$_$6,vision,1.0
train,a5FKWiI90hk$_$3,text,1.0
train,a5FKWiI90hk$_$3,audio,1.0
train,a5FKWiI90hk$_$3,vision,1.0
train,a7HHg_JygJo$_$5,text,1.0
train,a7HHg_JygJo$_$5,audio,1.0
train,a7HHg_JygJo$_$5,vision,1.0
train,a7HHg_JygJo$_$6,text,1.0
train,a7HHg_JygJo$_$6,audio,1.0
train,a7HHg_JygJo$_$6,vision,1.0
train,a8WV5KEMKSw$_$1,text,1.0
train,a8WV5KEMKSw$_$1,audio,1.0
train,a8WV5KEMKSw$_$1,vision,1.0
train,a8WV5KEMKSw$_$0,text,1.0
train,a8WV5KEMKSw$_$0,audio,1.0
train,a8WV5KEMKSw$_$0,vision,1.0
train,aCwLQrJz4Bo$_$0,text,1.0
train,aCwLQrJz4Bo$_$0,audio,1.0
train,aCwLQrJz4Bo$_$0,vision,0.0
train,aDvgbBqTWWE$_$10,text,1.0
train,aDvgbBqTWWE$_$10,audio,1.0
train,aDvgbBqTWWE$_$10,vision,1.0
train,aDvgbBqTWWE$_$23,text,1.0
train,aDvgbBqTWWE$_$23,audio,1.0
train,aDvgbBqTWWE$_$23,vision,1.0
train,aDvgbBqTWWE$_$30,text,1.0
train,aDvgbBqTWWE$_$30,audio,1.0
train,aDvgbBqTWWE$_$30,vision,0.85
train,aE7sckIAWuw$_$4,text,1.0
train,aE7sckIAWuw$_$4,audio,1.0
train,aE7sckIAWuw$_$4,vision,1.0
train,aE7sckIAWuw$_$8,text,1.0
train,aE7sckIAWuw$_$8,audio,1.0
train,aE7sckIAWuw$_$8,vision,1.0
train,aFjMWlR1QAY$_$0,text,1.0
train,aFjMWlR1QAY$_$0,audio,1.0
train,aFjMWlR1QAY$_$0,vision,1.0
train,aFjMWlR1QAY$_$3,text,1.0
train,aFjMWlR1QAY$_$3,audio,1.0
train,aFjMWlR1QAY$_$3,vision,1.0
train,aFjMWlR1QAY$_$2,text,1.0
train,aFjMWlR1QAY$_$2,audio,1.0
train,aFjMWlR1QAY$_$2,vision,1.0
train,aFjMWlR1QAY$_$9,text,1.0
train,aFjMWlR1QAY$_$9,audio,1.0
train,aFjMWlR1QAY$_$9,vision,1.0
train,aI1tdJPHz2I$_$1,text,1.0
train,aI1tdJPHz2I$_$1,audio,1.0
train,aI1tdJPHz2I$_$1,vision,0.0
train,aIUF3QJJOF4$_$12,text,1.0
train,aIUF3QJJOF4$_$12,audio,1.0
train,aIUF3QJJOF4$_$12,vision,0.0
train,aIUF3QJJOF4$_$0,text,1.0
train,aIUF3QJJOF4$_$0,audio,1.0
train,aIUF3QJJOF4$_$0,vision,1.0
train,aIUF3QJJOF4$_$3,text,1.0
train,aIUF3QJJOF4$_$3,audio,1.0
train,aIUF3QJJOF4$_$3,vision,1.0
train,aIUF3QJJOF4$_$2,text,1.0
train,aIUF3QJJOF4$_$2,audio,1.0
train,aIUF3QJJOF4$_$2,vision,1.0
train,aIUF3QJJOF4$_$7,text,1.0
train,aIUF3QJJOF4$_$7,audio,1.0
train,aIUF3QJJOF4$_$7,vision,1.0
train,aNOuoSVlunM$_$8,text,1.0
train,aNOuoSVlunM$_$8,audio,1.0
train,aNOuoSVlunM$_$8,vision,0.125
train,aNOuoSVlunM$_$0,text,1.0
train,aNOuoSVlunM$_$0,audio,1.0
train,aNOuoSVlunM$_$0,vision,1.0
train,afCsKTHteg4$_$5,text,1.0
train,afCsKTHteg4$_$5,audio,1.0
train,afCsKTHteg4$_$5,vision,1.0
train,ahcAFnY6iAY$_$1,text,1.0
train,ahcAFnY6iAY$_$1,audio,1.0
train,ahcAFnY6iAY$_$1,vision,0.125
train,aiUq5xksJy0$_$5,text,1.0
train,aiUq5xksJy0$_$5,audio,1.0
train,aiUq5xksJy0$_$5,vision,1.0
train,aiUq5xksJy0$_$7,text,1.0
train,aiUq5xksJy0$_$7,audio,1.0
train,aiUq5xksJy0$_$7,vision,1.0
train,ak7N0BqMluI$_$3,text,1.0
train,ak7N0BqMluI$_$3,audio,1.0
train,ak7N0BqMluI$_$3,vision,1.0
train,ak7N0BqMluI$_$2,text,1.0
train,ak7N0BqMluI$_$2,audio,1.0
train,ak7N0BqMluI$_$2,vision,1.0
train,amem5EmRG3s$_$2,text,1.0
train,amem5EmRG3s$_$2,audio,1.0
train,amem5EmRG3s$_$2,vision,1.0
train,ap465Tlzf88$_$1,text,1.0
train,ap465Tlzf88$_$1,audio,1.0
train,ap465Tlzf88$_$1,vision,1.0
train,aqmRPNfeOy8$_$0,text,1.0
train,aqmRPNfeOy8$_$0,audio,1.0
train,aqmRPNfeOy8$_$0,vision,1.0
train,aqmRPNfeOy8$_$2,text,1.0
train,aqmRPNfeOy8$_$2,audio,1.0
train,aqmRPNfeOy8$_$2,vision,0.3684210526315789
train,asWraTfIqq0$_$11,text,1.0
train,asWraTfIqq0$_$11,audio,1.0
train,asWraTfIqq0$_$11,vision,1.0
train,asWraTfIqq0$_$4,text,1.0
train,asWraTfIqq0$_$4,audio,1.0
train,asWraTfIqq0$_$4,vision,1.0
train,asWraTfIqq0$_$6,text,1.0
train,asWraTfIqq0$_$6,audio,1.0
train,asWraTfIqq0$_$6,vision,1.0
train,assx_NKo-L8$_$14,text,1.0
train,assx_NKo-L8$_$14,audio,1.0
train,assx_NKo-L8$_$14,vision,1.0
train,assx_NKo-L8$_$4,text,1.0
train,assx_NKo-L8$_$4,audio,1.0
train,assx_NKo-L8$_$4,vision,1.0
train,assx_NKo-L8$_$9,text,1.0
train,assx_NKo-L8$_$9,audio,1.0
train,assx_NKo-L8$_$9,vision,1.0
train,assx_NKo-L8$_$20,text,1.0
train,assx_NKo-L8$_$20,audio,1.0
train,assx_NKo-L8$_$20,vision,1.0
train,atxoi7pB5TM$_$2,text,1.0
train,atxoi7pB5TM$_$2,audio,1.0
train,atxoi7pB5TM$_$2,vision,1.0
train,avW2m6VHTyg$_$2,text,1.0
train,avW2m6VHTyg$_$2,audio,1.0
train,avW2m6VHTyg$_$2,vision,1.0
train,b1Il3Nf6BrU$_$6,text,1.0
train,b1Il3Nf6BrU$_$6,audio,1.0
train,b1Il3Nf6BrU$_$6,vision,1.0
train,b8xmgi4VV0M$_$9,text,1.0
train,b8xmgi4VV0M$_$9,audio,1.0
train,b8xmgi4VV0M$_$9,vision,1.0
train,bBJ0BxmIocQ$_$1,text,1.0
train,bBJ0BxmIocQ$_$1,audio,1.0
train,bBJ0BxmIocQ$_$1,vision,1.0
train,bBJ0BxmIocQ$_$0,text,1.0
train,bBJ0BxmIocQ$_$0,audio,1.0
train,bBJ0BxmIocQ$_$0,vision,1.0
train,bBJ0BxmIocQ$_$12,text,1.0
train,bBJ0BxmIocQ$_$12,audio,1.0
train,bBJ0BxmIocQ$_$12,vision,1.0
train,bBJ0BxmIocQ$_$19,text,1.0
train,bBJ0BxmIocQ$_$19,audio,1.0
train,bBJ0BxmIocQ$_$19,vision,1.0
train,bBJ0BxmIocQ$_$18,text,1.0
train,bBJ0BxmIocQ$_$18,audio,1.0
train,bBJ0BxmIocQ$_$18,vision,1.0
train,bCDfIJ12oqM$_$0,text,1.0
train,bCDfIJ12oqM$_$0,audio,1.0
train,bCDfIJ12oqM$_$0,vision,1.0
train,bQcJVJcpgAs$_$1,text,1.0
train,bQcJVJcpgAs$_$1,audio,1.0
train,bQcJVJcpgAs$_$1,vision,1.0
train,bU6CgE_kMRY$_$5,text,1.0
train,bU6CgE_kMRY$_$5,audio,1.0
train,bU6CgE_kMRY$_$5,vision,1.0
train,bUFAN2TgPaU$_$11,text,1.0
train,bUFAN2TgPaU$_$11,audio,1.0
train,bUFAN2TgPaU$_$11,vision,0.16666666666666666
train,bVhWpCvpSs4$_$1,text,1.0
train,bVhWpCvpSs4$_$1,audio,1.0
train,bVhWpCvpSs4$_$1,vision,0.2857142857142857
train,bVhWpCvpSs4$_$3,text,1.0
train,bVhWpCvpSs4$_$3,audio,1.0
train,bVhWpCvpSs4$_$3,vision,0.5
train,bVhWpCvpSs4$_$2,text,1.0
train,bVhWpCvpSs4$_$2,audio,1.0
train,bVhWpCvpSs4$_$2,vision,1.0
train,bVhWpCvpSs4$_$6,text,1.0
train,bVhWpCvpSs4$_$6,audio,1.0
train,bVhWpCvpSs4$_$6,vision,1.0
train,bYt4wybVLRQ$_$3,text,1.0
train,bYt4wybVLRQ$_$3,audio,1.0
train,bYt4wybVLRQ$_$3,vision,1.0
train,bYt4wybVLRQ$_$16,text,1.0
train,bYt4wybVLRQ$_$16,audio,1.0
train,bYt4wybVLRQ$_$16,vision,1.0
train,bZ2ytqPtyK4$_$14,text,1.0
train,bZ2ytqPtyK4$_$14,audio,1.0
train,bZ2ytqPtyK4$_$14,vision,0.72
train,b_SffSbPVJM$_$5,text,1.0
train,b_SffSbPVJM$_$5,audio,1.0
train,b_SffSbPVJM$_$5,vision,1.0
train,babuyKl7EAw$_$5,text,1.0
train,babuyKl7EAw$_$5,audio,1.0
train,babuyKl7EAw$_$5,vision,1.0
train,badtXoOJaf8$_$7,text,1.0
train,badtXoOJaf8$_$7,audio,1.0
train,badtXoOJaf8$_$7,vision,1.0
train,bcns0Gu66D8$_$3,text,1.0
train,bcns0Gu66D8$_$3,audio,1.0
train,bcns0Gu66D8$_$3,vision,0.5454545454545454
train,bdtwQxwySN0$_$15,text,1.0
train,bdtwQxwySN0$_$15,audio,1.0
train,bdtwQxwySN0$_$15,vision,1.0
train,bdtwQxwySN0$_$2,text,1.0
train,bdtwQxwySN0$_$2,audio,1.0
train,bdtwQxwySN0$_$2,vision,1.0
train,bfy28AlY-TQ$_$3,text,1.0
train,bfy28AlY-TQ$_$3,audio,1.0
train,bfy28AlY-TQ$_$3,vision,1.0
train,bh4_Kd4hhd4$_$1,text,1.0
train,bh4_Kd4hhd4$_$1,audio,1.0
train,bh4_Kd4hhd4$_$1,vision,1.0
train,bhFK-xy76U4$_$1,text,1.0
train,bhFK-xy76U4$_$1,audio,1.0
train,bhFK-xy76U4$_$1,vision,0.2631578947368421
train,bhPB19tr-JY$_$0,text,1.0
train,bhPB19tr-JY$_$0,audio,1.0
train,bhPB19tr-JY$_$0,vision,1.0
train,bhPB19tr-JY$_$6,text,1.0
train,bhPB19tr-JY$_$6,audio,1.0
train,bhPB19tr-JY$_$6,vision,1.0
train,bkP-BNW4oMg$_$0,text,1.0
train,bkP-BNW4oMg$_$0,audio,1.0
train,bkP-BNW4oMg$_$0,vision,0.0
train,c5-L8vC6_sk$_$8,text,1.0
train,c5-L8vC6_sk$_$8,audio,1.0
train,c5-L8vC6_sk$_$8,vision,1.0
train,c6wuh0NRG1s$_$1,text,1.0
train,c6wuh0NRG1s$_$1,audio,1.0
train,c6wuh0NRG1s$_$1,vision,0.0
train,c6wuh0NRG1s$_$0,text,1.0
train,c6wuh0NRG1s$_$0,audio,1.0
train,c6wuh0NRG1s$_$0,vision,0.7333333333333333
train,c6wuh0NRG1s$_$9,text,1.0
train,c6wuh0NRG1s$_$9,audio,1.0
train,c6wuh0NRG1s$_$9,vision,0.0
train,c7xUcM68IFE$_$2,text,1.0
train,c7xUcM68IFE$_$2,audio,1.0
train,c7xUcM68IFE$_$2,vision,1.0
train,c7xUcM68IFE$_$5,text,1.0
train,c7xUcM68IFE$_$5,audio,1.0
train,c7xUcM68IFE$_$5,vision,0.4642857142857143
train,c7xUcM68IFE$_$9,text,1.0
train,c7xUcM68IFE$_$9,audio,1.0
train,c7xUcM68IFE$_$9,vision,0.0
train,c805Td8A_Ek$_$22,text,1.0
train,c805Td8A_Ek$_$22,audio,1.0
train,c805Td8A_Ek$_$22,vision,1.0
train,c805Td8A_Ek$_$17,text,1.0
train,c805Td8A_Ek$_$17,audio,1.0
train,c805Td8A_Ek$_$17,vision,1.0
train,c805Td8A_Ek$_$16,text,1.0
train,c805Td8A_Ek$_$16,audio,1.0
train,c805Td8A_Ek$_$16,vision,1.0
train,c9jD33baJ60$_$1,text,1.0
train,c9jD33baJ60$_$1,audio,1.0
train,c9jD33baJ60$_$1,vision,1.0
train,c9jD33baJ60$_$0,text,1.0
train,c9jD33baJ60$_$0,audio,1.0
train,c9jD33baJ60$_$0,vision,1.0
train,cAA2mONG98w$_$2,text,1.0
train,cAA2mONG98w$_$2,audio,1.0
train,cAA2mONG98w$_$2,vision,1.0
train,cEXJ2zFbC9I$_$4,text,1.0
train,cEXJ2zFbC9I$_$4,audio,1.0
train,cEXJ2zFbC9I$_$4,vision,1.0
train,cKUPgzZu-Fk$_$4,text,1.0
train,cKUPgzZu-Fk$_$4,audio,1.0
train,cKUPgzZu-Fk$_$4,vision,1.0
train,cKldvZeyRDA$_$2,text,1.0
train,cKldvZeyRDA$_$2,audio,1.0
train,cKldvZeyRDA$_$2,vision,1.0
train,cKxNJY7sA8s$_$1,text,1.0
train,cKxNJY7sA8s$_$1,audio,1.0
train,cKxNJY7sA8s$_$1,vision,1.0
train,cM1Zuji24dI$_$3,text,1.0
train,cM1Zuji24dI$_$3,audio,1.0
train,cM1Zuji24dI$_$3,vision,1.0
train,cM1Zuji24dI$_$2,text,1.0
train,cM1Zuji24dI$_$2,audio,1.0
train,cM1Zuji24dI$_$2,vision,1.0
train,cOcNe3L4VAg$_$10,text,1.0
train,cOcNe3L4VAg$_$10,audio,1.0
train,cOcNe3L4VAg$_$10,vision,1.0
train,cOcNe3L4VAg$_$13,text,1.0
train,cOcNe3L4VAg$_$13,audio,1.0
train,cOcNe3L4VAg$_$13,vision,1.0
train,cOcNe3L4VAg$_$2,text,1.0
train,cOcNe3L4VAg$_$2,audio,1.0
train,cOcNe3L4VAg$_$2,vision,1.0
train,cRFiXLzcCOA$_$3,text,1.0
train,cRFiXLzcCOA$_$3,audio,1.0
train,cRFiXLzcCOA$_$3,vision,1.0
train,cS3BDGNDu_8$_$10,text,1.0
train,cS3BDGNDu_8$_$10,audio,1.0
train,cS3BDGNDu_8$_$10,vision,1.0
train,cS3BDGNDu_8$_$2,text,1.0
train,cS3BDGNDu_8$_$2,audio,1.0
train,cS3BDGNDu_8$_$2,vision,1.0
train,cUm0TN3vXRc$_$2,text,1.0
train,cUm0TN3vXRc$_$2,audio,1.0
train,cUm0TN3vXRc$_$2,vision,1.0
train,cZVM4svwE90$_$25,text,1.0
train,cZVM4svwE90$_$25,audio,1.0
train,cZVM4svwE90$_$25,vision,1.0
train,cZVM4svwE90$_$26,text,1.0
train,cZVM4svwE90$_$26,audio,1.0
train,cZVM4svwE90$_$26,vision,1.0
train,cZVM4svwE90$_$1,text,1.0
train,cZVM4svwE90$_$1,audio,1.0
train,cZVM4svwE90$_$1,vision,1.0
train,cZVM4svwE90$_$3,text,1.0
train,cZVM4svwE90$_$3,audio,1.0
train,cZVM4svwE90$_$3,vision,1.0
train,cZVM4svwE90$_$4,text,1.0
train,cZVM4svwE90$_$4,audio,1.0
train,cZVM4svwE90$_$4,vision,1.0
train,cZVM4svwE90$_$6,text,1.0
train,cZVM4svwE90$_$6,audio,1.0
train,cZVM4svwE90$_$6,vision,1.0
train,cZVM4svwE90$_$13,text,1.0
train,cZVM4svwE90$_$13,audio,1.0
train,cZVM4svwE90$_$13,vision,1.0
train,cZVM4svwE90$_$12,text,1.0
train,cZVM4svwE90$_$12,audio,1.0
train,cZVM4svwE90$_$12,vision,1.0
train,cZVM4svwE90$_$15,text,1.0
train,cZVM4svwE90$_$15,audio,1.0
train,cZVM4svwE90$_$15,vision,0.7857142857142857
train,c_FJuhSte8Q$_$5,text,1.0
train,c_FJuhSte8Q$_$5,audio,1.0
train,c_FJuhSte8Q$_$5,vision,1.0
train,c_FJuhSte8Q$_$7,text,1.0
train,c_FJuhSte8Q$_$7,audio,1.0
train,c_FJuhSte8Q$_$7,vision,1.0
train,c_FJuhSte8Q$_$8,text,1.0
train,c_FJuhSte8Q$_$8,audio,1.0
train,c_FJuhSte8Q$_$8,vision,1.0
train,caLWajc18Y4$_$5,text,1.0
train,caLWajc18Y4$_$5,audio,1.0
train,caLWajc18Y4$_$5,vision,1.0
train,caLWajc18Y4$_$6,text,1.0
train,caLWajc18Y4$_$6,audio,1.0
train,caLWajc18Y4$_$6,vision,1.0
train,caLWajc18Y4$_$9,text,1.0
train,caLWajc18Y4$_$9,audio,1.0
train,caLWajc18Y4$_$9,vision,1.0
train,cfX_iuhCbRY$_$1,text,1.0
train,cfX_iuhCbRY$_$1,audio,1.0
train,cfX_iuhCbRY$_$1,vision,1.0
train,cfX_iuhCbRY$_$5,text,1.0
train,cfX_iuhCbRY$_$5,audio,1.0
train,cfX_iuhCbRY$_$5,vision,1.0
train,cjgq9d8Zn9g$_$2,text,1.0
train,cjgq9d8Zn9g$_$2,audio,1.0
train,cjgq9d8Zn9g$_$2,vision,0.07142857142857142
train,cmJW6mkspkI$_$0,text,1.0
train,cmJW6mkspkI$_$0,audio,1.0
train,cmJW6mkspkI$_$0,vision,1.0
train,cnllFPRyBFs$_$0,text,1.0
train,cnllFPRyBFs$_$0,audio,1.0
train,cnllFPRyBFs$_$0,vision,0.5238095238095238
train,ctMCSUT2LlQ$_$4,text,1.0
train,ctMCSUT2LlQ$_$4,audio,1.0
train,ctMCSUT2LlQ$_$4,vision,1.0
train,d0QNH2vcDgU$_$3,text,1.0
train,d0QNH2vcDgU$_$3,audio,1.0
train,d0QNH2vcDgU$_$3,vision,1.0
train,d0QNH2vcDgU$_$13,text,1.0
train,d0QNH2vcDgU$_$13,audio,1.0
train,d0QNH2vcDgU$_$13,vision,0.9583333333333334
train,d38u9n5GOLM$_$26,text,1.0
train,d38u9n5GOLM$_$26,audio,1.0
train,d38u9n5GOLM$_$26,vision,1.0
train,d38u9n5GOLM$_$18,text,1.0
train,d38u9n5GOLM$_$18,audio,1.0
train,d38u9n5GOLM$_$18,vision,1.0
train,d38u9n5GOLM$_$28,text,1.0
train,d38u9n5GOLM$_$28,audio,1.0
train,d38u9n5GOLM$_$28,vision,0.9565217391304348
train,d38u9n5GOLM$_$6,text,1.0
train,d38u9n5GOLM$_$6,audio,1.0
train,d38u9n5GOLM$_$6,vision,1.0
train,d3I7Ug-_3L0$_$0,text,1.0
train,d3I7Ug-_3L0$_$0,audio,1.0
train,d3I7Ug-_3L0$_$0,vision,1.0
train,d3I7Ug-_3L0$_$5,text,1.0
train,d3I7Ug-_3L0$_$5,audio,1.0
train,d3I7Ug-_3L0$_$5,vision,1.0
train,d3I7Ug-_3L0$_$6,text,1.0
train,d3I7Ug-_3L0$_$6,audio,1.0
train,d3I7Ug-_3L0$_$6,vision,1.0
train,d89Z_olwc2Y$_$24,text,1.0
train,d89Z_olwc2Y$_$24,audio,1.0
train,d89Z_olwc2Y$_$24,vision,1.0
train,d99mfGIenCo$_$15,text,1.0
train,d99mfGIenCo$_$15,audio,1.0
train,d99mfGIenCo$_$15,vision,1.0
train,d99mfGIenCo$_$16,text,1.0
train,d99mfGIenCo$_$16,audio,1.0
train,d99mfGIenCo$_$16,vision,1.0
train,d99mfGIenCo$_$1,text,1.0
train,d99mfGIenCo$_$1,audio,1.0
train,d99mfGIenCo$_$1,vision,1.0
train,d99mfGIenCo$_$2,text,1.0
train,d99mfGIenCo$_$2,audio,1.0
train,d99mfGIenCo$_$2,vision,1.0
train,dCDAcBR505Q$_$14,text,1.0
train,dCDAcBR505Q$_$14,audio,1.0
train,dCDAcBR505Q$_$14,vision,1.0
train,dJ5MXl66-UQ$_$1,text,1.0
train,dJ5MXl66-UQ$_$1,audio,1.0
train,dJ5MXl66-UQ$_$1,vision,1.0
train,dQ56b0bqmc8$_$5,text,1.0
train,dQ56b0bqmc8$_$5,audio,1.0
train,dQ56b0bqmc8$_$5,vision,1.0
train,dSax_7klbfE$_$17,text,1.0
train,dSax_7klbfE$_$17,audio,1.0
train,dSax_7klbfE$_$17,vision,1.0
train,dSax_7klbfE$_$1,text,1.0
train,dSax_7klbfE$_$1,audio,1.0
train,dSax_7klbfE$_$1,vision,1.0
train,dWfgSGnd9zM$_$6,text,1.0
train,dWfgSGnd9zM$_$6,audio,1.0
train,dWfgSGnd9zM$_$6,vision,1.0
train,dXMAS2tIknw$_$6,text,1.0
train,dXMAS2tIknw$_$6,audio,1.0
train,dXMAS2tIknw$_$6,vision,0.0
train,dYyg91d7zjY$_$2,text,1.0
train,dYyg91d7zjY$_$2,audio,1.0
train,dYyg91d7zjY$_$2,vision,1.0
train,damyXH7mBic$_$11,text,1.0
train,damyXH7mBic$_$11,audio,1.0
train,damyXH7mBic$_$11,vision,1.0
train,dbpGH5iP0GE$_$2,text,1.0
train,dbpGH5iP0GE$_$2,audio,1.0
train,dbpGH5iP0GE$_$2,vision,1.0
train,dbpGH5iP0GE$_$3,text,1.0
train,dbpGH5iP0GE$_$3,audio,1.0
train,dbpGH5iP0GE$_$3,vision,1.0
train,dcUlt6zk_S0$_$5,text,1.0
train,dcUlt6zk_S0$_$5,audio,1.0
train,dcUlt6zk_S0$_$5,vision,1.0
train,ddix4XuaUlY$_$4,text,1.0
train,ddix4XuaUlY$_$4,audio,1.0
train,ddix4XuaUlY$_$4,vision,1.0
train,dqragS38hCk$_$10,text,1.0
train,dqragS38hCk$_$10,audio,1.0
train,dqragS38hCk$_$10,vision,1.0
train,dqragS38hCk$_$2,text,1.0
train,dqragS38hCk$_$2,audio,1.0
train,dqragS38hCk$_$2,vision,1.0
train,dqragS38hCk$_$8,text,1.0
train,dqragS38hCk$_$8,audio,1.0
train,dqragS38hCk$_$8,vision,1.0
train,dsob2MgUPpA$_$13,text,1.0
train,dsob2MgUPpA$_$13,audio,1.0
train,dsob2MgUPpA$_$13,vision,1.0
train,dsob2MgUPpA$_$3,text,1.0
train,dsob2MgUPpA$_$3,audio,1.0
train,dsob2MgUPpA$_$3,vision,1.0
train,dsob2MgUPpA$_$2,text,1.0
train,dsob2MgUPpA$_$2,audio,1.0
train,dsob2MgUPpA$_$2,vision,1.0
train,dsob2MgUPpA$_$5,text,1.0
train,dsob2MgUPpA$_$5,audio,1.0
train,dsob2MgUPpA$_$5,vision,1.0
train,dyZdiWNflko$_$6,text,1.0
train,dyZdiWNflko$_$6,audio,1.0
train,dyZdiWNflko$_$6,vision,1.0
train,e-2QlzFeyNU$_$4,text,1.0
train,e-2QlzFeyNU$_$4,audio,1.0
train,e-2QlzFeyNU$_$4,vision,1.0
train,e0hYEr848TE$_$0,text,1.0
train,e0hYEr848TE$_$0,audio,1.0
train,e0hYEr848TE$_$0,vision,0.9285714285714286
train,e0ltF8zpEcw$_$9,text,1.0
train,e0ltF8zpEcw$_$9,audio,1.0
train,e0ltF8zpEcw$_$9,vision,1.0
train,e0ltF8zpEcw$_$8,text,1.0
train,e0ltF8zpEcw$_$8,audio,1.0
train,e0ltF8zpEcw$_$8,vision,1.0
train,e1E5W_ZefmY$_$10,text,1.0
train,e1E5W_ZefmY$_$10,audio,1.0
train,e1E5W_ZefmY$_$10,vision,1.0
train,e1E5W_ZefmY$_$3,text,1.0
train,e1E5W_ZefmY$_$3,audio,1.0
train,e1E5W_ZefmY$_$3,vision,1.0
train,e7_2U4lm6TE$_$38,text,1.0
train,e7_2U4lm6TE$_$38,audio,1.0
train,e7_2U4lm6TE$_$38,vision,1.0
train,e7_2U4lm6TE$_$28,text,1.0
train,e7_2U4lm6TE$_$28,audio,1.0
train,e7_2U4lm6TE$_$28,vision,1.0
train,e7_2U4lm6TE$_$7,text,1.0
train,e7_2U4lm6TE$_$7,audio,1.0
train,e7_2U4lm6TE$_$7,vision,1.0
train,eJwZfdtlks8$_$15,text,1.0
train,eJwZfdtlks8$_$15,audio,1.0
train,eJwZfdtlks8$_$15,vision,1.0
train,ePtlUYCdrNM$_$1,text,1.0
train,ePtlUYCdrNM$_$1,audio,1.0
train,ePtlUYCdrNM$_$1,vision,1.0
train,eSHOcLD5T58$_$7,text,1.0
train,eSHOcLD5T58$_$7,audio,1.0
train,eSHOcLD5T58$_$7,vision,1.0
train,eSHOcLD5T58$_$9,text,1.0
train,eSHOcLD5T58$_$9,audio,1.0
train,eSHOcLD5T58$_$9,vision,1.0
train,eTCnM472-cQ$_$0,text,1.0
train,eTCnM472-cQ$_$0,audio,1.0
train,eTCnM472-cQ$_$0,vision,1.0
train,eTn2P4wmFr4$_$12,text,1.0
train,eTn2P4wmFr4$_$12,audio,1.0
train,eTn2P4wmFr4$_$12,vision,1.0
train,eTn2P4wmFr4$_$15,text,1.0
train,eTn2P4wmFr4$_$15,audio,1.0
train,eTn2P4wmFr4$_$15,vision,1.0
train,eTn2P4wmFr4$_$3,text,1.0
train,eTn2P4wmFr4$_$3,audio,1.0
train,eTn2P4wmFr4$_$3,vision,1.0
train,eTn2P4wmFr4$_$7,text,1.0
train,eTn2P4wmFr4$_$7,audio,1.0
train,eTn2P4wmFr4$_$7,vision,1.0
train,eTn2P4wmFr4$_$9,text,1.0
train,eTn2P4wmFr4$_$9,audio,1.0
train,eTn2P4wmFr4$_$9,vision,1.0
train,eW1vgHE6FRM$_$14,text,1.0
train,eW1vgHE6FRM$_$14,audio,1.0
train,eW1vgHE6FRM$_$14,vision,1.0
train,eW1vgHE6FRM$_$3,text,1.0
train,eW1vgHE6FRM$_$3,audio,1.0
train,eW1vgHE6FRM$_$3,vision,1.0
train,eY64P27khzk$_$0,text,1.0
train,eY64P27khzk$_$0,audio,1.0
train,eY64P27khzk$_$0,vision,0.3235294117647059
train,eY64P27khzk$_$3,text,1.0
train,eY64P27khzk$_$3,audio,1.0
train,eY64P27khzk$_$3,vision,1.0
train,eeN7l4R3nPc$_$10,text,1.0
train,eeN7l4R3nPc$_$10,audio,1.0
train,eeN7l4R3nPc$_$10,vision,1.0
train,efLrpnuLwyU$_$1,text,1.0
train,efLrpnuLwyU$_$1,audio,1.0
train,efLrpnuLwyU$_$1,vision,1.0
train,emtvrtk-jsU$_$7,text,1.0
train,emtvrtk-jsU$_$7,audio,1.0
train,emtvrtk-jsU$_$7,vision,1.0
train,ep3IasggD3k$_$10,text,1.0
train,ep3IasggD3k$_$10,audio,1.0
train,ep3IasggD3k$_$10,vision,1.0
train,esR-tOjT6KM$_$0,text,1.0
train,esR-tOjT6KM$_$0,audio,1.0
train,esR-tOjT6KM$_$0,vision,1.0
train,esR-tOjT6KM$_$3,text,1.0
train,esR-tOjT6KM$_$3,audio,1.0
train,esR-tOjT6KM$_$3,vision,0.9230769230769231
train,esR-tOjT6KM$_$6,text,1.0
train,esR-tOjT6KM$_$6,audio,1.0
train,esR-tOjT6KM$_$6,vision,0.8723404255319149
train,esnOE1LefKA$_$1,text,1.0
train,esnOE1LefKA$_$1,audio,1.0
train,esnOE1LefKA$_$1,vision,1.0
train,f49boM5fb8U$_$6,text,1.0
train,f49boM5fb8U$_$6,audio,1.0
train,f49boM5fb8U$_$6,vision,1.0
train,f5k5cF80aUE$_$4,text,1.0
train,f5k5cF80aUE$_$4,audio,1.0
train,f5k5cF80aUE$_$4,vision,1.0
train,f5k5cF80aUE$_$6,text,1.0
train,f5k5cF80aUE$_$6,audio,1.0
train,f5k5cF80aUE$_$6,vision,1.0
train,f6S2XNPIiFk$_$19,text,1.0
train,f6S2XNPIiFk$_$19,audio,1.0
train,f6S2XNPIiFk$_$19,vision,1.0
train,f6S2XNPIiFk$_$2,text,1.0
train,f6S2XNPIiFk$_$2,audio,1.0
train,f6S2XNPIiFk$_$2,vision,1.0
train,f6S2XNPIiFk$_$5,text,1.0
train,f6S2XNPIiFk$_$5,audio,1.0
train,f6S2XNPIiFk$_$5,vision,1.0
train,fB816aeHRFk$_$0,text,1.0
train,fB816aeHRFk$_$0,audio,1.0
train,fB816aeHRFk$_$0,vision,1.0
train,fGYbbP8RDLQ$_$5,text,1.0
train,fGYbbP8RDLQ$_$5,audio,1.0
train,fGYbbP8RDLQ$_$5,vision,1.0
train,fOxg1NstCHA$_$4,text,1.0
train,fOxg1NstCHA$_$4,audio,1.0
train,fOxg1NstCHA$_$4,vision,1.0
train,fTNOAssiTYk$_$3,text,1.0
train,fTNOAssiTYk$_$3,audio,1.0
train,fTNOAssiTYk$_$3,vision,1.0
train,fTNOAssiTYk$_$6,text,1.0
train,fTNOAssiTYk$_$6,audio,1.0
train,fTNOAssiTYk$_$6,vision,1.0
train,fW1pK2L6RgM$_$3,text,1.0
train,fW1pK2L6RgM$_$3,audio,1.0
train,fW1pK2L6RgM$_$3,vision,1.0
train,faXGVcVcVsE$_$14,text,1.0
train,faXGVcVcVsE$_$14,audio,1.0
train,faXGVcVcVsE$_$14,vision,1.0
train,faXGVcVcVsE$_$9,text,1.0
train,faXGVcVcVsE$_$9,audio,1.0
train,faXGVcVcVsE$_$9,vision,1.0
train,faXGVcVcVsE$_$8,text,1.0
train,faXGVcVcVsE$_$8,audio,1.0
train,faXGVcVcVsE$_$8,vision,1.0
train,fbHlBmq7Ipo$_$10,text,1.0
train,fbHlBmq7Ipo$_$10,audio,1.0
train,fbHlBmq7Ipo$_$10,vision,1.0
train,fbHlBmq7Ipo$_$8,text,1.0
train,fbHlBmq7Ipo$_$8,audio,1.0
train,fbHlBmq7Ipo$_$8,vision,1.0
train,fbSxct2JcKU$_$5,text,1.0
train,fbSxct2JcKU$_$5,audio,1.0
train,fbSxct2JcKU$_$5,vision,1.0
train,fdK_tsvBXJ8$_$5,text,1.0
train,fdK_tsvBXJ8$_$5,audio,1.0
train,fdK_tsvBXJ8$_$5,vision,1.0
train,fi7g4GoK-z4$_$4,text,1.0
train,fi7g4GoK-z4$_$4,audio,1.0
train,fi7g4GoK-z4$_$4,vision,1.0
train,fjE2EZKgQm8$_$5,text,1.0
train,fjE2EZKgQm8$_$5,audio,1.0
train,fjE2EZKgQm8$_$5,vision,0.8
train,fjE2EZKgQm8$_$4,text,1.0
train,fjE2EZKgQm8$_$4,audio,1.0
train,fjE2EZKgQm8$_$4,vision,1.0
train,flBtk736di4$_$8,text,1.0
train,flBtk736di4$_$8,audio,1.0
train,flBtk736di4$_$8,vision,1.0
train,frNJdG0GkYw$_$1,text,1.0
train,frNJdG0GkYw$_$1,audio,1.0
train,frNJdG0GkYw$_$1,vision,1.0
train,fzuTEKwNS94$_$8,text,1.0
train,fzuTEKwNS94$_$8,audio,1.0
train,fzuTEKwNS94$_$8,vision,1.0
train,fzuTEKwNS94$_$16,text,1.0
train,fzuTEKwNS94$_$16,audio,1.0
train,fzuTEKwNS94$_$16,vision,1.0
train,g99kISQbyuI$_$11,text,1.0
train,g99kISQbyuI$_$11,audio,1.0
train,g99kISQbyuI$_$11,vision,0.35
train,g99kISQbyuI$_$0,text,1.0
train,g99kISQbyuI$_$0,audio,1.0
train,g99kISQbyuI$_$0,vision,0.375
train,g99kISQbyuI$_$3,text,1.0
train,g99kISQbyuI$_$3,audio,1.0
train,g99kISQbyuI$_$3,vision,1.0
train,g99kISQbyuI$_$5,text,1.0
train,g99kISQbyuI$_$5,audio,1.0
train,g99kISQbyuI$_$5,vision,1.0
train,g9rNhtFG9aU$_$12,text,1.0
train,g9rNhtFG9aU$_$12,audio,1.0
train,g9rNhtFG9aU$_$12,vision,0.3333333333333333
train,gAMbkJk6gnE$_$2,text,1.0
train,gAMbkJk6gnE$_$2,audio,1.0
train,gAMbkJk6gnE$_$2,vision,0.0
train,gAMbkJk6gnE$_$4,text,1.0
train,gAMbkJk6gnE$_$4,audio,1.0
train,gAMbkJk6gnE$_$4,vision,1.0
train,gC_wF3uKFW0$_$2,text,1.0
train,gC_wF3uKFW0$_$2,audio,1.0
train,gC_wF3uKFW0$_$2,vision,1.0
train,gC_wF3uKFW0$_$5,text,1.0
train,gC_wF3uKFW0$_$5,audio,1.0
train,gC_wF3uKFW0$_$5,vision,1.0
train,gC_wF3uKFW0$_$4,text,1.0
train,gC_wF3uKFW0$_$4,audio,1.0
train,gC_wF3uKFW0$_$4,vision,1.0
train,gEgcpVY8WK4$_$27,text,1.0
train,gEgcpVY8WK4$_$27,audio,1.0
train,gEgcpVY8WK4$_$27,vision,1.0
train,gEgcpVY8WK4$_$21,text,1.0
train,gEgcpVY8WK4$_$21,audio,1.0
train,gEgcpVY8WK4$_$21,vision,1.0
train,gEgcpVY8WK4$_$22,text,1.0
train,gEgcpVY8WK4$_$22,audio,1.0
train,gEgcpVY8WK4$_$22,vision,1.0
train,gEgcpVY8WK4$_$28,text,1.0
train,gEgcpVY8WK4$_$28,audio,1.0
train,gEgcpVY8WK4$_$28,vision,1.0
train,gEgcpVY8WK4$_$8,text,1.0
train,gEgcpVY8WK4$_$8,audio,1.0
train,gEgcpVY8WK4$_$8,vision,1.0
train,gEgcpVY8WK4$_$14,text,1.0
train,gEgcpVY8WK4$_$14,audio,1.0
train,gEgcpVY8WK4$_$14,vision,1.0
train,gEgcpVY8WK4$_$17,text,1.0
train,gEgcpVY8WK4$_$17,audio,1.0
train,gEgcpVY8WK4$_$17,vision,1.0
train,gEgcpVY8WK4$_$30,text,1.0
train,gEgcpVY8WK4$_$30,audio,1.0
train,gEgcpVY8WK4$_$30,vision,1.0
train,gFAOKuqpUq4$_$0,text,1.0
train,gFAOKuqpUq4$_$0,audio,1.0
train,gFAOKuqpUq4$_$0,vision,1.0
train,gPWyANEm0eE$_$10,text,1.0
train,gPWyANEm0eE$_$10,audio,1.0
train,gPWyANEm0eE$_$10,vision,1.0
train,gPWyANEm0eE$_$2,text,1.0
train,gPWyANEm0eE$_$2,audio,1.0
train,gPWyANEm0eE$_$2,vision,1.0
train,gPWyANEm0eE$_$4,text,1.0
train,gPWyANEm0eE$_$4,audio,1.0
train,gPWyANEm0eE$_$4,vision,1.0
train,gRAmIaSlm80$_$0,text,1.0
train,gRAmIaSlm80$_$0,audio,1.0
train,gRAmIaSlm80$_$0,vision,0.775
train,gU7McujYYPY$_$1,text,1.0
train,gU7McujYYPY$_$1,audio,1.0
train,gU7McujYYPY$_$1,vision,0.8333333333333334
train,gU7McujYYPY$_$3,text,1.0
train,gU7McujYYPY$_$3,audio,1.0
train,gU7McujYYPY$_$3,vision,1.0
train,gU7McujYYPY$_$8,text,1.0
train,gU7McujYYPY$_$8,audio,1.0
train,gU7McujYYPY$_$8,vision,1.0
train,gXDRWhJbfFU$_$1,text,1.0
train,gXDRWhJbfFU$_$1,audio,1.0
train,gXDRWhJbfFU$_$1,vision,1.0
train,gXDRWhJbfFU$_$4,text,1.0
train,gXDRWhJbfFU$_$4,audio,1.0
train,gXDRWhJbfFU$_$4,vision,1.0
train,gXDRWhJbfFU$_$9,text,1.0
train,gXDRWhJbfFU$_$9,audio,1.0
train,gXDRWhJbfFU$_$9,vision,1.0
train,gXDRWhJbfFU$_$8,text,1.0
train,gXDRWhJbfFU$_$8,audio,1.0
train,gXDRWhJbfFU$_$8,vision,1.0
train,gXuiIWRxrw4$_$19,text,1.0
train,gXuiIWRxrw4$_$19,audio,1.0
train,gXuiIWRxrw4$_$19,vision,1.0
train,gXuiIWRxrw4$_$18,text,1.0
train,gXuiIWRxrw4$_$18,audio,1.0
train,gXuiIWRxrw4$_$18,vision,1.0
train,gXuiIWRxrw4$_$0,text,1.0
train,gXuiIWRxrw4$_$0,audio,1.0
train,gXuiIWRxrw4$_$0,vision,0.0
train,gXuiIWRxrw4$_$6,text,1.0
train,gXuiIWRxrw4$_$6,audio,1.0
train,gXuiIWRxrw4$_$6,vision,1.0
train,gZDyk95Xob4$_$11,text,1.0
train,gZDyk95Xob4$_$11,audio,1.0
train,gZDyk95Xob4$_$11,vision,0.8125
train,gZDyk95Xob4$_$12,text,1.0
train,gZDyk95Xob4$_$12,audio,1.0
train,gZDyk95Xob4$_$12,vision,1.0
train,gZDyk95Xob4$_$9,text,1.0
train,gZDyk95Xob4$_$9,audio,1.0
train,gZDyk95Xob4$_$9,vision,1.0
train,gZF-YNQHqwI$_$13,text,1.0
train,gZF-YNQHqwI$_$13,audio,1.0
train,gZF-YNQHqwI$_$13,vision,0.0
train,gZF-YNQHqwI$_$1,text,1.0
train,gZF-YNQHqwI$_$1,audio,1.0
train,gZF-YNQHqwI$_$1,vision,0.09090909090909091
train,gZF-YNQHqwI$_$9,text,1.0
train,gZF-YNQHqwI$_$9,audio,1.0
train,gZF-YNQHqwI$_$9,vision,0.5
train,gcpsSao7kHM$_$10,text,1.0
train,gcpsSao7kHM$_$10,audio,1.0
train,gcpsSao7kHM$_$10,vision,1.0
train,gcpsSao7kHM$_$1,text,1.0
train,gcpsSao7kHM$_$1,audio,1.0
train,gcpsSao7kHM$_$1,vision,1.0
train,ge071m9bGeY$_$1,text,1.0
train,ge071m9bGeY$_$1,audio,1.0
train,ge071m9bGeY$_$1,vision,1.0
train,ge071m9bGeY$_$0,text,1.0
train,ge071m9bGeY$_$0,audio,1.0
train,ge071m9bGeY$_$0,vision,0.0
train,ge071m9bGeY$_$5,text,1.0
train,ge071m9bGeY$_$5,audio,1.0
train,ge071m9bGeY$_$5,vision,1.0
train,ge071m9bGeY$_$4,text,1.0
train,ge071m9bGeY$_$4,audio,1.0
train,ge071m9bGeY$_$4,vision,0.0
train,gjEYmdWrBLM$_$24,text,1.0
train,gjEYmdWrBLM$_$24,audio,1.0
train,gjEYmdWrBLM$_$24,vision,1.0
train,gjEYmdWrBLM$_$26,text,1.0
train,gjEYmdWrBLM$_$26,audio,1.0
train,gjEYmdWrBLM$_$26,vision,1.0
train,gjEYmdWrBLM$_$0,text,1.0
train,gjEYmdWrBLM$_$0,audio,1.0
train,gjEYmdWrBLM$_$0,vision,1.0
train,gjEYmdWrBLM$_$3,text,1.0
train,gjEYmdWrBLM$_$3,audio,1.0
train,gjEYmdWrBLM$_$3,vision,1.0
train,gjEYmdWrBLM$_$9,text,1.0
train,gjEYmdWrBLM$_$9,audio,1.0
train,gjEYmdWrBLM$_$9,vision,1.0
train,gjEYmdWrBLM$_$18,text,1.0
train,gjEYmdWrBLM$_$18,audio,1.0
train,gjEYmdWrBLM$_$18,vision,1.0
train,gjGL6YY6oMs$_$2,text,1.0
train,gjGL6YY6oMs$_$2,audio,1.0
train,gjGL6YY6oMs$_$2,vision,1.0
train,gjSyl6evrWk$_$12,text,1.0
train,gjSyl6evrWk$_$12,audio,1.0
train,gjSyl6evrWk$_$12,vision,1.0
train,gr9YU-UTJzQ$_$15,text,1.0
train,gr9YU-UTJzQ$_$15,audio,1.0
train,gr9YU-UTJzQ$_$15,vision,1.0
train,grePRQ8zonA$_$2,text,1.0
train,grePRQ8zonA$_$2,audio,1.0
train,grePRQ8zonA$_$2,vision,1.0
train,guRD0zQC6Q0$_$7,text,1.0
train,guRD0zQC6Q0$_$7,audio,1.0
train,guRD0zQC6Q0$_$7,vision,1.0
train,gv43BPYYxKQ$_$2,text,1.0
train,gv43BPYYxKQ$_$2,audio,1.0
train,gv43BPYYxKQ$_$2,vision,1.0
train,gvrfI9e5xHQ$_$9,text,1.0
train,gvrfI9e5xHQ$_$9,audio,1.0
train,gvrfI9e5xHQ$_$9,vision,1.0
train,gzZ8NTeTzRs$_$1,text,1.0
train,gzZ8NTeTzRs$_$1,audio,1.0
train,gzZ8NTeTzRs$_$1,vision,1.0
train,h4LrwMn94ss$_$9,text,1.0
train,h4LrwMn94ss$_$9,audio,1.0
train,h4LrwMn94ss$_$9,vision,1.0
train,h7p5URoookk$_$27,text,1.0
train,h7p5URoookk$_$27,audio,1.0
train,h7p5URoookk$_$27,vision,1.0
train,h7p5URoookk$_$2,text,1.0
train,h7p5URoookk$_$2,audio,1.0
train,h7p5URoookk$_$2,vision,1.0
train,hASTLbFHrEs$_$0,text,1.0
train,hASTLbFHrEs$_$0,audio,1.0
train,hASTLbFHrEs$_$0,vision,1.0
train,hASTLbFHrEs$_$7,text,1.0
train,hASTLbFHrEs$_$7,audio,1.0
train,hASTLbFHrEs$_$7,vision,1.0
train,hCFV5VLgS0A$_$8,text,1.0
train,hCFV5VLgS0A$_$8,audio,1.0
train,hCFV5VLgS0A$_$8,vision,1.0
train,hF6kFQPdBjY$_$13,text,1.0
train,hF6kFQPdBjY$_$13,audio,1.0
train,hF6kFQPdBjY$_$13,vision,1.0
train,hF6kFQPdBjY$_$2,text,1.0
train,hF6kFQPdBjY$_$2,audio,1.0
train,hF6kFQPdBjY$_$2,vision,1.0
train,hF6kFQPdBjY$_$9,text,1.0
train,hF6kFQPdBjY$_$9,audio,1.0
train,hF6kFQPdBjY$_$9,vision,1.0
train,hGRRlXfH0BY$_$11,text,1.0
train,hGRRlXfH0BY$_$11,audio,1.0
train,hGRRlXfH0BY$_$11,vision,1.0
train,hGRRlXfH0BY$_$1,text,1.0
train,hGRRlXfH0BY$_$1,audio,1.0
train,hGRRlXfH0BY$_$1,vision,1.0
train,hGRRlXfH0BY$_$8,text,1.0
train,hGRRlXfH0BY$_$8,audio,1.0
train,hGRRlXfH0BY$_$8,vision,1.0
train,hIQhkTjNaQc$_$11,text,1.0
train,hIQhkTjNaQc$_$11,audio,1.0
train,hIQhkTjNaQc$_$11,vision,1.0
train,hOp6I4jGvu4$_$1,text,1.0
train,hOp6I4jGvu4$_$1,audio,1.0
train,hOp6I4jGvu4$_$1,vision,1.0
train,hOp6I4jGvu4$_$4,text,1.0
train,hOp6I4jGvu4$_$4,audio,1.0
train,hOp6I4jGvu4$_$4,vision,1.0
train,hSgKOKK3L8M$_$0,text,1.0
train,hSgKOKK3L8M$_$0,audio,1.0
train,hSgKOKK3L8M$_$0,vision,0.0
train,hSgKOKK3L8M$_$5,text,1.0
train,hSgKOKK3L8M$_$5,audio,1.0
train,hSgKOKK3L8M$_$5,vision,0.0
train,hawztAtYHCE$_$9,text,1.0
train,hawztAtYHCE$_$9,audio,1.0
train,hawztAtYHCE$_$9,vision,1.0
train,he475nnmMi0$_$14,text,1.0
train,he475nnmMi0$_$14,audio,1.0
train,he475nnmMi0$_$14,vision,1.0
train,he475nnmMi0$_$9,text,1.0
train,he475nnmMi0$_$9,audio,1.0
train,he475nnmMi0$_$9,vision,1.0
train,hfVXx8hfKak$_$16,text,1.0
train,hfVXx8hfKak$_$16,audio,1.0
train,hfVXx8hfKak$_$16,vision,1.0
train,hfVXx8hfKak$_$0,text,1.0
train,hfVXx8hfKak$_$0,audio,1.0
train,hfVXx8hfKak$_$0,vision,1.0
train,hfvmQuhqMmY$_$8,text,1.0
train,hfvmQuhqMmY$_$8,audio,1.0
train,hfvmQuhqMmY$_$8,vision,1.0
train,hh04W3xXa5s$_$0,text,1.0
train,hh04W3xXa5s$_$0,audio,1.0
train,hh04W3xXa5s$_$0,vision,1.0
train,hh04W3xXa5s$_$2,text,1.0
train,hh04W3xXa5s$_$2,audio,1.0
train,hh04W3xXa5s$_$2,vision,0.038461538461538464
train,hj1ph17-0jE$_$2,text,1.0
train,hj1ph17-0jE$_$2,audio,1.0
train,hj1ph17-0jE$_$2,vision,1.0
train,hjBQmIWiWgw$_$2,text,1.0
train,hjBQmIWiWgw$_$2,audio,1.0
train,hjBQmIWiWgw$_$2,vision,1.0
train,hlBOP5NskhM$_$10,text,1.0
train,hlBOP5NskhM$_$10,audio,1.0
train,hlBOP5NskhM$_$10,vision,1.0
train,hlBOP5NskhM$_$12,text,1.0
train,hlBOP5NskhM$_$12,audio,1.0
train,hlBOP5NskhM$_$12,vision,1.0
train,hlBOP5NskhM$_$2,text,1.0
train,hlBOP5NskhM$_$2,audio,1.0
train,hlBOP5NskhM$_$2,vision,0.0
train,hlBOP5NskhM$_$8,text,1.0
train,hlBOP5NskhM$_$8,audio,1.0
train,hlBOP5NskhM$_$8,vision,0.0
train,hlYDicOj2m0$_$2,text,1.0
train,hlYDicOj2m0$_$2,audio,1.0
train,hlYDicOj2m0$_$2,vision,1.0
train,hlYDicOj2m0$_$6,text,1.0
train,hlYDicOj2m0$_$6,audio,1.0
train,hlYDicOj2m0$_$6,vision,1.0
train,hmjfBZGGZR8$_$1,text,1.0
train,hmjfBZGGZR8$_$1,audio,1.0
train,hmjfBZGGZR8$_$1,vision,0.5789473684210527
train,hntnelpiyl8$_$13,text,1.0
train,hntnelpiyl8$_$13,audio,1.0
train,hntnelpiyl8$_$13,vision,1.0
train,hp3nsb_eIc0$_$18,text,1.0
train,hp3nsb_eIc0$_$18,audio,1.0
train,hp3nsb_eIc0$_$18,vision,1.0
train,hp3nsb_eIc0$_$1,text,1.0
train,hp3nsb_eIc0$_$1,audio,1.0
train,hp3nsb_eIc0$_$1,vision,1.0
train,hyazktfsZew$_$26,text,1.0
train,hyazktfsZew$_$26,audio,1.0
train,hyazktfsZew$_$26,vision,0.75
train,hyazktfsZew$_$22,text,1.0
train,hyazktfsZew$_$22,audio,1.0
train,hyazktfsZew$_$22,vision,0.0
train,hyazktfsZew$_$28,text,1.0
train,hyazktfsZew$_$28,audio,1.0
train,hyazktfsZew$_$28,vision,1.0
train,hyazktfsZew$_$9,text,1.0
train,hyazktfsZew$_$9,audio,1.0
train,hyazktfsZew$_$9,vision,1.0
train,hyazktfsZew$_$11,text,1.0
train,hyazktfsZew$_$11,audio,1.0
train,hyazktfsZew$_$11,vision,0.125
train,hyazktfsZew$_$30,text,1.0
train,hyazktfsZew$_$30,audio,1.0
train,hyazktfsZew$_$30,vision,0.5
train,i5bmKlHv-SA$_$3,text,1.0
train,i5bmKlHv-SA$_$3,audio,1.0
train,i5bmKlHv-SA$_$3,vision,1.0
train,iEOBNT0HFtU$_$12,text,1.0
train,iEOBNT0HFtU$_$12,audio,1.0
train,iEOBNT0HFtU$_$12,vision,1.0
train,iEOBNT0HFtU$_$17,text,1.0
train,iEOBNT0HFtU$_$17,audio,1.0
train,iEOBNT0HFtU$_$17,vision,1.0
train,iEOBNT0HFtU$_$0,text,1.0
train,iEOBNT0HFtU$_$0,audio,1.0
train,iEOBNT0HFtU$_$0,vision,1.0
train,iEOBNT0HFtU$_$2,text,1.0
train,iEOBNT0HFtU$_$2,audio,1.0
train,iEOBNT0HFtU$_$2,vision,1.0
train,iH04VOkbof0$_$1,text,1.0
train,iH04VOkbof0$_$1,audio,1.0
train,iH04VOkbof0$_$1,vision,1.0
train,iH04VOkbof0$_$4,text,1.0
train,iH04VOkbof0$_$4,audio,1.0
train,iH04VOkbof0$_$4,vision,1.0
train,iM3wSwoAtwk$_$3,text,1.0
train,iM3wSwoAtwk$_$3,audio,1.0
train,iM3wSwoAtwk$_$3,vision,1.0
train,iMss8xBhFiI$_$12,text,1.0
train,iMss8xBhFiI$_$12,audio,1.0
train,iMss8xBhFiI$_$12,vision,1.0
train,iO34hER47xA$_$3,text,1.0
train,iO34hER47xA$_$3,audio,1.0
train,iO34hER47xA$_$3,vision,1.0
train,iR1Os7FVGHs$_$6,text,1.0
train,iR1Os7FVGHs$_$6,audio,1.0
train,iR1Os7FVGHs$_$6,vision,1.0
train,iREkcXde5ds$_$0,text,1.0
train,iREkcXde5ds$_$0,audio,1.0
train,iREkcXde5ds$_$0,vision,0.0
train,iS91daVpH2E$_$10,text,1.0
train,iS91daVpH2E$_$10,audio,1.0
train,iS91daVpH2E$_$10,vision,1.0
train,iS91daVpH2E$_$7,text,1.0
train,iS91daVpH2E$_$7,audio,1.0
train,iS91daVpH2E$_$7,vision,1.0
train,iYtD_ArCdKw$_$3,text,1.0
train,iYtD_ArCdKw$_$3,audio,1.0
train,iYtD_ArCdKw$_$3,vision,1.0
train,iYtD_ArCdKw$_$9,text,1.0
train,iYtD_ArCdKw$_$9,audio,1.0
train,iYtD_ArCdKw$_$9,vision,1.0
train,icIS9VfbzMw$_$25,text,1.0
train,icIS9VfbzMw$_$25,audio,1.0
train,icIS9VfbzMw$_$25,vision,1.0
train,icIS9VfbzMw$_$17,text,1.0
train,icIS9VfbzMw$_$17,audio,1.0
train,icIS9VfbzMw$_$17,vision,0.5416666666666666
train,icIS9VfbzMw$_$1,text,1.0
train,icIS9VfbzMw$_$1,audio,1.0
train,icIS9VfbzMw$_$1,vision,1.0
train,icIS9VfbzMw$_$3,text,1.0
train,icIS9VfbzMw$_$3,audio,1.0
train,icIS9VfbzMw$_$3,vision,1.0
train,icehEYAiimM$_$0,text,1.0
train,icehEYAiimM$_$0,audio,1.0
train,icehEYAiimM$_$0,vision,1.0
train,iex7I7iVnLk$_$3,text,1.0
train,iex7I7iVnLk$_$3,audio,1.0
train,iex7I7iVnLk$_$3,vision,1.0
train,ihuGFUrzD30$_$8,text,1.0
train,ihuGFUrzD30$_$8,audio,1.0
train,ihuGFUrzD30$_$8,vision,1.0
train,ipLoS44xfO4$_$1,text,1.0
train,ipLoS44xfO4$_$1,audio,1.0
train,ipLoS44xfO4$_$1,vision,0.0
train,ipLoS44xfO4$_$0,text,1.0
train,ipLoS44xfO4$_$0,audio,1.0
train,ipLoS44xfO4$_$0,vision,1.0
train,ipLoS44xfO4$_$3,text,1.0
train,ipLoS44xfO4$_$3,audio,1.0
train,ipLoS44xfO4$_$3,vision,1.0
train,ixQbCXLUUj8$_$1,text,1.0
train,ixQbCXLUUj8$_$1,audio,1.0
train,ixQbCXLUUj8$_$1,vision,0.8125
train,ixZAEncExWI$_$1,text,1.0
train,ixZAEncExWI$_$1,audio,1.0
train,ixZAEncExWI$_$1,vision,1.0
train,izFBeXMTgds$_$1,text,1.0
train,izFBeXMTgds$_$1,audio,1.0
train,izFBeXMTgds$_$1,vision,1.0
train,j6R1NTrosuM$_$0,text,1.0
train,j6R1NTrosuM$_$0,audio,1.0
train,j6R1NTrosuM$_$0,vision,1.0
train,j7fRIGphgtk$_$1,text,1.0
train,j7fRIGphgtk$_$1,audio,1.0
train,j7fRIGphgtk$_$1,vision,1.0
train,j7fRIGphgtk$_$0,text,1.0
train,j7fRIGphgtk$_$0,audio,1.0
train,j7fRIGphgtk$_$0,vision,1.0
train,jEQoBvc7V1o$_$12,text,1.0
train,jEQoBvc7V1o$_$12,audio,1.0
train,jEQoBvc7V1o$_$12,vision,0.47368421052631576
train,jFNgOznarMo$_$9,text,1.0
train,jFNgOznarMo$_$9,audio,1.0
train,jFNgOznarMo$_$9,vision,1.0
train,jFNgOznarMo$_$10,text,1.0
train,jFNgOznarMo$_$10,audio,1.0
train,jFNgOznarMo$_$10,vision,1.0
train,jFpRdhl3fgw$_$2,text,1.0
train,jFpRdhl3fgw$_$2,audio,1.0
train,jFpRdhl3fgw$_$2,vision,1.0
train,jNdvceZ4etc$_$2,text,1.0
train,jNdvceZ4etc$_$2,audio,1.0
train,jNdvceZ4etc$_$2,vision,1.0
train,jNdvceZ4etc$_$7,text,1.0
train,jNdvceZ4etc$_$7,audio,1.0
train,jNdvceZ4etc$_$7,vision,1.0
train,jPf0LjZAS14$_$0,text,1.0
train,jPf0LjZAS14$_$0,audio,1.0
train,jPf0LjZAS14$_$0,vision,1.0
train,jQ3EmbRIe58$_$14,text,1.0
train,jQ3EmbRIe58$_$14,audio,1.0
train,jQ3EmbRIe58$_$14,vision,1.0
train,jT3FSTBA8Us$_$2,text,1.0
train,jT3FSTBA8Us$_$2,audio,1.0
train,jT3FSTBA8Us$_$2,vision,0.029411764705882353
train,jV6qzF2YROc$_$0,text,1.0
train,jV6qzF2YROc$_$0,audio,1.0
train,jV6qzF2YROc$_$0,vision,1.0
train,jVayR0VClxQ$_$12,text,1.0
train,jVayR0VClxQ$_$12,audio,1.0
train,jVayR0VClxQ$_$12,vision,1.0
train,jVayR0VClxQ$_$0,text,1.0
train,jVayR0VClxQ$_$0,audio,1.0
train,jVayR0VClxQ$_$0,vision,1.0
train,jVayR0VClxQ$_$9,text,1.0
train,jVayR0VClxQ$_$9,audio,1.0
train,jVayR0VClxQ$_$9,vision,1.0
train,jYT3-RQFy1U$_$10,text,1.0
train,jYT3-RQFy1U$_$10,audio,1.0
train,jYT3-RQFy1U$_$10,vision,1.0
train,jYT3-RQFy1U$_$1,text,1.0
train,jYT3-RQFy1U$_$1,audio,1.0
train,jYT3-RQFy1U$_$1,vision,1.0
train,jakiZQd4boM$_$3,text,1.0
train,jakiZQd4boM$_$3,audio,1.0
train,jakiZQd4boM$_$3,vision,1.0
train,jbKDW9URnvM$_$0,text,1.0
train,jbKDW9URnvM$_$0,audio,1.0
train,jbKDW9URnvM$_$0,vision,1.0
train,jcQi90n008o$_$20,text,1.0
train,jcQi90n008o$_$20,audio,1.0
train,jcQi90n008o$_$20,vision,1.0
train,jcQi90n008o$_$23,text,1.0
train,jcQi90n008o$_$23,audio,1.0
train,jcQi90n008o$_$23,vision,1.0
train,jcQi90n008o$_$2,text,1.0
train,jcQi90n008o$_$2,audio,1.0
train,jcQi90n008o$_$2,vision,1.0
train,jcQi90n008o$_$5,text,1.0
train,jcQi90n008o$_$5,audio,1.0
train,jcQi90n008o$_$5,vision,1.0
train,jcQi90n008o$_$18,text,1.0
train,jcQi90n008o$_$18,audio,1.0
train,jcQi90n008o$_$18,vision,1.0
train,jgNu58Da9cs$_$2,text,1.0
train,jgNu58Da9cs$_$2,audio,1.0
train,jgNu58Da9cs$_$2,vision,1.0
train,jgNu58Da9cs$_$6,text,1.0
train,jgNu58Da9cs$_$6,audio,1.0
train,jgNu58Da9cs$_$6,vision,1.0
train,jjb1cWmkhI8$_$2,text,1.0
train,jjb1cWmkhI8$_$2,audio,1.0
train,jjb1cWmkhI8$_$2,vision,1.0
train,jjbOD6u7V34$_$3,text,1.0
train,jjbOD6u7V34$_$3,audio,1.0
train,jjbOD6u7V34$_$3,vision,0.6739130434782609
train,jlCFLG6rKKY$_$2,text,1.0
train,jlCFLG6rKKY$_$2,audio,1.0
train,jlCFLG6rKKY$_$2,vision,1.0
train,jnG9zog4NCs$_$2,text,1.0
train,jnG9zog4NCs$_$2,audio,1.0
train,jnG9zog4NCs$_$2,vision,1.0
train,jnG9zog4NCs$_$4,text,1.0
train,jnG9zog4NCs$_$4,audio,1.0
train,jnG9zog4NCs$_$4,vision,0.4
train,jqKzaEniiKo$_$13,text,1.0
train,jqKzaEniiKo$_$13,audio,1.0
train,jqKzaEniiKo$_$13,vision,0.0
train,jqKzaEniiKo$_$8,text,1.0
train,jqKzaEniiKo$_$8,audio,1.0
train,jqKzaEniiKo$_$8,vision,1.0
train,juI9KoLA87A$_$5,text,1.0
train,juI9KoLA87A$_$5,audio,1.0
train,juI9KoLA87A$_$5,vision,1.0
train,jzNIU-w0MVo$_$15,text,1.0
train,jzNIU-w0MVo$_$15,audio,1.0
train,jzNIU-w0MVo$_$15,vision,1.0
train,jzNIU-w0MVo$_$16,text,1.0
train,jzNIU-w0MVo$_$16,audio,1.0
train,jzNIU-w0MVo$_$16,vision,1.0
train,jzNIU-w0MVo$_$7,text,1.0
train,jzNIU-w0MVo$_$7,audio,1.0
train,jzNIU-w0MVo$_$7,vision,1.0
train,k1ca_xbhohk$_$13,text,1.0
train,k1ca_xbhohk$_$13,audio,1.0
train,k1ca_xbhohk$_$13,vision,1.0
train,k4T6GaDrcjs$_$2,text,1.0
train,k4T6GaDrcjs$_$2,audio,1.0
train,k4T6GaDrcjs$_$2,vision,0.5
train,k4T6GaDrcjs$_$4,text,1.0
train,k4T6GaDrcjs$_$4,audio,1.0
train,k4T6GaDrcjs$_$4,vision,1.0
train,k4T6GaDrcjs$_$7,text,1.0
train,k4T6GaDrcjs$_$7,audio,1.0
train,k4T6GaDrcjs$_$7,vision,0.14285714285714285
train,k4T6GaDrcjs$_$9,text,1.0
train,k4T6GaDrcjs$_$9,audio,1.0
train,k4T6GaDrcjs$_$9,vision,0.11764705882352941
train,k5-3KuvCFms$_$0,text,1.0
train,k5-3KuvCFms$_$0,audio,1.0
train,k5-3KuvCFms$_$0,vision,1.0
train,k8NgVOCDYKM$_$10,text,1.0
train,k8NgVOCDYKM$_$10,audio,1.0
train,k8NgVOCDYKM$_$10,vision,1.0
train,k8NgVOCDYKM$_$19,text,1.0
train,k8NgVOCDYKM$_$19,audio,1.0
train,k8NgVOCDYKM$_$19,vision,1.0
train,k8NgVOCDYKM$_$2,text,1.0
train,k8NgVOCDYKM$_$2,audio,1.0
train,k8NgVOCDYKM$_$2,vision,1.0
train,kCQqLNiO0mk$_$11,text,1.0
train,kCQqLNiO0mk$_$11,audio,1.0
train,kCQqLNiO0mk$_$11,vision,1.0
train,kCQqLNiO0mk$_$12,text,1.0
train,kCQqLNiO0mk$_$12,audio,1.0
train,kCQqLNiO0mk$_$12,vision,1.0
train,kCQqLNiO0mk$_$15,text,1.0
train,kCQqLNiO0mk$_$15,audio,1.0
train,kCQqLNiO0mk$_$15,vision,1.0
train,kCQqLNiO0mk$_$17,text,1.0
train,kCQqLNiO0mk$_$17,audio,1.0
train,kCQqLNiO0mk$_$17,vision,1.0
train,kCQqLNiO0mk$_$6,text,1.0
train,kCQqLNiO0mk$_$6,audio,1.0
train,kCQqLNiO0mk$_$6,vision,1.0
train,kCQqLNiO0mk$_$8,text,1.0
train,kCQqLNiO0mk$_$8,audio,1.0
train,kCQqLNiO0mk$_$8,vision,1.0
train,kKMfsWrigTE$_$1,text,1.0
train,kKMfsWrigTE$_$1,audio,1.0
train,kKMfsWrigTE$_$1,vision,1.0
train,kKkZihSbxF4$_$2,text,1.0
train,kKkZihSbxF4$_$2,audio,1.0
train,kKkZihSbxF4$_$2,vision,0.72
train,kPn-t6NSxfQ$_$11,text,1.0
train,kPn-t6NSxfQ$_$11,audio,1.0
train,kPn-t6NSxfQ$_$11,vision,1.0
train,kPn-t6NSxfQ$_$14,text,1.0
train,kPn-t6NSxfQ$_$14,audio,1.0
train,kPn-t6NSxfQ$_$14,vision,1.0
train,kPn-t6NSxfQ$_$0,text,1.0
train,kPn-t6NSxfQ$_$0,audio,1.0
train,kPn-t6NSxfQ$_$0,vision,1.0
train,kPn-t6NSxfQ$_$4,text,1.0
train,kPn-t6NSxfQ$_$4,audio,1.0
train,kPn-t6NSxfQ$_$4,vision,1.0
train,kRs39SO-neY$_$17,text,1.0
train,kRs39SO-neY$_$17,audio,1.0
train,kRs39SO-neY$_$17,vision,1.0
train,kU6YY2z7z0I$_$10,text,1.0
train,kU6YY2z7z0I$_$10,audio,1.0
train,kU6YY2z7z0I$_$10,vision,1.0
train,kU6YY2z7z0I$_$5,text,1.0
train,kU6YY2z7z0I$_$5,audio,1.0
train,kU6YY2z7z0I$_$5,vision,1.0
train,kU6YY2z7z0I$_$4,text,1.0
train,kU6YY2z7z0I$_$4,audio,1.0
train,kU6YY2z7z0I$_$4,vision,1.0
train,kU6YY2z7z0I$_$9,text,1.0
train,kU6YY2z7z0I$_$9,audio,1.0
train,kU6YY2z7z0I$_$9,vision,1.0
train,kU6YY2z7z0I$_$8,text,1.0
train,kU6YY2z7z0I$_$8,audio,1.0
train,kU6YY2z7z0I$_$8,vision,1.0
train,kY64gXOapYk$_$0,text,1.0
train,kY64gXOapYk$_$0,audio,1.0
train,kY64gXOapYk$_$0,vision,1.0
train,kZfcQ4a0kx4$_$21,text,1.0
train,kZfcQ4a0kx4$_$21,audio,1.0
train,kZfcQ4a0kx4$_$21,vision,1.0
train,kZfcQ4a0kx4$_$0,text,1.0
train,kZfcQ4a0kx4$_$0,audio,1.0
train,kZfcQ4a0kx4$_$0,vision,1.0
train,kZfcQ4a0kx4$_$3,text,1.0
train,kZfcQ4a0kx4$_$3,audio,1.0
train,kZfcQ4a0kx4$_$3,vision,1.0
train,kZfcQ4a0kx4$_$8,text,1.0
train,kZfcQ4a0kx4$_$8,audio,1.0
train,kZfcQ4a0kx4$_$8,vision,1.0
train,kZfcQ4a0kx4$_$15,text,1.0
train,kZfcQ4a0kx4$_$15,audio,1.0
train,kZfcQ4a0kx4$_$15,vision,0.9090909090909091
train,kcIGTPHEsNo$_$20,text,1.0
train,kcIGTPHEsNo$_$20,audio,1.0
train,kcIGTPHEsNo$_$20,vision,0.8421052631578947
train,kcIGTPHEsNo$_$17,text,1.0
train,kcIGTPHEsNo$_$17,audio,1.0
train,kcIGTPHEsNo$_$17,vision,1.0
train,kcIGTPHEsNo$_$10,text,1.0
train,kcIGTPHEsNo$_$10,audio,1.0
train,kcIGTPHEsNo$_$10,vision,0.8846153846153846
train,kddCewAsxfA$_$5,text,1.0
train,kddCewAsxfA$_$5,audio,1.0
train,kddCewAsxfA$_$5,vision,1.0
train,kf3fZcx8nIo$_$2,text,1.0
train,kf3fZcx8nIo$_$2,audio,1.0
train,kf3fZcx8nIo$_$2,vision,1.0
train,kh6eynD9OIk$_$10,text,1.0
train,kh6eynD9OIk$_$10,audio,1.0
train,kh6eynD9OIk$_$10,vision,1.0
train,kh6eynD9OIk$_$5,text,1.0
train,kh6eynD9OIk$_$5,audio,1.0
train,kh6eynD9OIk$_$5,vision,0.75
train,kh6eynD9OIk$_$6,text,1.0
train,kh6eynD9OIk$_$6,audio,1.0
train,kh6eynD9OIk$_$6,vision,0.8888888888888888
train,kiR5zVo2zvU$_$24,text,1.0
train,kiR5zVo2zvU$_$24,audio,1.0
train,kiR5zVo2zvU$_$24,vision,1.0
train,kiR5zVo2zvU$_$14,text,1.0
train,kiR5zVo2zvU$_$14,audio,1.0
train,kiR5zVo2zvU$_$14,vision,1.0
train,kiR5zVo2zvU$_$17,text,1.0
train,kiR5zVo2zvU$_$17,audio,1.0
train,kiR5zVo2zvU$_$17,vision,1.0
train,kj63uF0RhW8$_$7,text,1.0
train,kj63uF0RhW8$_$7,audio,1.0
train,kj63uF0RhW8$_$7,vision,1.0
train,kjQAkrdbREk$_$1,text,1.0
train,kjQAkrdbREk$_$1,audio,1.0
train,kjQAkrdbREk$_$1,vision,1.0
train,kjQAkrdbREk$_$2,text,1.0
train,kjQAkrdbREk$_$2,audio,1.0
train,kjQAkrdbREk$_$2,vision,1.0
train,kqXpf26EL-s$_$11,text,1.0
train,kqXpf26EL-s$_$11,audio,1.0
train,kqXpf26EL-s$_$11,vision,0.2727272727272727
train,kqXpf26EL-s$_$3,text,1.0
train,kqXpf26EL-s$_$3,audio,1.0
train,kqXpf26EL-s$_$3,vision,1.0
train,kqXpf26EL-s$_$5,text,1.0
train,kqXpf26EL-s$_$5,audio,1.0
train,kqXpf26EL-s$_$5,vision,0.0
train,krHZuqfXrPU$_$22,text,1.0
train,krHZuqfXrPU$_$22,audio,1.0
train,krHZuqfXrPU$_$22,vision,1.0
train,krHZuqfXrPU$_$28,text,1.0
train,krHZuqfXrPU$_$28,audio,1.0
train,krHZuqfXrPU$_$28,vision,1.0
train,krHZuqfXrPU$_$11,text,1.0
train,krHZuqfXrPU$_$11,audio,1.0
train,krHZuqfXrPU$_$11,vision,1.0
train,krHZuqfXrPU$_$13,text,1.0
train,krHZuqfXrPU$_$13,audio,1.0
train,krHZuqfXrPU$_$13,vision,1.0
train,ku-dtUqCm2o$_$1,text,1.0
train,ku-dtUqCm2o$_$1,audio,1.0
train,ku-dtUqCm2o$_$1,vision,1.0
train,kuQWPuhnlHs$_$5,text,1.0
train,kuQWPuhnlHs$_$5,audio,1.0
train,kuQWPuhnlHs$_$5,vision,1.0
train,kuQWPuhnlHs$_$6,text,1.0
train,kuQWPuhnlHs$_$6,audio,1.0
train,kuQWPuhnlHs$_$6,vision,1.0
train,kwkhYpCHWPw$_$6,text,1.0
train,kwkhYpCHWPw$_$6,audio,1.0
train,kwkhYpCHWPw$_$6,vision,1.0
train,kx544gnOZB0$_$0,text,1.0
train,kx544gnOZB0$_$0,audio,1.0
train,kx544gnOZB0$_$0,vision,1.0
train,kxcCxbsKx3w$_$2,text,1.0
train,kxcCxbsKx3w$_$2,audio,1.0
train,kxcCxbsKx3w$_$2,vision,1.0
train,kxcCxbsKx3w$_$8,text,1.0
train,kxcCxbsKx3w$_$8,audio,1.0
train,kxcCxbsKx3w$_$8,vision,1.0
train,ky7Q5onqxGw$_$7,text,1.0
train,ky7Q5onqxGw$_$7,audio,1.0
train,ky7Q5onqxGw$_$7,vision,1.0
train,kyPepNmxaj8$_$2,text,1.0
train,kyPepNmxaj8$_$2,audio,1.0
train,kyPepNmxaj8$_$2,vision,1.0
train,kz7ahNfXFsk$_$9,text,1.0
train,kz7ahNfXFsk$_$9,audio,1.0
train,kz7ahNfXFsk$_$9,vision,1.0
train,kzmaKnujN64$_$1,text,1.0
train,kzmaKnujN64$_$1,audio,1.0
train,kzmaKnujN64$_$1,vision,1.0
train,kzmaKnujN64$_$6,text,1.0
train,kzmaKnujN64$_$6,audio,1.0
train,kzmaKnujN64$_$6,vision,1.0
train,l-nM_U1qpko$_$2,text,1.0
train,l-nM_U1qpko$_$2,audio,1.0
train,l-nM_U1qpko$_$2,vision,1.0
train,l-nM_U1qpko$_$5,text,1.0
train,l-nM_U1qpko$_$5,audio,1.0
train,l-nM_U1qpko$_$5,vision,1.0
train,l5_DDqck4Rs$_$0,text,1.0
train,l5_DDqck4Rs$_$0,audio,1.0
train,l5_DDqck4Rs$_$0,vision,1.0
train,l8LTcZJ-_8k$_$17,text,1.0
train,l8LTcZJ-_8k$_$17,audio,1.0
train,l8LTcZJ-_8k$_$17,vision,0.0
train,l8LTcZJ-_8k$_$19,text,1.0
train,l8LTcZJ-_8k$_$19,audio,1.0
train,l8LTcZJ-_8k$_$19,vision,1.0
train,lEsFI5YJGDo$_$5,text,1.0
train,lEsFI5YJGDo$_$5,audio,1.0
train,lEsFI5YJGDo$_$5,vision,1.0
train,lEsFI5YJGDo$_$7,text,1.0
train,lEsFI5YJGDo$_$7,audio,1.0
train,lEsFI5YJGDo$_$7,vision,0.9565217391304348
train,lEsFI5YJGDo$_$6,text,1.0
train,lEsFI5YJGDo$_$6,audio,1.0
train,lEsFI5YJGDo$_$6,vision,1.0
train,lTfsqoo-jKg$_$4,text,1.0
train,lTfsqoo-jKg$_$4,audio,1.0
train,lTfsqoo-jKg$_$4,vision,1.0
train,lTfsqoo-jKg$_$7,text,1.0
train,lTfsqoo-jKg$_$7,audio,1.0
train,lTfsqoo-jKg$_$7,vision,1.0
train,lUNNDDsm7R8$_$3,text,1.0
train,lUNNDDsm7R8$_$3,audio,1.0
train,lUNNDDsm7R8$_$3,vision,1.0
train,lWvaIexY2WU$_$0,text,1.0
train,lWvaIexY2WU$_$0,audio,1.0
train,lWvaIexY2WU$_$0,vision,1.0
train,laxadgca3Fo$_$0,text,1.0
train,laxadgca3Fo$_$0,audio,1.0
train,laxadgca3Fo$_$0,vision,1.0
train,lbx3eu8LUl8$_$4,text,1.0
train,lbx3eu8LUl8$_$4,audio,1.0
train,lbx3eu8LUl8$_$4,vision,1.0
train,ll10nEjTvGE$_$9,text,1.0
train,ll10nEjTvGE$_$9,audio,1.0
train,ll10nEjTvGE$_$9,vision,1.0
train,ll10nEjTvGE$_$8,text,1.0
train,ll10nEjTvGE$_$8,audio,1.0
train,ll10nEjTvGE$_$8,vision,1.0
train,lp9vkkimXqg$_$12,text,1.0
train,lp9vkkimXqg$_$12,audio,1.0
train,lp9vkkimXqg$_$12,vision,1.0
train,lp9vkkimXqg$_$15,text,1.0
train,lp9vkkimXqg$_$15,audio,1.0
train,lp9vkkimXqg$_$15,vision,1.0
train,lp9vkkimXqg$_$6,text,1.0
train,lp9vkkimXqg$_$6,audio,1.0
train,lp9vkkimXqg$_$6,vision,1.0
train,lpF-yBYou0s$_$5,text,1.0
train,lpF-yBYou0s$_$5,audio,1.0
train,lpF-yBYou0s$_$5,vision,1.0
train,lpF-yBYou0s$_$6,text,1.0
train,lpF-yBYou0s$_$6,audio,1.0
train,lpF-yBYou0s$_$6,vision,1.0
train,luQfWSfb1s0$_$13,text,1.0
train,luQfWSfb1s0$_$13,audio,1.0
train,luQfWSfb1s0$_$13,vision,1.0
train,luQfWSfb1s0$_$16,text,1.0
train,luQfWSfb1s0$_$16,audio,1.0
train,luQfWSfb1s0$_$16,vision,1.0
train,luQfWSfb1s0$_$4,text,1.0
train,luQfWSfb1s0$_$4,audio,1.0
train,luQfWSfb1s0$_$4,vision,0.0
train,luQfWSfb1s0$_$6,text,1.0
train,luQfWSfb1s0$_$6,audio,1.0
train,luQfWSfb1s0$_$6,vision,1.0
train,lzVA--tIse0$_$0,text,1.0
train,lzVA--tIse0$_$0,audio,1.0
train,lzVA--tIse0$_$0,vision,0.7058823529411765
train,lzyVWNrkgbQ$_$9,text,1.0
train,lzyVWNrkgbQ$_$9,audio,1.0
train,lzyVWNrkgbQ$_$9,vision,1.0
train,m7SJs73SF8w$_$4,text,1.0
train,m7SJs73SF8w$_$4,audio,1.0
train,m7SJs73SF8w$_$4,vision,0.4
train,m8tzdtrgFUA$_$12,text,1.0
train,m8tzdtrgFUA$_$12,audio,1.0
train,m8tzdtrgFUA$_$12,vision,1.0
train,m8tzdtrgFUA$_$0,text,1.0
train,m8tzdtrgFUA$_$0,audio,1.0
train,m8tzdtrgFUA$_$0,vision,1.0
train,m8tzdtrgFUA$_$2,text,1.0
train,m8tzdtrgFUA$_$2,audio,1.0
train,m8tzdtrgFUA$_$2,vision,1.0
train,m8tzdtrgFUA$_$5,text,1.0
train,m8tzdtrgFUA$_$5,audio,1.0
train,m8tzdtrgFUA$_$5,vision,1.0
train,m8tzdtrgFUA$_$7,text,1.0
train,m8tzdtrgFUA$_$7,audio,1.0
train,m8tzdtrgFUA$_$7,vision,1.0
train,mHIvH6Nnrls$_$1,text,1.0
train,mHIvH6Nnrls$_$1,audio,1.0
train,mHIvH6Nnrls$_$1,vision,0.0
train,mI50zj8cTNw$_$1,text,1.0
train,mI50zj8cTNw$_$1,audio,1.0
train,mI50zj8cTNw$_$1,vision,1.0
train,mKP6TVuixWg$_$11,text,1.0
train,mKP6TVuixWg$_$11,audio,1.0
train,mKP6TVuixWg$_$11,vision,1.0
train,mKP6TVuixWg$_$18,text,1.0
train,mKP6TVuixWg$_$18,audio,1.0
train,mKP6TVuixWg$_$18,vision,1.0
train,mL2v-sODUZ8$_$11,text,1.0
train,mL2v-sODUZ8$_$11,audio,1.0
train,mL2v-sODUZ8$_$11,vision,1.0
train,mMeGgB9-hSE$_$10,text,1.0
train,mMeGgB9-hSE$_$10,audio,1.0
train,mMeGgB9-hSE$_$10,vision,1.0
train,mMeGgB9-hSE$_$13,text,1.0
train,mMeGgB9-hSE$_$13,audio,1.0
train,mMeGgB9-hSE$_$13,vision,1.0
train,mN1Z5xEOy10$_$4,text,1.0
train,mN1Z5xEOy10$_$4,audio,1.0
train,mN1Z5xEOy10$_$4,vision,0.375
train,mQTaEIrNxnQ$_$11,text,1.0
train,mQTaEIrNxnQ$_$11,audio,1.0
train,mQTaEIrNxnQ$_$11,vision,1.0
train,mRPIse3OO74$_$1,text,1.0
train,mRPIse3OO74$_$1,audio,1.0
train,mRPIse3OO74$_$1,vision,1.0
train,mRnEJOLkhp8$_$2,text,1.0
train,mRnEJOLkhp8$_$2,audio,1.0
train,mRnEJOLkhp8$_$2,vision,1.0
train,mSWwz7dXUP8$_$6,text,1.0
train,mSWwz7dXUP8$_$6,audio,1.0
train,mSWwz7dXUP8$_$6,vision,1.0
train,mW8eL4e7Wrg$_$14,text,1.0
train,mW8eL4e7Wrg$_$14,audio,1.0
train,mW8eL4e7Wrg$_$14,vision,1.0
train,mW8eL4e7Wrg$_$3,text,1.0
train,mW8eL4e7Wrg$_$3,audio,1.0
train,mW8eL4e7Wrg$_$3,vision,1.0
train,mW8eL4e7Wrg$_$2,text,1.0
train,mW8eL4e7Wrg$_$2,audio,1.0
train,mW8eL4e7Wrg$_$2,vision,1.0
train,mW8eL4e7Wrg$_$6,text,1.0
train,mW8eL4e7Wrg$_$6,audio,1.0
train,mW8eL4e7Wrg$_$6,vision,1.0
train,mW8eL4e7Wrg$_$15,text,1.0
train,mW8eL4e7Wrg$_$15,audio,1.0
train,mW8eL4e7Wrg$_$15,vision,1.0
train,maO6KmmgcB8$_$4,text,1.0
train,maO6KmmgcB8$_$4,audio,1.0
train,maO6KmmgcB8$_$4,vision,1.0
train,mgovo8VYtvk$_$24,text,1.0
train,mgovo8VYtvk$_$24,audio,1.0
train,mgovo8VYtvk$_$24,vision,0.9791666666666666
train,mgovo8VYtvk$_$20,text,1.0
train,mgovo8VYtvk$_$20,audio,1.0
train,mgovo8VYtvk$_$20,vision,1.0
train,mgovo8VYtvk$_$22,text,1.0
train,mgovo8VYtvk$_$22,audio,1.0
train,mgovo8VYtvk$_$22,vision,0.5263157894736842
train,mgovo8VYtvk$_$23,text,1.0
train,mgovo8VYtvk$_$23,audio,1.0
train,mgovo8VYtvk$_$23,vision,0.5217391304347826
train,mgovo8VYtvk$_$29,text,1.0
train,mgovo8VYtvk$_$29,audio,1.0
train,mgovo8VYtvk$_$29,vision,1.0
train,mgovo8VYtvk$_$3,text,1.0
train,mgovo8VYtvk$_$3,audio,1.0
train,mgovo8VYtvk$_$3,vision,1.0
train,mgovo8VYtvk$_$8,text,1.0
train,mgovo8VYtvk$_$8,audio,1.0
train,mgovo8VYtvk$_$8,vision,1.0
train,mgovo8VYtvk$_$13,text,1.0
train,mgovo8VYtvk$_$13,audio,1.0
train,mgovo8VYtvk$_$13,vision,1.0
train,mgovo8VYtvk$_$12,text,1.0
train,mgovo8VYtvk$_$12,audio,1.0
train,mgovo8VYtvk$_$12,vision,1.0
train,mgovo8VYtvk$_$30,text,1.0
train,mgovo8VYtvk$_$30,audio,1.0
train,mgovo8VYtvk$_$30,vision,1.0
train,mgovo8VYtvk$_$37,text,1.0
train,mgovo8VYtvk$_$37,audio,1.0
train,mgovo8VYtvk$_$37,vision,1.0
train,mgovo8VYtvk$_$34,text,1.0
train,mgovo8VYtvk$_$34,audio,1.0
train,mgovo8VYtvk$_$34,vision,1.0
train,mgpoY1-110U$_$1,text,1.0
train,mgpoY1-110U$_$1,audio,1.0
train,mgpoY1-110U$_$1,vision,1.0
train,mgpoY1-110U$_$14,text,1.0
train,mgpoY1-110U$_$14,audio,1.0
train,mgpoY1-110U$_$14,vision,1.0
train,mkkoJ2iVbGs$_$0,text,1.0
train,mkkoJ2iVbGs$_$0,audio,1.0
train,mkkoJ2iVbGs$_$0,vision,1.0
train,mkkoJ2iVbGs$_$5,text,1.0
train,mkkoJ2iVbGs$_$5,audio,1.0
train,mkkoJ2iVbGs$_$5,vision,1.0
train,mkkoJ2iVbGs$_$4,text,1.0
train,mkkoJ2iVbGs$_$4,audio,1.0
train,mkkoJ2iVbGs$_$4,vision,1.0
train,mn8_HvzbN5c$_$5,text,1.0
train,mn8_HvzbN5c$_$5,audio,1.0
train,mn8_HvzbN5c$_$5,vision,1.0
train,mpfSRGHFY0g$_$3,text,1.0
train,mpfSRGHFY0g$_$3,audio,1.0
train,mpfSRGHFY0g$_$3,vision,1.0
train,mrQIrm6hYMQ$_$1,text,1.0
train,mrQIrm6hYMQ$_$1,audio,1.0
train,mrQIrm6hYMQ$_$1,vision,1.0
train,mrQIrm6hYMQ$_$2,text,1.0
train,mrQIrm6hYMQ$_$2,audio,1.0
train,mrQIrm6hYMQ$_$2,vision,1.0
train,muOYAxkG-Zo$_$15,text,1.0
train,muOYAxkG-Zo$_$15,audio,1.0
train,muOYAxkG-Zo$_$15,vision,1.0
train,muOYAxkG-Zo$_$6,text,1.0
train,muOYAxkG-Zo$_$6,audio,1.0
train,muOYAxkG-Zo$_$6,vision,1.0
train,mud6tEqFiEM$_$2,text,1.0
train,mud6tEqFiEM$_$2,audio,1.0
train,mud6tEqFiEM$_$2,vision,1.0
train,mud6tEqFiEM$_$5,text,1.0
train,mud6tEqFiEM$_$5,audio,1.0
train,mud6tEqFiEM$_$5,vision,1.0
train,mw_ZwML0SbY$_$0,text,1.0
train,mw_ZwML0SbY$_$0,audio,1.0
train,mw_ZwML0SbY$_$0,vision,1.0
train,mw_ZwML0SbY$_$2,text,1.0
train,mw_ZwML0SbY$_$2,audio,1.0
train,mw_ZwML0SbY$_$2,vision,1.0
train,mxFU6TrHChY$_$11,text,1.0
train,mxFU6TrHChY$_$11,audio,1.0
train,mxFU6TrHChY$_$11,vision,1.0
train,mxFU6TrHChY$_$0,text,1.0
train,mxFU6TrHChY$_$0,audio,1.0
train,mxFU6TrHChY$_$0,vision,1.0
train,mxFU6TrHChY$_$8,text,1.0
train,mxFU6TrHChY$_$8,audio,1.0
train,mxFU6TrHChY$_$8,vision,1.0
train,mxa4KXSz9rw$_$0,text,1.0
train,mxa4KXSz9rw$_$0,audio,1.0
train,mxa4KXSz9rw$_$0,vision,0.0
train,mxa4KXSz9rw$_$6,text,1.0
train,mxa4KXSz9rw$_$6,audio,1.0
train,mxa4KXSz9rw$_$6,vision,1.0
train,mzTHW2dtbs4$_$8,text,1.0
train,mzTHW2dtbs4$_$8,audio,1.0
train,mzTHW2dtbs4$_$8,vision,1.0
train,mziQcFSsdRI$_$4,text,1.0
train,mziQcFSsdRI$_$4,audio,1.0
train,mziQcFSsdRI$_$4,vision,1.0
train,n-sgVVTE9Io$_$0,text,1.0
train,n-sgVVTE9Io$_$0,audio,1.0
train,n-sgVVTE9Io$_$0,vision,1.0
train,n4xRx0J3rYQ$_$10,text,1.0
train,n4xRx0J3rYQ$_$10,audio,1.0
train,n4xRx0J3rYQ$_$10,vision,1.0
train,n4xRx0J3rYQ$_$0,text,1.0
train,n4xRx0J3rYQ$_$0,audio,1.0
train,n4xRx0J3rYQ$_$0,vision,0.0
train,n4xRx0J3rYQ$_$4,text,1.0
train,n4xRx0J3rYQ$_$4,audio,1.0
train,n4xRx0J3rYQ$_$4,vision,1.0
train,n5MU2-GFjo8$_$1,text,1.0
train,n5MU2-GFjo8$_$1,audio,1.0
train,n5MU2-GFjo8$_$1,vision,1.0
train,n7K5SpMrQt0$_$17,text,1.0
train,n7K5SpMrQt0$_$17,audio,1.0
train,n7K5SpMrQt0$_$17,vision,1.0
train,nD1R4UedEDo$_$10,text,1.0
train,nD1R4UedEDo$_$10,audio,1.0
train,nD1R4UedEDo$_$10,vision,1.0
train,nD1R4UedEDo$_$1,text,1.0
train,nD1R4UedEDo$_$1,audio,1.0
train,nD1R4UedEDo$_$1,vision,1.0
train,nD1R4UedEDo$_$2,text,1.0
train,nD1R4UedEDo$_$2,audio,1.0
train,nD1R4UedEDo$_$2,vision,1.0
train,nD1R4UedEDo$_$4,text,1.0
train,nD1R4UedEDo$_$4,audio,1.0
train,nD1R4UedEDo$_$4,vision,1.0
train,nDXKvarLEOM$_$3,text,1.0
train,nDXKvarLEOM$_$3,audio,1.0
train,nDXKvarLEOM$_$3,vision,1.0
train,nErOMpqvcRg$_$7,text,1.0
train,nErOMpqvcRg$_$7,audio,1.0
train,nErOMpqvcRg$_$7,vision,1.0
train,nHP7l5zAwGA$_$0,text,1.0
train,nHP7l5zAwGA$_$0,audio,1.0
train,nHP7l5zAwGA$_$0,vision,1.0
train,nHP7l5zAwGA$_$8,text,1.0
train,nHP7l5zAwGA$_$8,audio,1.0
train,nHP7l5zAwGA$_$8,vision,1.0
train,nISNBD3I95A$_$0,text,1.0
train,nISNBD3I95A$_$0,audio,1.0
train,nISNBD3I95A$_$0,vision,1.0
train,nKiC9sEP2vM$_$5,text,1.0
train,nKiC9sEP2vM$_$5,audio,1.0
train,nKiC9sEP2vM$_$5,vision,1.0
train,nM5S3xxNOlQ$_$10,text,1.0
train,nM5S3xxNOlQ$_$10,audio,1.0
train,nM5S3xxNOlQ$_$10,vision,1.0
train,nM5S3xxNOlQ$_$0,text,1.0
train,nM5S3xxNOlQ$_$0,audio,1.0
train,nM5S3xxNOlQ$_$0,vision,1.0
train,nM5S3xxNOlQ$_$3,text,1.0
train,nM5S3xxNOlQ$_$3,audio,1.0
train,nM5S3xxNOlQ$_$3,vision,1.0
train,nM5S3xxNOlQ$_$7,text,1.0
train,nM5S3xxNOlQ$_$7,audio,1.0
train,nM5S3xxNOlQ$_$7,vision,1.0
train,nM5S3xxNOlQ$_$9,text,1.0
train,nM5S3xxNOlQ$_$9,audio,1.0
train,nM5S3xxNOlQ$_$9,vision,1.0
train,nTBKtwqPIYw$_$7,text,1.0
train,nTBKtwqPIYw$_$7,audio,1.0
train,nTBKtwqPIYw$_$7,vision,1.0
train,ngp7s5Wvde0$_$11,text,1.0
train,ngp7s5Wvde0$_$11,audio,1.0
train,ngp7s5Wvde0$_$11,vision,1.0
train,ngp7s5Wvde0$_$3,text,1.0
train,ngp7s5Wvde0$_$3,audio,1.0
train,ngp7s5Wvde0$_$3,vision,1.0
train,ngp7s5Wvde0$_$8,text,1.0
train,ngp7s5Wvde0$_$8,audio,1.0
train,ngp7s5Wvde0$_$8,vision,1.0
train,npIVLL_fTf0$_$13,text,1.0
train,npIVLL_fTf0$_$13,audio,1.0
train,npIVLL_fTf0$_$13,vision,1.0
train,npIVLL_fTf0$_$12,text,1.0
train,npIVLL_fTf0$_$12,audio,1.0
train,npIVLL_fTf0$_$12,vision,1.0
train,npIVLL_fTf0$_$17,text,1.0
train,npIVLL_fTf0$_$17,audio,1.0
train,npIVLL_fTf0$_$17,vision,1.0
train,nsLACXjD4KU$_$3,text,1.0
train,nsLACXjD4KU$_$3,audio,1.0
train,nsLACXjD4KU$_$3,vision,0.2962962962962963
train,nsLACXjD4KU$_$2,text,1.0
train,nsLACXjD4KU$_$2,audio,1.0
train,nsLACXjD4KU$_$2,vision,1.0
train,nw6Kf3AtCz4$_$21,text,1.0
train,nw6Kf3AtCz4$_$21,audio,1.0
train,nw6Kf3AtCz4$_$21,vision,1.0
train,nw6Kf3AtCz4$_$23,text,1.0
train,nw6Kf3AtCz4$_$23,audio,1.0
train,nw6Kf3AtCz4$_$23,vision,1.0
train,nw6Kf3AtCz4$_$28,text,1.0
train,nw6Kf3AtCz4$_$28,audio,1.0
train,nw6Kf3AtCz4$_$28,vision,1.0
train,nw6Kf3AtCz4$_$4,text,1.0
train,nw6Kf3AtCz4$_$4,audio,1.0
train,nw6Kf3AtCz4$_$4,vision,1.0
train,nw6Kf3AtCz4$_$8,text,1.0
train,nw6Kf3AtCz4$_$8,audio,1.0
train,nw6Kf3AtCz4$_$8,vision,0.9230769230769231
train,nw6Kf3AtCz4$_$15,text,1.0
train,nw6Kf3AtCz4$_$15,audio,1.0
train,nw6Kf3AtCz4$_$15,vision,1.0
train,nw6Kf3AtCz4$_$18,text,1.0
train,nw6Kf3AtCz4$_$18,audio,1.0
train,nw6Kf3AtCz4$_$18,vision,1.0
train,nw6Kf3AtCz4$_$33,text,1.0
train,nw6Kf3AtCz4$_$33,audio,1.0
train,nw6Kf3AtCz4$_$33,vision,1.0
train,nz2vkMyqfeE$_$15,text,1.0
train,nz2vkMyqfeE$_$15,audio,1.0
train,nz2vkMyqfeE$_$15,vision,1.0
train,nz2vkMyqfeE$_$4,text,1.0
train,nz2vkMyqfeE$_$4,audio,1.0
train,nz2vkMyqfeE$_$4,vision,1.0
train,o2miCpS7Hwo$_$6,text,1.0
train,o2miCpS7Hwo$_$6,audio,1.0
train,o2miCpS7Hwo$_$6,vision,1.0
train,o4b7hjQwpv0$_$5,text,1.0
train,o4b7hjQwpv0$_$5,audio,1.0
train,o4b7hjQwpv0$_$5,vision,0.12
train,o4b7hjQwpv0$_$6,text,1.0
train,o4b7hjQwpv0$_$6,audio,1.0
train,o4b7hjQwpv0$_$6,vision,0.10526315789473684
train,o4b7hjQwpv0$_$8,text,1.0
train,o4b7hjQwpv0$_$8,audio,1.0
train,o4b7hjQwpv0$_$8,vision,1.0
train,o63doZKEIds$_$1,text,1.0
train,o63doZKEIds$_$1,audio,1.0
train,o63doZKEIds$_$1,vision,1.0
train,o63doZKEIds$_$3,text,1.0
train,o63doZKEIds$_$3,audio,1.0
train,o63doZKEIds$_$3,vision,1.0
train,o63doZKEIds$_$9,text,1.0
train,o63doZKEIds$_$9,audio,1.0
train,o63doZKEIds$_$9,vision,1.0
train,oANUXY3xXKM$_$2,text,1.0
train,oANUXY3xXKM$_$2,audio,1.0
train,oANUXY3xXKM$_$2,vision,1.0
train,oCsrnIomHos$_$11,text,1.0
train,oCsrnIomHos$_$11,audio,1.0
train,oCsrnIomHos$_$11,vision,1.0
train,oDznO5w3v0U$_$3,text,1.0
train,oDznO5w3v0U$_$3,audio,1.0
train,oDznO5w3v0U$_$3,vision,1.0
train,oDznO5w3v0U$_$6,text,1.0
train,oDznO5w3v0U$_$6,audio,1.0
train,oDznO5w3v0U$_$6,vision,1.0
train,oGnKsroR0R0$_$13,text,1.0
train,oGnKsroR0R0$_$13,audio,1.0
train,oGnKsroR0R0$_$13,vision,1.0
train,oGnKsroR0R0$_$14,text,1.0
train,oGnKsroR0R0$_$14,audio,1.0
train,oGnKsroR0R0$_$14,vision,1.0
train,oHV99Y_EWfI$_$12,text,1.0
train,oHV99Y_EWfI$_$12,audio,1.0
train,oHV99Y_EWfI$_$12,vision,1.0
train,oHV99Y_EWfI$_$19,text,1.0
train,oHV99Y_EWfI$_$19,audio,1.0
train,oHV99Y_EWfI$_$19,vision,1.0
train,oK951Y2N_k0$_$1,text,1.0
train,oK951Y2N_k0$_$1,audio,1.0
train,oK951Y2N_k0$_$1,vision,1.0
train,oNCvb0F-c88$_$6,text,1.0
train,oNCvb0F-c88$_$6,audio,1.0
train,oNCvb0F-c88$_$6,vision,1.0
train,oOhxCwkZsUI$_$0,text,1.0
train,oOhxCwkZsUI$_$0,audio,1.0
train,oOhxCwkZsUI$_$0,vision,1.0
train,oPvUDLhTrjI$_$11,text,1.0
train,oPvUDLhTrjI$_$11,audio,1.0
train,oPvUDLhTrjI$_$11,vision,1.0
train,oPvUDLhTrjI$_$13,text,1.0
train,oPvUDLhTrjI$_$13,audio,1.0
train,oPvUDLhTrjI$_$13,vision,1.0
train,oVqBUyKvgdU$_$7,text,1.0
train,oVqBUyKvgdU$_$7,audio,1.0
train,oVqBUyKvgdU$_$7,vision,0.9791666666666666
train,oW1OEsP7Dds$_$8,text,1.0
train,oW1OEsP7Dds$_$8,audio,1.0
train,oW1OEsP7Dds$_$8,vision,1.0
train,oW1OEsP7Dds$_$12,text,1.0
train,oW1OEsP7Dds$_$12,audio,1.0
train,oW1OEsP7Dds$_$12,vision,1.0
train,oWAyEzyp2xQ$_$15,text,1.0
train,oWAyEzyp2xQ$_$15,audio,1.0
train,oWAyEzyp2xQ$_$15,vision,1.0
train,obnOnuzb-Xw$_$1,text,1.0
train,obnOnuzb-Xw$_$1,audio,1.0
train,obnOnuzb-Xw$_$1,vision,1.0
train,ogGweZUAVtU$_$51,text,1.0
train,ogGweZUAVtU$_$51,audio,1.0
train,ogGweZUAVtU$_$51,vision,1.0
train,ogGweZUAVtU$_$20,text,1.0
train,ogGweZUAVtU$_$20,audio,1.0
train,ogGweZUAVtU$_$20,vision,1.0
train,ogGweZUAVtU$_$49,text,1.0
train,ogGweZUAVtU$_$49,audio,1.0
train,ogGweZUAVtU$_$49,vision,1.0
train,ogGweZUAVtU$_$46,text,1.0
train,ogGweZUAVtU$_$46,audio,1.0
train,ogGweZUAVtU$_$46,vision,1.0
train,ogGweZUAVtU$_$40,text,1.0
train,ogGweZUAVtU$_$40,audio,1.0
train,ogGweZUAVtU$_$40,vision,1.0
train,ogGweZUAVtU$_$7,text,1.0
train,ogGweZUAVtU$_$7,audio,1.0
train,ogGweZUAVtU$_$7,vision,1.0
train,ogGweZUAVtU$_$9,text,1.0
train,ogGweZUAVtU$_$9,audio,1.0
train,ogGweZUAVtU$_$9,vision,1.0
train,ogGweZUAVtU$_$38,text,1.0
train,ogGweZUAVtU$_$38,audio,1.0
train,ogGweZUAVtU$_$38,vision,1.0
train,ogGweZUAVtU$_$10,text,1.0
train,ogGweZUAVtU$_$10,audio,1.0
train,ogGweZUAVtU$_$10,vision,1.0
train,ogGweZUAVtU$_$17,text,1.0
train,ogGweZUAVtU$_$17,audio,1.0
train,ogGweZUAVtU$_$17,vision,1.0
train,ogGweZUAVtU$_$37,text,1.0
train,ogGweZUAVtU$_$37,audio,1.0
train,ogGweZUAVtU$_$37,vision,1.0
train,ogGweZUAVtU$_$36,text,1.0
train,ogGweZUAVtU$_$36,audio,1.0
train,ogGweZUAVtU$_$36,vision,1.0
train,ogGweZUAVtU$_$32,text,1.0
train,ogGweZUAVtU$_$32,audio,1.0
train,ogGweZUAVtU$_$32,vision,1.0
train,oj7A8mpuBeQ$_$11,text,1.0
train,oj7A8mpuBeQ$_$11,audio,1.0
train,oj7A8mpuBeQ$_$11,vision,1.0
train,oj7A8mpuBeQ$_$5,text,1.0
train,oj7A8mpuBeQ$_$5,audio,1.0
train,oj7A8mpuBeQ$_$5,vision,1.0
train,olcPEN9x5VY$_$2,text,1.0
train,olcPEN9x5VY$_$2,audio,1.0
train,olcPEN9x5VY$_$2,vision,1.0
train,olcPEN9x5VY$_$7,text,1.0
train,olcPEN9x5VY$_$7,audio,1.0
train,olcPEN9x5VY$_$7,vision,1.0
train,olcPEN9x5VY$_$9,text,1.0
train,olcPEN9x5VY$_$9,audio,1.0
train,olcPEN9x5VY$_$9,vision,1.0
train,olcPEN9x5VY$_$8,text,1.0
train,olcPEN9x5VY$_$8,audio,1.0
train,olcPEN9x5VY$_$8,vision,1.0
train,omBcvw7izuM$_$10,text,1.0
train,omBcvw7izuM$_$10,audio,1.0
train,omBcvw7izuM$_$10,vision,1.0
train,omBcvw7izuM$_$17,text,1.0
train,omBcvw7izuM$_$17,audio,1.0
train,omBcvw7izuM$_$17,vision,1.0
train,omBcvw7izuM$_$2,text,1.0
train,omBcvw7izuM$_$2,audio,1.0
train,omBcvw7izuM$_$2,vision,1.0
train,omBcvw7izuM$_$6,text,1.0
train,omBcvw7izuM$_$6,audio,1.0
train,omBcvw7izuM$_$6,vision,1.0
train,omHQ68k50XY$_$8,text,1.0
train,omHQ68k50XY$_$8,audio,1.0
train,omHQ68k50XY$_$8,vision,1.0
train,ouhCx4TgHlE$_$1,text,1.0
train,ouhCx4TgHlE$_$1,audio,1.0
train,ouhCx4TgHlE$_$1,vision,1.0
train,ouhCx4TgHlE$_$0,text,1.0
train,ouhCx4TgHlE$_$0,audio,1.0
train,ouhCx4TgHlE$_$0,vision,1.0
train,ouhCx4TgHlE$_$2,text,1.0
train,ouhCx4TgHlE$_$2,audio,1.0
train,ouhCx4TgHlE$_$2,vision,1.0
train,owT0_Xfu8a0$_$0,text,1.0
train,owT0_Xfu8a0$_$0,audio,1.0
train,owT0_Xfu8a0$_$0,vision,1.0
train,oyHKiX5YGDE$_$10,text,1.0
train,oyHKiX5YGDE$_$10,audio,1.0
train,oyHKiX5YGDE$_$10,vision,1.0
train,oyHKiX5YGDE$_$15,text,1.0
train,oyHKiX5YGDE$_$15,audio,1.0
train,oyHKiX5YGDE$_$15,vision,1.0
train,p18PVgfxook$_$3,text,1.0
train,p18PVgfxook$_$3,audio,1.0
train,p18PVgfxook$_$3,vision,1.0
train,p19Hsjx2xgI$_$8,text,1.0
train,p19Hsjx2xgI$_$8,audio,1.0
train,p19Hsjx2xgI$_$8,vision,1.0
train,p5LEk2u8tXk$_$13,text,1.0
train,p5LEk2u8tXk$_$13,audio,1.0
train,p5LEk2u8tXk$_$13,vision,1.0
train,p5LEk2u8tXk$_$4,text,1.0
train,p5LEk2u8tXk$_$4,audio,1.0
train,p5LEk2u8tXk$_$4,vision,1.0
train,pAclBdj20ZU$_$10,text,1.0
train,pAclBdj20ZU$_$10,audio,1.0
train,pAclBdj20ZU$_$10,vision,1.0
train,pAclBdj20ZU$_$0,text,1.0
train,pAclBdj20ZU$_$0,audio,1.0
train,pAclBdj20ZU$_$0,vision,1.0
train,pAclBdj20ZU$_$6,text,1.0
train,pAclBdj20ZU$_$6,audio,1.0
train,pAclBdj20ZU$_$6,vision,1.0
train,pAclBdj20ZU$_$8,text,1.0
train,pAclBdj20ZU$_$8,audio,1.0
train,pAclBdj20ZU$_$8,vision,1.0
train,pFh-SLxltms$_$14,text,1.0
train,pFh-SLxltms$_$14,audio,1.0
train,pFh-SLxltms$_$14,vision,1.0
train,pFh-SLxltms$_$23,text,1.0
train,pFh-SLxltms$_$23,audio,1.0
train,pFh-SLxltms$_$23,vision,1.0
train,pFh-SLxltms$_$16,text,1.0
train,pFh-SLxltms$_$16,audio,1.0
train,pFh-SLxltms$_$16,vision,1.0
train,pFh-SLxltms$_$1,text,1.0
train,pFh-SLxltms$_$1,audio,1.0
train,pFh-SLxltms$_$1,vision,1.0
train,pFh-SLxltms$_$9,text,1.0
train,pFh-SLxltms$_$9,audio,1.0
train,pFh-SLxltms$_$9,vision,1.0
train,pIMByitigYI$_$10,text,1.0
train,pIMByitigYI$_$10,audio,1.0
train,pIMByitigYI$_$10,vision,1.0
train,pU-MjERGTUk$_$6,text,1.0
train,pU-MjERGTUk$_$6,audio,1.0
train,pU-MjERGTUk$_$6,vision,0.5208333333333334
train,pVzHaakhKAw$_$0,text,1.0
train,pVzHaakhKAw$_$0,audio,1.0
train,pVzHaakhKAw$_$0,vision,0.7142857142857143
train,pVzHaakhKAw$_$5,text,1.0
train,pVzHaakhKAw$_$5,audio,1.0
train,pVzHaakhKAw$_$5,vision,0.9347826086956522
train,pbFwuNCQlH8$_$3,text,1.0
train,pbFwuNCQlH8$_$3,audio,1.0
train,pbFwuNCQlH8$_$3,vision,1.0
train,pbFwuNCQlH8$_$7,text,1.0
train,pbFwuNCQlH8$_$7,audio,1.0
train,pbFwuNCQlH8$_$7,vision,1.0
train,pf-78LF4ORE$_$22,text,1.0
train,pf-78LF4ORE$_$22,audio,1.0
train,pf-78LF4ORE$_$22,vision,1.0
train,pfCPogxnUfw$_$26,text,1.0
train,pfCPogxnUfw$_$26,audio,1.0
train,pfCPogxnUfw$_$26,vision,1.0
train,pfCPogxnUfw$_$8,text,1.0
train,pfCPogxnUfw$_$8,audio,1.0
train,pfCPogxnUfw$_$8,vision,1.0
train,pjWLxORDDP4$_$2,text,1.0
train,pjWLxORDDP4$_$2,audio,1.0
train,pjWLxORDDP4$_$2,vision,1.0
train,pqAGD3ijMPw$_$9,text,1.0
train,pqAGD3ijMPw$_$9,audio,1.0
train,pqAGD3ijMPw$_$9,vision,1.0
train,pu1C7tmYHxI$_$2,text,1.0
train,pu1C7tmYHxI$_$2,audio,1.0
train,pu1C7tmYHxI$_$2,vision,1.0
train,puum3vabpb4$_$15,text,1.0
train,puum3vabpb4$_$15,audio,1.0
train,puum3vabpb4$_$15,vision,1.0
train,pvlmYjQdRmA$_$0,text,1.0
train,pvlmYjQdRmA$_$0,audio,1.0
train,pvlmYjQdRmA$_$0,vision,1.0
train,pwj9YeMJC08$_$15,text,1.0
train,pwj9YeMJC08$_$15,audio,1.0
train,pwj9YeMJC08$_$15,vision,1.0
train,q-0gu48ClF4$_$2,text,1.0
train,q-0gu48ClF4$_$2,audio,1.0
train,q-0gu48ClF4$_$2,vision,1.0
train,q1_knonj0Lw$_$17,text,1.0
train,q1_knonj0Lw$_$17,audio,1.0
train,q1_knonj0Lw$_$17,vision,1.0
train,q1_knonj0Lw$_$16,text,1.0
train,q1_knonj0Lw$_$16,audio,1.0
train,q1_knonj0Lw$_$16,vision,1.0
train,q1_knonj0Lw$_$4,text,1.0
train,q1_knonj0Lw$_$4,audio,1.0
train,q1_knonj0Lw$_$4,vision,1.0
train,q1_knonj0Lw$_$7,text,1.0
train,q1_knonj0Lw$_$7,audio,1.0
train,q1_knonj0Lw$_$7,vision,1.0
train,q3QUybiOYeU$_$0,text,1.0
train,q3QUybiOYeU$_$0,audio,1.0
train,q3QUybiOYeU$_$0,vision,0.8571428571428571
train,q4hP2j7oewo$_$1,text,1.0
train,q4hP2j7oewo$_$1,audio,1.0
train,q4hP2j7oewo$_$1,vision,1.0
train,q7BxnIM2_z0$_$5,text,1.0
train,q7BxnIM2_z0$_$5,audio,1.0
train,q7BxnIM2_z0$_$5,vision,1.0
train,qEkFReBuwxc$_$20,text,1.0
train,qEkFReBuwxc$_$20,audio,1.0
train,qEkFReBuwxc$_$20,vision,1.0
train,qFppeQvdfxI$_$5,text,1.0
train,qFppeQvdfxI$_$5,audio,1.0
train,qFppeQvdfxI$_$5,vision,1.0
train,qFppeQvdfxI$_$7,text,1.0
train,qFppeQvdfxI$_$7,audio,1.0
train,qFppeQvdfxI$_$7,vision,1.0
train,qFppeQvdfxI$_$8,text,1.0
train,qFppeQvdfxI$_$8,audio,1.0
train,qFppeQvdfxI$_$8,vision,1.0
train,qJBQH14qtHc$_$26,text,1.0
train,qJBQH14qtHc$_$26,audio,1.0
train,qJBQH14qtHc$_$26,vision,1.0
train,qJZlp9uxoTU$_$10,text,1.0
train,qJZlp9uxoTU$_$10,audio,1.0
train,qJZlp9uxoTU$_$10,vision,1.0
train,qJZlp9uxoTU$_$17,text,1.0
train,qJZlp9uxoTU$_$17,audio,1.0
train,qJZlp9uxoTU$_$17,vision,1.0
train,qJZlp9uxoTU$_$18,text,1.0
train,qJZlp9uxoTU$_$18,audio,1.0
train,qJZlp9uxoTU$_$18,vision,1.0
train,qJh6x4wmmh8$_$0,text,1.0
train,qJh6x4wmmh8$_$0,audio,1.0
train,qJh6x4wmmh8$_$0,vision,1.0
train,qP4uuMI-JSk$_$3,text,1.0
train,qP4uuMI-JSk$_$3,audio,1.0
train,qP4uuMI-JSk$_$3,vision,1.0
train,qP4uuMI-JSk$_$4,text,1.0
train,qP4uuMI-JSk$_$4,audio,1.0
train,qP4uuMI-JSk$_$4,vision,1.0
train,qYJtbgLqizk$_$1,text,1.0
train,qYJtbgLqizk$_$1,audio,1.0
train,qYJtbgLqizk$_$1,vision,1.0
train,qd6YuFGcBGk$_$12,text,1.0
train,qd6YuFGcBGk$_$12,audio,1.0
train,qd6YuFGcBGk$_$12,vision,1.0
train,qd6YuFGcBGk$_$0,text,1.0
train,qd6YuFGcBGk$_$0,audio,1.0
train,qd6YuFGcBGk$_$0,vision,1.0
train,qjMyjLSORY4$_$20,text,1.0
train,qjMyjLSORY4$_$20,audio,1.0
train,qjMyjLSORY4$_$20,vision,1.0
train,qjMyjLSORY4$_$29,text,1.0
train,qjMyjLSORY4$_$29,audio,1.0
train,qjMyjLSORY4$_$29,vision,1.0
train,qjMyjLSORY4$_$1,text,1.0
train,qjMyjLSORY4$_$1,audio,1.0
train,qjMyjLSORY4$_$1,vision,1.0
train,qjMyjLSORY4$_$33,text,1.0
train,qjMyjLSORY4$_$33,audio,1.0
train,qjMyjLSORY4$_$33,vision,0.7894736842105263
train,qjMyjLSORY4$_$2,text,1.0
train,qjMyjLSORY4$_$2,audio,1.0
train,qjMyjLSORY4$_$2,vision,1.0
train,qjMyjLSORY4$_$5,text,1.0
train,qjMyjLSORY4$_$5,audio,1.0
train,qjMyjLSORY4$_$5,vision,1.0
train,qkWdc-E6jGI$_$21,text,1.0
train,qkWdc-E6jGI$_$21,audio,1.0
train,qkWdc-E6jGI$_$21,vision,1.0
train,qkWdc-E6jGI$_$6,text,1.0
train,qkWdc-E6jGI$_$6,audio,1.0
train,qkWdc-E6jGI$_$6,vision,1.0
train,qlDT-bmIzQI$_$4,text,1.0
train,qlDT-bmIzQI$_$4,audio,1.0
train,qlDT-bmIzQI$_$4,vision,1.0
train,qlDiE1d45Bc$_$5,text,1.0
train,qlDiE1d45Bc$_$5,audio,1.0
train,qlDiE1d45Bc$_$5,vision,1.0
train,qpht9L3s9G4$_$3,text,1.0
train,qpht9L3s9G4$_$3,audio,1.0
train,qpht9L3s9G4$_$3,vision,1.0
train,qrI7XCKRFNk$_$3,text,1.0
train,qrI7XCKRFNk$_$3,audio,1.0
train,qrI7XCKRFNk$_$3,vision,1.0
train,qrI7XCKRFNk$_$5,text,1.0
train,qrI7XCKRFNk$_$5,audio,1.0
train,qrI7XCKRFNk$_$5,vision,0.8947368421052632
train,qrI7XCKRFNk$_$4,text,1.0
train,qrI7XCKRFNk$_$4,audio,1.0
train,qrI7XCKRFNk$_$4,vision,0.8888888888888888
train,qszy_WSRFUM$_$10,text,1.0
train,qszy_WSRFUM$_$10,audio,1.0
train,qszy_WSRFUM$_$10,vision,1.0
train,qvIhzmujTi8$_$14,text,1.0
train,qvIhzmujTi8$_$14,audio,1.0
train,qvIhzmujTi8$_$14,vision,1.0
train,qyJiDgtj6YE$_$4,text,1.0
train,qyJiDgtj6YE$_$4,audio,1.0
train,qyJiDgtj6YE$_$4,vision,1.0
train,r1erb5PSm1A$_$2,text,1.0
train,r1erb5PSm1A$_$2,audio,1.0
train,r1erb5PSm1A$_$2,vision,1.0
train,r4ul1wl_1T8$_$9,text,1.0
train,r4ul1wl_1T8$_$9,audio,1.0
train,r4ul1wl_1T8$_$9,vision,1.0
train,r8OPmbZZlpE$_$3,text,1.0
train,r8OPmbZZlpE$_$3,audio,1.0
train,r8OPmbZZlpE$_$3,vision,1.0
train,r917wP1qsL4$_$6,text,1.0
train,r917wP1qsL4$_$6,audio,1.0
train,r917wP1qsL4$_$6,vision,1.0
train,rApOTQgFW6Y$_$6,text,1.0
train,rApOTQgFW6Y$_$6,audio,1.0
train,rApOTQgFW6Y$_$6,vision,1.0
train,rB6WmWvvyxg$_$1,text,1.0
train,rB6WmWvvyxg$_$1,audio,1.0
train,rB6WmWvvyxg$_$1,vision,1.0
train,rB6WmWvvyxg$_$3,text,1.0
train,rB6WmWvvyxg$_$3,audio,1.0
train,rB6WmWvvyxg$_$3,vision,0.7391304347826086
train,rB6WmWvvyxg$_$2,text,1.0
train,rB6WmWvvyxg$_$2,audio,1.0
train,rB6WmWvvyxg$_$2,vision,0.9090909090909091
train,rB6WmWvvyxg$_$8,text,1.0
train,rB6WmWvvyxg$_$8,audio,1.0
train,rB6WmWvvyxg$_$8,vision,0.6470588235294118
train,rBWeo_rEdcU$_$6,text,1.0
train,rBWeo_rEdcU$_$6,audio,1.0
train,rBWeo_rEdcU$_$6,vision,1.0
train,rBWeo_rEdcU$_$8,text,1.0
train,rBWeo_rEdcU$_$8,audio,1.0
train,rBWeo_rEdcU$_$8,vision,1.0
train,rC7qKZMKa0U$_$0,text,1.0
train,rC7qKZMKa0U$_$0,audio,1.0
train,rC7qKZMKa0U$_$0,vision,1.0
train,rCQYq4T8SEI$_$7,text,1.0
train,rCQYq4T8SEI$_$7,audio,1.0
train,rCQYq4T8SEI$_$7,vision,1.0
train,rCQYq4T8SEI$_$0,text,1.0
train,rCQYq4T8SEI$_$0,audio,1.0
train,rCQYq4T8SEI$_$0,vision,1.0
train,rEWQW_ibDwg$_$7,text,1.0
train,rEWQW_ibDwg$_$7,audio,1.0
train,rEWQW_ibDwg$_$7,vision,1.0
train,rFHIApgUtoI$_$1,text,1.0
train,rFHIApgUtoI$_$1,audio,1.0
train,rFHIApgUtoI$_$1,vision,1.0
train,rFHIApgUtoI$_$5,text,1.0
train,rFHIApgUtoI$_$5,audio,1.0
train,rFHIApgUtoI$_$5,vision,1.0
train,rLHJ_ebXCHQ$_$3,text,1.0
train,rLHJ_ebXCHQ$_$3,audio,1.0
train,rLHJ_ebXCHQ$_$3,vision,1.0
train,raQ9Pcgo-II$_$3,text,1.0
train,raQ9Pcgo-II$_$3,audio,1.0
train,raQ9Pcgo-II$_$3,vision,1.0
train,rexJoy4RMdY$_$4,text,1.0
train,rexJoy4RMdY$_$4,audio,1.0
train,rexJoy4RMdY$_$4,vision,1.0
train,rsQRiALH5FU$_$11,text,1.0
train,rsQRiALH5FU$_$11,audio,1.0
train,rsQRiALH5FU$_$11,vision,1.0
train,rsQRiALH5FU$_$10,text,1.0
train,rsQRiALH5FU$_$10,audio,1.0
train,rsQRiALH5FU$_$10,vision,1.0
train,rsQRiALH5FU$_$4,text,1.0
train,rsQRiALH5FU$_$4,audio,1.0
train,rsQRiALH5FU$_$4,vision,1.0
train,rvQ2cRnroOU$_$20,text,1.0
train,rvQ2cRnroOU$_$20,audio,1.0
train,rvQ2cRnroOU$_$20,vision,1.0
train,rvQ2cRnroOU$_$2,text,1.0
train,rvQ2cRnroOU$_$2,audio,1.0
train,rvQ2cRnroOU$_$2,vision,1.0
train,rvQ2cRnroOU$_$9,text,1.0
train,rvQ2cRnroOU$_$9,audio,1.0
train,rvQ2cRnroOU$_$9,vision,1.0
train,rwe-hBNpzH8$_$1,text,1.0
train,rwe-hBNpzH8$_$1,audio,1.0
train,rwe-hBNpzH8$_$1,vision,1.0
train,rz4Ax6xfZHQ$_$8,text,1.0
train,rz4Ax6xfZHQ$_$8,audio,1.0
train,rz4Ax6xfZHQ$_$8,vision,1.0
train,s1Yo_MCiMPc$_$12,text,1.0
train,s1Yo_MCiMPc$_$12,audio,1.0
train,s1Yo_MCiMPc$_$12,vision,1.0
train,s1Yo_MCiMPc$_$5,text,1.0
train,s1Yo_MCiMPc$_$5,audio,1.0
train,s1Yo_MCiMPc$_$5,vision,1.0
train,s53UAEi7JEY$_$9,text,1.0
train,s53UAEi7JEY$_$9,audio,1.0
train,s53UAEi7JEY$_$9,vision,1.0
train,sC1NvtirijU$_$22,text,1.0
train,sC1NvtirijU$_$22,audio,1.0
train,sC1NvtirijU$_$22,vision,1.0
train,sC1NvtirijU$_$3,text,1.0
train,sC1NvtirijU$_$3,audio,1.0
train,sC1NvtirijU$_$3,vision,1.0
train,sC1NvtirijU$_$16,text,1.0
train,sC1NvtirijU$_$16,audio,1.0
train,sC1NvtirijU$_$16,vision,1.0
train,sC1NvtirijU$_$19,text,1.0
train,sC1NvtirijU$_$19,audio,1.0
train,sC1NvtirijU$_$19,vision,1.0
train,sFLTjqVS7AE$_$0,text,1.0
train,sFLTjqVS7AE$_$0,audio,1.0
train,sFLTjqVS7AE$_$0,vision,0.0
train,sFLTjqVS7AE$_$5,text,1.0
train,sFLTjqVS7AE$_$5,audio,1.0
train,sFLTjqVS7AE$_$5,vision,1.0
train,sFxUNO2HOKY$_$5,text,1.0
train,sFxUNO2HOKY$_$5,audio,1.0
train,sFxUNO2HOKY$_$5,vision,1.0
train,sIGAq2J4KKI$_$1,text,1.0
train,sIGAq2J4KKI$_$1,audio,1.0
train,sIGAq2J4KKI$_$1,vision,1.0
train,sKwPCpFtUUI$_$6,text,1.0
train,sKwPCpFtUUI$_$6,audio,1.0
train,sKwPCpFtUUI$_$6,vision,1.0
train,sLaTZtL0ZIk$_$5,text,1.0
train,sLaTZtL0ZIk$_$5,audio,1.0
train,sLaTZtL0ZIk$_$5,vision,1.0
train,sMnbpyFqrlE$_$15,text,1.0
train,sMnbpyFqrlE$_$15,audio,1.0
train,sMnbpyFqrlE$_$15,vision,1.0
train,sMnbpyFqrlE$_$0,text,1.0
train,sMnbpyFqrlE$_$0,audio,1.0
train,sMnbpyFqrlE$_$0,vision,1.0
train,sPxoGNvnVzg$_$5,text,1.0
train,sPxoGNvnVzg$_$5,audio,1.0
train,sPxoGNvnVzg$_$5,vision,1.0
train,sPxoGNvnVzg$_$7,text,1.0
train,sPxoGNvnVzg$_$7,audio,1.0
train,sPxoGNvnVzg$_$7,vision,0.0
train,sWsDAG6x9n0$_$3,text,1.0
train,sWsDAG6x9n0$_$3,audio,1.0
train,sWsDAG6x9n0$_$3,vision,1.0
train,skp_SpnIOCM$_$2,text,1.0
train,skp_SpnIOCM$_$2,audio,1.0
train,skp_SpnIOCM$_$2,vision,1.0
train,soqnBdPOwoo$_$4,text,1.0
train,soqnBdPOwoo$_$4,audio,1.0
train,soqnBdPOwoo$_$4,vision,1.0
train,srbrWyZRMCI$_$11,text,1.0
train,srbrWyZRMCI$_$11,audio,1.0
train,srbrWyZRMCI$_$11,vision,1.0
train,srbrWyZRMCI$_$1,text,1.0
train,srbrWyZRMCI$_$1,audio,1.0
train,srbrWyZRMCI$_$1,vision,1.0
train,srbrWyZRMCI$_$0,text,1.0
train,srbrWyZRMCI$_$0,audio,1.0
train,srbrWyZRMCI$_$0,vision,1.0
train,srbrWyZRMCI$_$5,text,1.0
train,srbrWyZRMCI$_$5,audio,1.0
train,srbrWyZRMCI$_$5,vision,1.0
train,srbrWyZRMCI$_$8,text,1.0
train,srbrWyZRMCI$_$8,audio,1.0
train,srbrWyZRMCI$_$8,vision,1.0
train,sw-smuVRByI$_$7,text,1.0
train,sw-smuVRByI$_$7,audio,1.0
train,sw-smuVRByI$_$7,vision,1.0
train,sw-smuVRByI$_$6,text,1.0
train,sw-smuVRByI$_$6,audio,1.0
train,sw-smuVRByI$_$6,vision,1.0
train,t0Wi5Nb6kbI$_$10,text,1.0
train,t0Wi5Nb6kbI$_$10,audio,1.0
train,t0Wi5Nb6kbI$_$10,vision,1.0
train,t4-ZulW5np4$_$1,text,1.0
train,t4-ZulW5np4$_$1,audio,1.0
train,t4-ZulW5np4$_$1,vision,1.0
train,t4-ZulW5np4$_$5,text,1.0
train,t4-ZulW5np4$_$5,audio,1.0
train,t4-ZulW5np4$_$5,vision,1.0
train,t7a3zECpT4k$_$17,text,1.0
train,t7a3zECpT4k$_$17,audio,1.0
train,t7a3zECpT4k$_$17,vision,1.0
train,tL8RzwWSmAE$_$0,text,1.0
train,tL8RzwWSmAE$_$0,audio,1.0
train,tL8RzwWSmAE$_$0,vision,1.0
train,tL8RzwWSmAE$_$2,text,1.0
train,tL8RzwWSmAE$_$2,audio,1.0
train,tL8RzwWSmAE$_$2,vision,1.0
train,tQk-eoA7JyE$_$5,text,1.0
train,tQk-eoA7JyE$_$5,audio,1.0
train,tQk-eoA7JyE$_$5,vision,1.0
train,tXxf6-CilNI$_$20,text,1.0
train,tXxf6-CilNI$_$20,audio,1.0
train,tXxf6-CilNI$_$20,vision,1.0
train,tXxf6-CilNI$_$21,text,1.0
train,tXxf6-CilNI$_$21,audio,1.0
train,tXxf6-CilNI$_$21,vision,1.0
train,tXxf6-CilNI$_$9,text,1.0
train,tXxf6-CilNI$_$9,audio,1.0
train,tXxf6-CilNI$_$9,vision,1.0
train,ta26Z2YEVMQ$_$0,text,1.0
train,ta26Z2YEVMQ$_$0,audio,1.0
train,ta26Z2YEVMQ$_$0,vision,1.0
train,ta26Z2YEVMQ$_$2,text,1.0
train,ta26Z2YEVMQ$_$2,audio,1.0
train,ta26Z2YEVMQ$_$2,vision,1.0
train,taCchyi5h68$_$3,text,1.0
train,taCchyi5h68$_$3,audio,1.0
train,taCchyi5h68$_$3,vision,1.0
train,taGs3-SMoYM$_$3,text,1.0
train,taGs3-SMoYM$_$3,audio,1.0
train,taGs3-SMoYM$_$3,vision,1.0
train,taGs3-SMoYM$_$4,text,1.0
train,taGs3-SMoYM$_$4,audio,1.0
train,taGs3-SMoYM$_$4,vision,1.0
train,tdIZZ9v0IGA$_$6,text,1.0
train,tdIZZ9v0IGA$_$6,audio,1.0
train,tdIZZ9v0IGA$_$6,vision,1.0
train,tdIZZ9v0IGA$_$8,text,1.0
train,tdIZZ9v0IGA$_$8,audio,1.0
train,tdIZZ9v0IGA$_$8,vision,1.0
train,tgrxA3CiBv0$_$7,text,1.0
train,tgrxA3CiBv0$_$7,audio,1.0
train,tgrxA3CiBv0$_$7,vision,0.9655172413793104
train,tgrxA3CiBv0$_$8,text,1.0
train,tgrxA3CiBv0$_$8,audio,1.0
train,tgrxA3CiBv0$_$8,vision,1.0
train,tv8IhQZQuJI$_$12,text,1.0
train,tv8IhQZQuJI$_$12,audio,1.0
train,tv8IhQZQuJI$_$12,vision,1.0
train,tv8IhQZQuJI$_$5,text,1.0
train,tv8IhQZQuJI$_$5,audio,1.0
train,tv8IhQZQuJI$_$5,vision,1.0
train,tvE_DucE0_k$_$7,text,1.0
train,tvE_DucE0_k$_$7,audio,1.0
train,tvE_DucE0_k$_$7,vision,1.0
train,tw2xFbfgV4U$_$18,text,1.0
train,tw2xFbfgV4U$_$18,audio,1.0
train,tw2xFbfgV4U$_$18,vision,1.0
train,tw2xFbfgV4U$_$3,text,1.0
train,tw2xFbfgV4U$_$3,audio,1.0
train,tw2xFbfgV4U$_$3,vision,1.0
train,tw2xFbfgV4U$_$2,text,1.0
train,tw2xFbfgV4U$_$2,audio,1.0
train,tw2xFbfgV4U$_$2,vision,1.0
train,tw2xFbfgV4U$_$6,text,1.0
train,tw2xFbfgV4U$_$6,audio,1.0
train,tw2xFbfgV4U$_$6,vision,1.0
train,txjqbr6FoZs$_$7,text,1.0
train,txjqbr6FoZs$_$7,audio,1.0
train,txjqbr6FoZs$_$7,vision,1.0
train,u94VPxEIJPg$_$3,text,1.0
train,u94VPxEIJPg$_$3,audio,1.0
train,u94VPxEIJPg$_$3,vision,0.0
train,uAExKaLeOl8$_$13,text,1.0
train,uAExKaLeOl8$_$13,audio,1.0
train,uAExKaLeOl8$_$13,vision,1.0
train,uAExKaLeOl8$_$9,text,1.0
train,uAExKaLeOl8$_$9,audio,1.0
train,uAExKaLeOl8$_$9,vision,1.0
train,uAExKaLeOl8$_$8,text,1.0
train,uAExKaLeOl8$_$8,audio,1.0
train,uAExKaLeOl8$_$8,vision,1.0
train,uBgRo9tnv-I$_$0,text,1.0
train,uBgRo9tnv-I$_$0,audio,1.0
train,uBgRo9tnv-I$_$0,vision,0.2222222222222222
train,uBgRo9tnv-I$_$6,text,1.0
train,uBgRo9tnv-I$_$6,audio,1.0
train,uBgRo9tnv-I$_$6,vision,0.037037037037037035
train,uTWeng4h5eM$_$8,text,1.0
train,uTWeng4h5eM$_$8,audio,1.0
train,uTWeng4h5eM$_$8,vision,1.0
train,uU_3tbZ1zG8$_$14,text,1.0
train,uU_3tbZ1zG8$_$14,audio,1.0
train,uU_3tbZ1zG8$_$14,vision,1.0
train,uU_3tbZ1zG8$_$23,text,1.0
train,uU_3tbZ1zG8$_$23,audio,1.0
train,uU_3tbZ1zG8$_$23,vision,1.0
train,uU_3tbZ1zG8$_$1,text,1.0
train,uU_3tbZ1zG8$_$1,audio,1.0
train,uU_3tbZ1zG8$_$1,vision,1.0
train,uU_3tbZ1zG8$_$21,text,1.0
train,uU_3tbZ1zG8$_$21,audio,1.0
train,uU_3tbZ1zG8$_$21,vision,1.0
train,uXYAfpQUYVE$_$22,text,1.0
train,uXYAfpQUYVE$_$22,audio,1.0
train,uXYAfpQUYVE$_$22,vision,1.0
train,uXYAfpQUYVE$_$5,text,1.0
train,uXYAfpQUYVE$_$5,audio,1.0
train,uXYAfpQUYVE$_$5,vision,1.0
train,uXYAfpQUYVE$_$4,text,1.0
train,uXYAfpQUYVE$_$4,audio,1.0
train,uXYAfpQUYVE$_$4,vision,1.0
train,uYzZB4ccG1Q$_$24,text,1.0
train,uYzZB4ccG1Q$_$24,audio,1.0
train,uYzZB4ccG1Q$_$24,vision,1.0
train,uYzZB4ccG1Q$_$27,text,1.0
train,uYzZB4ccG1Q$_$27,audio,1.0
train,uYzZB4ccG1Q$_$27,vision,1.0
train,uYzZB4ccG1Q$_$5,text,1.0
train,uYzZB4ccG1Q$_$5,audio,1.0
train,uYzZB4ccG1Q$_$5,vision,1.0
train,uYzZB4ccG1Q$_$10,text,1.0
train,uYzZB4ccG1Q$_$10,audio,1.0
train,uYzZB4ccG1Q$_$10,vision,1.0
train,uYzZB4ccG1Q$_$15,text,1.0
train,uYzZB4ccG1Q$_$15,audio,1.0
train,uYzZB4ccG1Q$_$15,vision,1.0
train,uYzZB4ccG1Q$_$19,text,1.0
train,uYzZB4ccG1Q$_$19,audio,1.0
train,uYzZB4ccG1Q$_$19,vision,1.0
train,uYzZB4ccG1Q$_$30,text,1.0
train,uYzZB4ccG1Q$_$30,audio,1.0
train,uYzZB4ccG1Q$_$30,vision,1.0
train,ueCWy7aTmyo$_$14,text,1.0
train,ueCWy7aTmyo$_$14,audio,1.0
train,ueCWy7aTmyo$_$14,vision,1.0
train,ueCWy7aTmyo$_$3,text,1.0
train,ueCWy7aTmyo$_$3,audio,1.0
train,ueCWy7aTmyo$_$3,vision,1.0
train,ueCWy7aTmyo$_$5,text,1.0
train,ueCWy7aTmyo$_$5,audio,1.0
train,ueCWy7aTmyo$_$5,vision,1.0
train,uxHBEfIhY-E$_$2,text,1.0
train,uxHBEfIhY-E$_$2,audio,1.0
train,uxHBEfIhY-E$_$2,vision,1.0
train,uy9MGhVqCp8$_$5,text,1.0
train,uy9MGhVqCp8$_$5,audio,1.0
train,uy9MGhVqCp8$_$5,vision,1.0
train,uyOrVTq8Tjk$_$3,text,1.0
train,uyOrVTq8Tjk$_$3,audio,1.0
train,uyOrVTq8Tjk$_$3,vision,1.0
train,v1GKBjohgHc$_$2,text,1.0
train,v1GKBjohgHc$_$2,audio,1.0
train,v1GKBjohgHc$_$2,vision,1.0
train,v2DFe9X-jCY$_$22,text,1.0
train,v2DFe9X-jCY$_$22,audio,1.0
train,v2DFe9X-jCY$_$22,vision,1.0
train,v3l56fl6aJM$_$4,text,1.0
train,v3l56fl6aJM$_$4,audio,1.0
train,v3l56fl6aJM$_$4,vision,1.0
train,v5AAvrZuR2U$_$6,text,1.0
train,v5AAvrZuR2U$_$6,audio,1.0
train,v5AAvrZuR2U$_$6,vision,1.0
train,vCWpKubBbcw$_$1,text,1.0
train,vCWpKubBbcw$_$1,audio,1.0
train,vCWpKubBbcw$_$1,vision,1.0
train,vM3YB7LmMq4$_$28,text,1.0
train,vM3YB7LmMq4$_$28,audio,1.0
train,vM3YB7LmMq4$_$28,vision,1.0
train,vM3YB7LmMq4$_$41,text,1.0
train,vM3YB7LmMq4$_$41,audio,1.0
train,vM3YB7LmMq4$_$41,vision,1.0
train,vM3YB7LmMq4$_$8,text,1.0
train,vM3YB7LmMq4$_$8,audio,1.0
train,vM3YB7LmMq4$_$8,vision,1.0
train,vM3YB7LmMq4$_$38,text,1.0
train,vM3YB7LmMq4$_$38,audio,1.0
train,vM3YB7LmMq4$_$38,vision,1.0
train,vM3YB7LmMq4$_$13,text,1.0
train,vM3YB7LmMq4$_$13,audio,1.0
train,vM3YB7LmMq4$_$13,vision,1.0
train,vM3YB7LmMq4$_$33,text,1.0
train,vM3YB7LmMq4$_$33,audio,1.0
train,vM3YB7LmMq4$_$33,vision,1.0
train,vM3YB7LmMq4$_$37,text,1.0
train,vM3YB7LmMq4$_$37,audio,1.0
train,vM3YB7LmMq4$_$37,vision,1.0
train,vM3YB7LmMq4$_$50,text,1.0
train,vM3YB7LmMq4$_$50,audio,1.0
train,vM3YB7LmMq4$_$50,vision,0.6
train,vM7m581tHn0$_$3,text,1.0
train,vM7m581tHn0$_$3,audio,1.0
train,vM7m581tHn0$_$3,vision,1.0
train,vM7m581tHn0$_$4,text,1.0
train,vM7m581tHn0$_$4,audio,1.0
train,vM7m581tHn0$_$4,vision,1.0
train,vM9AH4EqCaA$_$2,text,1.0
train,vM9AH4EqCaA$_$2,audio,1.0
train,vM9AH4EqCaA$_$2,vision,0.9032258064516129
train,vM9AH4EqCaA$_$6,text,1.0
train,vM9AH4EqCaA$_$6,audio,1.0
train,vM9AH4EqCaA$_$6,vision,1.0
train,vRhj2bLo1ho$_$5,text,1.0
train,vRhj2bLo1ho$_$5,audio,1.0
train,vRhj2bLo1ho$_$5,vision,1.0
train,vRhj2bLo1ho$_$8,text,1.0
train,vRhj2bLo1ho$_$8,audio,1.0
train,vRhj2bLo1ho$_$8,vision,1.0
train,vYOr36tdcpc$_$1,text,1.0
train,vYOr36tdcpc$_$1,audio,1.0
train,vYOr36tdcpc$_$1,vision,1.0
train,vYOr36tdcpc$_$0,text,1.0
train,vYOr36tdcpc$_$0,audio,1.0
train,vYOr36tdcpc$_$0,vision,1.0
train,vbVLgaP5IYU$_$0,text,1.0
train,vbVLgaP5IYU$_$0,audio,1.0
train,vbVLgaP5IYU$_$0,vision,1.0
train,vlnKSMw5v1o$_$6,text,1.0
train,vlnKSMw5v1o$_$6,audio,1.0
train,vlnKSMw5v1o$_$6,vision,0.6521739130434783
train,vop7tN_K64I$_$14,text,1.0
train,vop7tN_K64I$_$14,audio,1.0
train,vop7tN_K64I$_$14,vision,1.0
train,vop7tN_K64I$_$17,text,1.0
train,vop7tN_K64I$_$17,audio,1.0
train,vop7tN_K64I$_$17,vision,1.0
train,vop7tN_K64I$_$1,text,1.0
train,vop7tN_K64I$_$1,audio,1.0
train,vop7tN_K64I$_$1,vision,1.0
train,vttEPA6Xffk$_$2,text,1.0
train,vttEPA6Xffk$_$2,audio,1.0
train,vttEPA6Xffk$_$2,vision,1.0
train,vwUBtNvjrU4$_$26,text,1.0
train,vwUBtNvjrU4$_$26,audio,1.0
train,vwUBtNvjrU4$_$26,vision,1.0
train,vwUBtNvjrU4$_$16,text,1.0
train,vwUBtNvjrU4$_$16,audio,1.0
train,vwUBtNvjrU4$_$16,vision,1.0
train,vwUBtNvjrU4$_$23,text,1.0
train,vwUBtNvjrU4$_$23,audio,1.0
train,vwUBtNvjrU4$_$23,vision,1.0
train,vwUBtNvjrU4$_$25,text,1.0
train,vwUBtNvjrU4$_$25,audio,1.0
train,vwUBtNvjrU4$_$25,vision,1.0
train,w-PFjo89Dpw$_$14,text,1.0
train,w-PFjo89Dpw$_$14,audio,1.0
train,w-PFjo89Dpw$_$14,vision,1.0
train,w-PFjo89Dpw$_$2,text,1.0
train,w-PFjo89Dpw$_$2,audio,1.0
train,w-PFjo89Dpw$_$2,vision,1.0
train,w-PFjo89Dpw$_$7,text,1.0
train,w-PFjo89Dpw$_$7,audio,1.0
train,w-PFjo89Dpw$_$7,vision,1.0
train,w1MxXu5D7ho$_$0,text,1.0
train,w1MxXu5D7ho$_$0,audio,1.0
train,w1MxXu5D7ho$_$0,vision,1.0
train,wCtZdAdoIm8$_$0,text,1.0
train,wCtZdAdoIm8$_$0,audio,1.0
train,wCtZdAdoIm8$_$0,vision,1.0
train,wEs7pJH2mqQ$_$1,text,1.0
train,wEs7pJH2mqQ$_$1,audio,1.0
train,wEs7pJH2mqQ$_$1,vision,0.6923076923076923
train,wEs7pJH2mqQ$_$3,text,1.0
train,wEs7pJH2mqQ$_$3,audio,1.0
train,wEs7pJH2mqQ$_$3,vision,1.0
train,wEs7pJH2mqQ$_$7,text,1.0
train,wEs7pJH2mqQ$_$7,audio,1.0
train,wEs7pJH2mqQ$_$7,vision,0.29411764705882354
train,wHQYmMZzyJY$_$24,text,1.0
train,wHQYmMZzyJY$_$24,audio,1.0
train,wHQYmMZzyJY$_$24,vision,1.0
train,wHQYmMZzyJY$_$10,text,1.0
train,wHQYmMZzyJY$_$10,audio,1.0
train,wHQYmMZzyJY$_$10,vision,1.0
train,wHQYmMZzyJY$_$20,text,1.0
train,wHQYmMZzyJY$_$20,audio,1.0
train,wHQYmMZzyJY$_$20,vision,1.0
train,wHQYmMZzyJY$_$18,text,1.0
train,wHQYmMZzyJY$_$18,audio,1.0
train,wHQYmMZzyJY$_$18,vision,1.0
train,wI7DDCRh4Nw$_$1,text,1.0
train,wI7DDCRh4Nw$_$1,audio,1.0
train,wI7DDCRh4Nw$_$1,vision,1.0
train,wI7DDCRh4Nw$_$2,text,1.0
train,wI7DDCRh4Nw$_$2,audio,1.0
train,wI7DDCRh4Nw$_$2,vision,1.0
train,wLj_gnNON7A$_$10,text,1.0
train,wLj_gnNON7A$_$10,audio,1.0
train,wLj_gnNON7A$_$10,vision,1.0
train,wLj_gnNON7A$_$12,text,1.0
train,wLj_gnNON7A$_$12,audio,1.0
train,wLj_gnNON7A$_$12,vision,1.0
train,wLj_gnNON7A$_$14,text,1.0
train,wLj_gnNON7A$_$14,audio,1.0
train,wLj_gnNON7A$_$14,vision,1.0
train,wLj_gnNON7A$_$5,text,1.0
train,wLj_gnNON7A$_$5,audio,1.0
train,wLj_gnNON7A$_$5,vision,1.0
train,wLj_gnNON7A$_$4,text,1.0
train,wLj_gnNON7A$_$4,audio,1.0
train,wLj_gnNON7A$_$4,vision,1.0
train,wMggOhhVouA$_$6,text,1.0
train,wMggOhhVouA$_$6,audio,1.0
train,wMggOhhVouA$_$6,vision,1.0
train,wNx1ZnQ0MDQ$_$9,text,1.0
train,wNx1ZnQ0MDQ$_$9,audio,1.0
train,wNx1ZnQ0MDQ$_$9,vision,1.0
train,wNx1ZnQ0MDQ$_$8,text,1.0
train,wNx1ZnQ0MDQ$_$8,audio,1.0
train,wNx1ZnQ0MDQ$_$8,vision,1.0
train,wNx1ZnQ0MDQ$_$4,text,1.0
train,wNx1ZnQ0MDQ$_$4,audio,1.0
train,wNx1ZnQ0MDQ$_$4,vision,1.0
train,wOKWTFYYMuk$_$9,text,1.0
train,wOKWTFYYMuk$_$9,audio,1.0
train,wOKWTFYYMuk$_$9,vision,1.0
train,wOjnqud5GBA$_$4,text,1.0
train,wOjnqud5GBA$_$4,audio,1.0
train,wOjnqud5GBA$_$4,vision,1.0
train,wR3zalLV_6c$_$5,text,1.0
train,wR3zalLV_6c$_$5,audio,1.0
train,wR3zalLV_6c$_$5,vision,1.0
train,wR3zalLV_6c$_$14,text,1.0
train,wR3zalLV_6c$_$14,audio,1.0
train,wR3zalLV_6c$_$14,vision,1.0
train,wRKVNiABc0w$_$12,text,1.0
train,wRKVNiABc0w$_$12,audio,1.0
train,wRKVNiABc0w$_$12,vision,1.0
train,wRKVNiABc0w$_$14,text,1.0
train,wRKVNiABc0w$_$14,audio,1.0
train,wRKVNiABc0w$_$14,vision,1.0
train,wRKVNiABc0w$_$1,text,1.0
train,wRKVNiABc0w$_$1,audio,1.0
train,wRKVNiABc0w$_$1,vision,1.0
train,w_qYZSVx2dM$_$13,text,1.0
train,w_qYZSVx2dM$_$13,audio,1.0
train,w_qYZSVx2dM$_$13,vision,1.0
train,w_qYZSVx2dM$_$12,text,1.0
train,w_qYZSVx2dM$_$12,audio,1.0
train,w_qYZSVx2dM$_$12,vision,1.0
train,w_qYZSVx2dM$_$9,text,1.0
train,w_qYZSVx2dM$_$9,audio,1.0
train,w_qYZSVx2dM$_$9,vision,1.0
train,wb7CfuiIZFQ$_$5,text,1.0
train,wb7CfuiIZFQ$_$5,audio,1.0
train,wb7CfuiIZFQ$_$5,vision,1.0
train,wd-LTpCtAzw$_$14,text,1.0
train,wd-LTpCtAzw$_$14,audio,1.0
train,wd-LTpCtAzw$_$14,vision,0.75
train,wd-LTpCtAzw$_$1,text,1.0
train,wd-LTpCtAzw$_$1,audio,1.0
train,wd-LTpCtAzw$_$1,vision,1.0
train,wd-LTpCtAzw$_$9,text,1.0
train,wd-LTpCtAzw$_$9,audio,1.0
train,wd-LTpCtAzw$_$9,vision,1.0
train,wdU-0bttAkc$_$3,text,1.0
train,wdU-0bttAkc$_$3,audio,1.0
train,wdU-0bttAkc$_$3,vision,0.4722222222222222
train,werKCgZ5dFE$_$14,text,1.0
train,werKCgZ5dFE$_$14,audio,1.0
train,werKCgZ5dFE$_$14,vision,1.0
train,wfLrS6CdFs4$_$0,text,1.0
train,wfLrS6CdFs4$_$0,audio,1.0
train,wfLrS6CdFs4$_$0,vision,0.0
train,wgCSuviySwg$_$0,text,1.0
train,wgCSuviySwg$_$0,audio,1.0
train,wgCSuviySwg$_$0,vision,1.0
train,wj3ur4fsiN4$_$24,text,1.0
train,wj3ur4fsiN4$_$24,audio,1.0
train,wj3ur4fsiN4$_$24,vision,1.0
train,wj3ur4fsiN4$_$3,text,1.0
train,wj3ur4fsiN4$_$3,audio,1.0
train,wj3ur4fsiN4$_$3,vision,1.0
train,wj3ur4fsiN4$_$2,text,1.0
train,wj3ur4fsiN4$_$2,audio,1.0
train,wj3ur4fsiN4$_$2,vision,1.0
train,wj3ur4fsiN4$_$13,text,1.0
train,wj3ur4fsiN4$_$13,audio,1.0
train,wj3ur4fsiN4$_$13,vision,1.0
train,wj3ur4fsiN4$_$17,text,1.0
train,wj3ur4fsiN4$_$17,audio,1.0
train,wj3ur4fsiN4$_$17,vision,1.0
train,wrQVnClcNPM$_$11,text,1.0
train,wrQVnClcNPM$_$11,audio,1.0
train,wrQVnClcNPM$_$11,vision,1.0
train,wrQVnClcNPM$_$12,text,1.0
train,wrQVnClcNPM$_$12,audio,1.0
train,wrQVnClcNPM$_$12,vision,1.0
train,wrQVnClcNPM$_$16,text,1.0
train,wrQVnClcNPM$_$16,audio,1.0
train,wrQVnClcNPM$_$16,vision,1.0
train,wrQVnClcNPM$_$2,text,1.0
train,wrQVnClcNPM$_$2,audio,1.0
train,wrQVnClcNPM$_$2,vision,1.0
train,wrQVnClcNPM$_$5,text,1.0
train,wrQVnClcNPM$_$5,audio,1.0
train,wrQVnClcNPM$_$5,vision,1.0
train,wxxqXK9x-64$_$2,text,1.0
train,wxxqXK9x-64$_$2,audio,1.0
train,wxxqXK9x-64$_$2,vision,1.0
train,wz3nVBPVgIA$_$6,text,1.0
train,wz3nVBPVgIA$_$6,audio,1.0
train,wz3nVBPVgIA$_$6,vision,1.0
train,x92920ole0w$_$18,text,1.0
train,x92920ole0w$_$18,audio,1.0
train,x92920ole0w$_$18,vision,1.0
train,x9E8yaFCX0Y$_$5,text,1.0
train,x9E8yaFCX0Y$_$5,audio,1.0
train,x9E8yaFCX0Y$_$5,vision,1.0
train,x9E8yaFCX0Y$_$4,text,1.0
train,x9E8yaFCX0Y$_$4,audio,1.0
train,x9E8yaFCX0Y$_$4,vision,1.0
train,x9E8yaFCX0Y$_$7,text,1.0
train,x9E8yaFCX0Y$_$7,audio,1.0
train,x9E8yaFCX0Y$_$7,vision,1.0
train,xNYsfeSgDCQ$_$1,text,1.0
train,xNYsfeSgDCQ$_$1,audio,1.0
train,xNYsfeSgDCQ$_$1,vision,1.0
train,xNYsfeSgDCQ$_$4,text,1.0
train,xNYsfeSgDCQ$_$4,audio,1.0
train,xNYsfeSgDCQ$_$4,vision,1.0
train,xP81rX2ATLI$_$2,text,1.0
train,xP81rX2ATLI$_$2,audio,1.0
train,xP81rX2ATLI$_$2,vision,1.0
train,xP81rX2ATLI$_$6,text,1.0
train,xP81rX2ATLI$_$6,audio,1.0
train,xP81rX2ATLI$_$6,vision,1.0
train,xPhlDO-2Foc$_$2,text,1.0
train,xPhlDO-2Foc$_$2,audio,1.0
train,xPhlDO-2Foc$_$2,vision,1.0
train,xRJXYUZVdas$_$1,text,1.0
train,xRJXYUZVdas$_$1,audio,1.0
train,xRJXYUZVdas$_$1,vision,1.0
train,xTBBDx3DkXQ$_$10,text,1.0
train,xTBBDx3DkXQ$_$10,audio,1.0
train,xTBBDx3DkXQ$_$10,vision,1.0
train,xUz5cCA-oTo$_$14,text,1.0
train,xUz5cCA-oTo$_$14,audio,1.0
train,xUz5cCA-oTo$_$14,vision,1.0
train,xXIq7YPkdUQ$_$1,text,1.0
train,xXIq7YPkdUQ$_$1,audio,1.0
train,xXIq7YPkdUQ$_$1,vision,0.2647058823529412
train,xXIq7YPkdUQ$_$2,text,1.0
train,xXIq7YPkdUQ$_$2,audio,1.0
train,xXIq7YPkdUQ$_$2,vision,0.0
train,xXIq7YPkdUQ$_$4,text,1.0
train,xXIq7YPkdUQ$_$4,audio,1.0
train,xXIq7YPkdUQ$_$4,vision,0.0
train,xYtNgq9eTlg$_$6,text,1.0
train,xYtNgq9eTlg$_$6,audio,1.0
train,xYtNgq9eTlg$_$6,vision,1.0
train,xZ1FrxU6hcg$_$23,text,1.0
train,xZ1FrxU6hcg$_$23,audio,1.0
train,xZ1FrxU6hcg$_$23,vision,1.0
train,xZ1FrxU6hcg$_$6,text,1.0
train,xZ1FrxU6hcg$_$6,audio,1.0
train,xZ1FrxU6hcg$_$6,vision,1.0
train,xaSf1d13WoY$_$13,text,1.0
train,xaSf1d13WoY$_$13,audio,1.0
train,xaSf1d13WoY$_$13,vision,1.0
train,xaSf1d13WoY$_$1,text,1.0
train,xaSf1d13WoY$_$1,audio,1.0
train,xaSf1d13WoY$_$1,vision,1.0
train,xaSf1d13WoY$_$4,text,1.0
train,xaSf1d13WoY$_$4,audio,1.0
train,xaSf1d13WoY$_$4,vision,1.0
train,xbl7bU5PGBs$_$0,text,1.0
train,xbl7bU5PGBs$_$0,audio,1.0
train,xbl7bU5PGBs$_$0,vision,0.9130434782608695
train,xfP0bm6Z-7E$_$2,text,1.0
train,xfP0bm6Z-7E$_$2,audio,1.0
train,xfP0bm6Z-7E$_$2,vision,1.0
train,xge9aYTxxOA$_$0,text,1.0
train,xge9aYTxxOA$_$0,audio,1.0
train,xge9aYTxxOA$_$0,vision,1.0
train,xiRUWSUrGSg$_$0,text,1.0
train,xiRUWSUrGSg$_$0,audio,1.0
train,xiRUWSUrGSg$_$0,vision,1.0
train,xiRUWSUrGSg$_$4,text,1.0
train,xiRUWSUrGSg$_$4,audio,1.0
train,xiRUWSUrGSg$_$4,vision,1.0
train,xk4C4p5vHDk$_$12,text,1.0
train,xk4C4p5vHDk$_$12,audio,1.0
train,xk4C4p5vHDk$_$12,vision,1.0
train,xk4C4p5vHDk$_$1,text,1.0
train,xk4C4p5vHDk$_$1,audio,1.0
train,xk4C4p5vHDk$_$1,vision,1.0
train,xn9_4n4NpEw$_$10,text,1.0
train,xn9_4n4NpEw$_$10,audio,1.0
train,xn9_4n4NpEw$_$10,vision,1.0
train,xn9_4n4NpEw$_$5,text,1.0
train,xn9_4n4NpEw$_$5,audio,1.0
train,xn9_4n4NpEw$_$5,vision,1.0
train,xn9_4n4NpEw$_$7,text,1.0
train,xn9_4n4NpEw$_$7,audio,1.0
train,xn9_4n4NpEw$_$7,vision,1.0
train,xnNZyfhusAk$_$2,text,1.0
train,xnNZyfhusAk$_$2,audio,1.0
train,xnNZyfhusAk$_$2,vision,1.0
train,xomMHflvVDw$_$1,text,1.0
train,xomMHflvVDw$_$1,audio,1.0
train,xomMHflvVDw$_$1,vision,1.0
train,xomMHflvVDw$_$0,text,1.0
train,xomMHflvVDw$_$0,audio,1.0
train,xomMHflvVDw$_$0,vision,1.0
train,xomMHflvVDw$_$3,text,1.0
train,xomMHflvVDw$_$3,audio,1.0
train,xomMHflvVDw$_$3,vision,1.0
train,xomMHflvVDw$_$6,text,1.0
train,xomMHflvVDw$_$6,audio,1.0
train,xomMHflvVDw$_$6,vision,1.0
train,xu53lk4dhSc$_$13,text,1.0
train,xu53lk4dhSc$_$13,audio,1.0
train,xu53lk4dhSc$_$13,vision,1.0
train,xu53lk4dhSc$_$20,text,1.0
train,xu53lk4dhSc$_$20,audio,1.0
train,xu53lk4dhSc$_$20,vision,1.0
train,xu53lk4dhSc$_$14,text,1.0
train,xu53lk4dhSc$_$14,audio,1.0
train,xu53lk4dhSc$_$14,vision,1.0
train,xu53lk4dhSc$_$17,text,1.0
train,xu53lk4dhSc$_$17,audio,1.0
train,xu53lk4dhSc$_$17,vision,1.0
train,xu53lk4dhSc$_$9,text,1.0
train,xu53lk4dhSc$_$9,audio,1.0
train,xu53lk4dhSc$_$9,vision,1.0
train,xvnFF0FiyS4$_$6,text,1.0
train,xvnFF0FiyS4$_$6,audio,1.0
train,xvnFF0FiyS4$_$6,vision,1.0
train,xvnFF0FiyS4$_$8,text,1.0
train,xvnFF0FiyS4$_$8,audio,1.0
train,xvnFF0FiyS4$_$8,vision,1.0
train,xwNQ7QuXaps$_$5,text,1.0
train,xwNQ7QuXaps$_$5,audio,1.0
train,xwNQ7QuXaps$_$5,vision,1.0
train,xyOa9ivNrg4$_$0,text,1.0
train,xyOa9ivNrg4$_$0,audio,1.0
train,xyOa9ivNrg4$_$0,vision,1.0
train,y-nEcwAyQos$_$11,text,1.0
train,y-nEcwAyQos$_$11,audio,1.0
train,y-nEcwAyQos$_$11,vision,1.0
train,y-nEcwAyQos$_$4,text,1.0
train,y-nEcwAyQos$_$4,audio,1.0
train,y-nEcwAyQos$_$4,vision,1.0
train,yBGuxyO-ElM$_$2,text,1.0
train,yBGuxyO-ElM$_$2,audio,1.0
train,yBGuxyO-ElM$_$2,vision,1.0
train,yDIFWzOBjXc$_$22,text,1.0
train,yDIFWzOBjXc$_$22,audio,1.0
train,yDIFWzOBjXc$_$22,vision,1.0
train,yDIFWzOBjXc$_$23,text,1.0
train,yDIFWzOBjXc$_$23,audio,1.0
train,yDIFWzOBjXc$_$23,vision,1.0
train,yDIFWzOBjXc$_$40,text,1.0
train,yDIFWzOBjXc$_$40,audio,1.0
train,yDIFWzOBjXc$_$40,vision,1.0
train,yDIFWzOBjXc$_$13,text,1.0
train,yDIFWzOBjXc$_$13,audio,1.0
train,yDIFWzOBjXc$_$13,vision,1.0
train,yDIFWzOBjXc$_$15,text,1.0
train,yDIFWzOBjXc$_$15,audio,1.0
train,yDIFWzOBjXc$_$15,vision,1.0
train,yDIFWzOBjXc$_$19,text,1.0
train,yDIFWzOBjXc$_$19,audio,1.0
train,yDIFWzOBjXc$_$19,vision,1.0
train,yDIFWzOBjXc$_$30,text,1.0
train,yDIFWzOBjXc$_$30,audio,1.0
train,yDIFWzOBjXc$_$30,vision,1.0
train,yEtfjJOMMCs$_$21,text,1.0
train,yEtfjJOMMCs$_$21,audio,1.0
train,yEtfjJOMMCs$_$21,vision,1.0
train,yEtfjJOMMCs$_$3,text,1.0
train,yEtfjJOMMCs$_$3,audio,1.0
train,yEtfjJOMMCs$_$3,vision,1.0
train,yEtfjJOMMCs$_$4,text,1.0
train,yEtfjJOMMCs$_$4,audio,1.0
train,yEtfjJOMMCs$_$4,vision,1.0
train,yEtfjJOMMCs$_$7,text,1.0
train,yEtfjJOMMCs$_$7,audio,1.0
train,yEtfjJOMMCs$_$7,vision,0.8571428571428571
train,yEtfjJOMMCs$_$11,text,1.0
train,yEtfjJOMMCs$_$11,audio,1.0
train,yEtfjJOMMCs$_$11,vision,1.0
train,yEtfjJOMMCs$_$15,text,1.0
train,yEtfjJOMMCs$_$15,audio,1.0
train,yEtfjJOMMCs$_$15,vision,1.0
train,yEtfjJOMMCs$_$14,text,1.0
train,yEtfjJOMMCs$_$14,audio,1.0
train,yEtfjJOMMCs$_$14,vision,1.0
train,yHtR71rx16I$_$3,text,1.0
train,yHtR71rx16I$_$3,audio,1.0
train,yHtR71rx16I$_$3,vision,1.0
train,yKdIZR5xfcc$_$11,text,1.0
train,yKdIZR5xfcc$_$11,audio,1.0
train,yKdIZR5xfcc$_$11,vision,1.0
train,yKdIZR5xfcc$_$12,text,1.0
train,yKdIZR5xfcc$_$12,audio,1.0
train,yKdIZR5xfcc$_$12,vision,1.0
train,yKdIZR5xfcc$_$4,text,1.0
train,yKdIZR5xfcc$_$4,audio,1.0
train,yKdIZR5xfcc$_$4,vision,1.0
train,yKdIZR5xfcc$_$7,text,1.0
train,yKdIZR5xfcc$_$7,audio,1.0
train,yKdIZR5xfcc$_$7,vision,1.0
train,yKdIZR5xfcc$_$9,text,1.0
train,yKdIZR5xfcc$_$9,audio,1.0
train,yKdIZR5xfcc$_$9,vision,1.0
train,yKdIZR5xfcc$_$8,text,1.0
train,yKdIZR5xfcc$_$8,audio,1.0
train,yKdIZR5xfcc$_$8,vision,1.0
train,yOQHOiswVjc$_$13,text,1.0
train,yOQHOiswVjc$_$13,audio,1.0
train,yOQHOiswVjc$_$13,vision,1.0
train,yOQHOiswVjc$_$15,text,1.0
train,yOQHOiswVjc$_$15,audio,1.0
train,yOQHOiswVjc$_$15,vision,1.0
train,yOQHOiswVjc$_$1,text,1.0
train,yOQHOiswVjc$_$1,audio,1.0
train,yOQHOiswVjc$_$1,vision,1.0
train,ySfHPyaDbqY$_$7,text,1.0
train,ySfHPyaDbqY$_$7,audio,1.0
train,ySfHPyaDbqY$_$7,vision,1.0
train,ygb8Cfxghbs$_$15,text,1.0
train,ygb8Cfxghbs$_$15,audio,1.0
train,ygb8Cfxghbs$_$15,vision,1.0
train,ygb8Cfxghbs$_$14,text,1.0
train,ygb8Cfxghbs$_$14,audio,1.0
train,ygb8Cfxghbs$_$14,vision,1.0
train,ygb8Cfxghbs$_$0,text,1.0
train,ygb8Cfxghbs$_$0,audio,1.0
train,ygb8Cfxghbs$_$0,vision,1.0
train,ygb8Cfxghbs$_$7,text,1.0
train,ygb8Cfxghbs$_$7,audio,1.0
train,ygb8Cfxghbs$_$7,vision,1.0
train,ymPQOY2O_nw$_$0,text,1.0
train,ymPQOY2O_nw$_$0,audio,1.0
train,ymPQOY2O_nw$_$0,vision,1.0
train,yp6Gd2NPwOU$_$6,text,1.0
train,yp6Gd2NPwOU$_$6,audio,1.0
train,yp6Gd2NPwOU$_$6,vision,1.0
train,yp6Gd2NPwOU$_$9,text,1.0
train,yp6Gd2NPwOU$_$9,audio,1.0
train,yp6Gd2NPwOU$_$9,vision,1.0
train,yrIXBklJ5YQ$_$1,text,1.0
train,yrIXBklJ5YQ$_$1,audio,1.0
train,yrIXBklJ5YQ$_$1,vision,0.30434782608695654
train,yrIXBklJ5YQ$_$0,text,1.0
train,yrIXBklJ5YQ$_$0,audio,1.0
train,yrIXBklJ5YQ$_$0,vision,0.391304347826087
train,yrIXBklJ5YQ$_$3,text,1.0
train,yrIXBklJ5YQ$_$3,audio,1.0
train,yrIXBklJ5YQ$_$3,vision,1.0
train,yyToAEoUuek$_$3,text,1.0
train,yyToAEoUuek$_$3,audio,1.0
train,yyToAEoUuek$_$3,vision,1.0
train,z6E-ocntPo4$_$2,text,1.0
train,z6E-ocntPo4$_$2,audio,1.0
train,z6E-ocntPo4$_$2,vision,1.0
train,z6E-ocntPo4$_$4,text,1.0
train,z6E-ocntPo4$_$4,audio,1.0
train,z6E-ocntPo4$_$4,vision,1.0
train,z6E-ocntPo4$_$9,text,1.0
train,z6E-ocntPo4$_$9,audio,1.0
train,z6E-ocntPo4$_$9,vision,1.0
train,z6E-ocntPo4$_$8,text,1.0
train,z6E-ocntPo4$_$8,audio,1.0
train,z6E-ocntPo4$_$8,vision,1.0
train,z7FicxE_pMU$_$18,text,1.0
train,z7FicxE_pMU$_$18,audio,1.0
train,z7FicxE_pMU$_$18,vision,1.0
train,z7FicxE_pMU$_$7,text,1.0
train,z7FicxE_pMU$_$7,audio,1.0
train,z7FicxE_pMU$_$7,vision,1.0
train,z8bWG2z-bMM$_$1,text,1.0
train,z8bWG2z-bMM$_$1,audio,1.0
train,z8bWG2z-bMM$_$1,vision,1.0
train,z8bWG2z-bMM$_$5,text,1.0
train,z8bWG2z-bMM$_$5,audio,1.0
train,z8bWG2z-bMM$_$5,vision,1.0
train,zFTuwjr3xq0$_$4,text,1.0
train,zFTuwjr3xq0$_$4,audio,1.0
train,zFTuwjr3xq0$_$4,vision,0.3235294117647059
train,zFuRNvfC4So$_$14,text,1.0
train,zFuRNvfC4So$_$14,audio,1.0
train,zFuRNvfC4So$_$14,vision,1.0
train,zFuRNvfC4So$_$7,text,1.0
train,zFuRNvfC4So$_$7,audio,1.0
train,zFuRNvfC4So$_$7,vision,1.0
train,zJWmmDk9fCE$_$0,text,1.0
train,zJWmmDk9fCE$_$0,audio,1.0
train,zJWmmDk9fCE$_$0,vision,1.0
train,zJWmmDk9fCE$_$10,text,1.0
train,zJWmmDk9fCE$_$10,audio,1.0
train,zJWmmDk9fCE$_$10,vision,1.0
train,zOHZDq2BvGo$_$0,text,1.0
train,zOHZDq2BvGo$_$0,audio,1.0
train,zOHZDq2BvGo$_$0,vision,1.0
train,zPskvGHHQtE$_$0,text,1.0
train,zPskvGHHQtE$_$0,audio,1.0
train,zPskvGHHQtE$_$0,vision,0.5789473684210527
train,zR62DCEMWgs$_$0,text,1.0
train,zR62DCEMWgs$_$0,audio,1.0
train,zR62DCEMWgs$_$0,vision,0.9791666666666666
train,zU2_X9lIcUM$_$2,text,1.0
train,zU2_X9lIcUM$_$2,audio,1.0
train,zU2_X9lIcUM$_$2,vision,1.0
train,zU2_X9lIcUM$_$5,text,1.0
train,zU2_X9lIcUM$_$5,audio,1.0
train,zU2_X9lIcUM$_$5,vision,1.0
train,zU2_X9lIcUM$_$4,text,1.0
train,zU2_X9lIcUM$_$4,audio,1.0
train,zU2_X9lIcUM$_$4,vision,1.0
train,zaTyjiyrHnk$_$6,text,1.0
train,zaTyjiyrHnk$_$6,audio,1.0
train,zaTyjiyrHnk$_$6,vision,1.0
train,zeQKU2L173M$_$5,text,1.0
train,zeQKU2L173M$_$5,audio,1.0
train,zeQKU2L173M$_$5,vision,1.0
train,zeQKU2L173M$_$9,text,1.0
train,zeQKU2L173M$_$9,audio,1.0
train,zeQKU2L173M$_$9,vision,1.0
train,zg-ZIxVsBbQ$_$0,text,1.0
train,zg-ZIxVsBbQ$_$0,audio,1.0
train,zg-ZIxVsBbQ$_$0,vision,0.72
train,zj4PzGtFwJM$_$1,text,1.0
train,zj4PzGtFwJM$_$1,audio,1.0
train,zj4PzGtFwJM$_$1,vision,1.0
train,zqkawTdHN5s$_$1,text,1.0
train,zqkawTdHN5s$_$1,audio,1.0
train,zqkawTdHN5s$_$1,vision,1.0
train,zrFZAofNGi4$_$10,text,1.0
train,zrFZAofNGi4$_$10,audio,1.0
train,zrFZAofNGi4$_$10,vision,1.0
train,zwTrXwi54us$_$12,text,1.0
train,zwTrXwi54us$_$12,audio,1.0
train,zwTrXwi54us$_$12,vision,1.0
train,zwTrXwi54us$_$0,text,1.0
train,zwTrXwi54us$_$0,audio,1.0
train,zwTrXwi54us$_$0,vision,1.0
train,zwTrXwi54us$_$9,text,1.0
train,zwTrXwi54us$_$9,audio,1.0
train,zwTrXwi54us$_$9,vision,0.9583333333333334
valid,-UacrmKiTn4$_$7,text,1.0
valid,-UacrmKiTn4$_$7,audio,1.0
valid,-UacrmKiTn4$_$7,vision,1.0
valid,-qDkUB0GgYY$_$5,text,1.0
valid,-qDkUB0GgYY$_$5,audio,1.0
valid,-qDkUB0GgYY$_$5,vision,1.0
valid,0utROiKxejc$_$1,text,1.0
valid,0utROiKxejc$_$1,audio,1.0
valid,0utROiKxejc$_$1,vision,1.0
valid,0utROiKxejc$_$4,text,1.0
valid,0utROiKxejc$_$4,audio,1.0
valid,0utROiKxejc$_$4,vision,1.0
valid,0y022OlZ3W0$_$3,text,1.0
valid,0y022OlZ3W0$_$3,audio,1.0
valid,0y022OlZ3W0$_$3,vision,1.0
valid,0y022OlZ3W0$_$5,text,1.0
valid,0y022OlZ3W0$_$5,audio,1.0
valid,0y022OlZ3W0$_$5,vision,1.0
valid,0y022OlZ3W0$_$8,text,1.0
valid,0y022OlZ3W0$_$8,audio,1.0
valid,0y022OlZ3W0$_$8,vision,1.0
valid,101787$_$11,text,1.0
valid,101787$_$11,audio,1.0
valid,101787$_$11,vision,1.0
valid,101787$_$13,text,1.0
valid,101787$_$13,audio,1.0
valid,101787$_$13,vision,1.0
valid,101787$_$1,text,1.0
valid,101787$_$1,audio,1.0
valid,101787$_$1,vision,1.0
valid,101787$_$5,text,1.0
valid,101787$_$5,audio,1.0
valid,101787$_$5,vision,0.5882352941176471
valid,101787$_$7,text,1.0
valid,101787$_$7,audio,1.0
valid,101787$_$7,vision,1.0
valid,101787$_$9,text,1.0
valid,101787$_$9,audio,1.0
valid,101787$_$9,vision,1.0
valid,102408$_$2,text,1.0
valid,102408$_$2,audio,1.0
valid,102408$_$2,vision,1.0
valid,102408$_$5,text,1.0
valid,102408$_$5,audio,1.0
valid,102408$_$5,vision,1.0
valid,102408$_$9,text,1.0
valid,102408$_$9,audio,1.0
valid,102408$_$9,vision,1.0
valid,102858$_$20,text,1.0
valid,102858$_$20,audio,1.0
valid,102858$_$20,vision,1.0
valid,102858$_$21,text,1.0
valid,102858$_$21,audio,1.0
valid,102858$_$21,vision,1.0
valid,102858$_$1,text,1.0
valid,102858$_$1,audio,1.0
valid,102858$_$1,vision,1.0
valid,102858$_$0,text,1.0
valid,102858$_$0,audio,1.0
valid,102858$_$0,vision,1.0
valid,102858$_$4,text,1.0
valid,102858$_$4,audio,1.0
valid,102858$_$4,vision,1.0
valid,102858$_$6,text,1.0
valid,102858$_$6,audio,1.0
valid,102858$_$6,vision,1.0
valid,102858$_$10,text,1.0
valid,102858$_$10,audio,1.0
valid,102858$_$10,vision,1.0
valid,102858$_$17,text,1.0
valid,102858$_$17,audio,1.0
valid,102858$_$17,vision,1.0
valid,102858$_$19,text,1.0
valid,102858$_$19,audio,1.0
valid,102858$_$19,vision,1.0
valid,112433$_$10,text,1.0
valid,112433$_$10,audio,1.0
valid,112433$_$10,vision,1.0
valid,112433$_$3,text,1.0
valid,112433$_$3,audio,1.0
valid,112433$_$3,vision,1.0
valid,112433$_$7,text,1.0
valid,112433$_$7,audio,1.0
valid,112433$_$7,vision,1.0
valid,112433$_$6,text,1.0
valid,112433$_$6,audio,1.0
valid,112433$_$6,vision,1.0
valid,117tQqLjza4$_$6,text,1.0
valid,117tQqLjza4$_$6,audio,1.0
valid,117tQqLjza4$_$6,vision,1.0
valid,11j7EfglCAs$_$2,text,1.0
valid,11j7EfglCAs$_$2,audio,1.0
valid,11j7EfglCAs$_$2,vision,0.6666666666666666
valid,121128$_$10,text,1.0
valid,121128$_$10,audio,1.0
valid,121128$_$10,vision,1.0
valid,121128$_$1,text,1.0
valid,121128$_$1,audio,1.0
valid,121128$_$1,vision,1.0
valid,121128$_$0,text,1.0
valid,121128$_$0,audio,1.0
valid,121128$_$0,vision,1.0
valid,121128$_$5,text,1.0
valid,121128$_$5,audio,1.0
valid,121128$_$5,vision,1.0
valid,125344$_$0,text,1.0
valid,125344$_$0,audio,1.0
valid,125344$_$0,vision,0.2916666666666667
valid,125676$_$0,text,1.0
valid,125676$_$0,audio,1.0
valid,125676$_$0,vision,1.0
valid,125676$_$4,text,1.0
valid,125676$_$4,audio,1.0
valid,125676$_$4,vision,1.0
valid,128059$_$11,text,1.0
valid,128059$_$11,audio,1.0
valid,128059$_$11,vision,1.0
valid,128059$_$12,text,1.0
valid,128059$_$12,audio,1.0
valid,128059$_$12,vision,0.9375
valid,128059$_$2,text,1.0
valid,128059$_$2,audio,1.0
valid,128059$_$2,vision,1.0
valid,128059$_$7,text,1.0
valid,128059$_$7,audio,1.0
valid,128059$_$7,vision,1.0
valid,128059$_$6,text,1.0
valid,128059$_$6,audio,1.0
valid,128059$_$6,vision,1.0
valid,128059$_$9,text,1.0
valid,128059$_$9,audio,1.0
valid,128059$_$9,vision,1.0
valid,128763$_$12,text,1.0
valid,128763$_$12,audio,1.0
valid,128763$_$12,vision,1.0
valid,128763$_$3,text,1.0
valid,128763$_$3,audio,1.0
valid,128763$_$3,vision,1.0
valid,128763$_$2,text,1.0
valid,128763$_$2,audio,1.0
valid,128763$_$2,vision,1.0
valid,128763$_$5,text,1.0
valid,128763$_$5,audio,1.0
valid,128763$_$5,vision,1.0
valid,128763$_$7,text,1.0
valid,128763$_$7,audio,1.0
valid,128763$_$7,vision,1.0
valid,128763$_$8,text,1.0
valid,128763$_$8,audio,1.0
valid,128763$_$8,vision,1.0
valid,130456$_$11,text,1.0
valid,130456$_$11,audio,1.0
valid,130456$_$11,vision,1.0
valid,130456$_$3,text,1.0
valid,130456$_$3,audio,1.0
valid,130456$_$3,vision,0.7368421052631579
valid,130456$_$5,text,1.0
valid,130456$_$5,audio,1.0
valid,130456$_$5,vision,1.0
valid,130456$_$4,text,1.0
valid,130456$_$4,audio,1.0
valid,130456$_$4,vision,1.0
valid,130456$_$7,text,1.0
valid,130456$_$7,audio,1.0
valid,130456$_$7,vision,1.0
valid,130456$_$6,text,1.0
valid,130456$_$6,audio,1.0
valid,130456$_$6,vision,1.0
valid,188343$_$13,text,1.0
valid,188343$_$13,audio,1.0
valid,188343$_$13,vision,1.0
valid,188343$_$12,text,1.0
valid,188343$_$12,audio,1.0
valid,188343$_$12,vision,1.0
valid,188343$_$5,text,1.0
valid,188343$_$5,audio,1.0
valid,188343$_$5,vision,1.0
valid,188343$_$9,text,1.0
valid,188343$_$9,audio,1.0
valid,188343$_$9,vision,1.0
valid,188343$_$8,text,1.0
valid,188343$_$8,audio,1.0
valid,188343$_$8,vision,1.0
valid,1HK7Nea0PFo$_$1,text,1.0
valid,1HK7Nea0PFo$_$1,audio,1.0
valid,1HK7Nea0PFo$_$1,vision,1.0
valid,216097$_$1,text,1.0
valid,216097$_$1,audio,1.0
valid,216097$_$1,vision,0.3076923076923077
valid,216097$_$2,text,1.0
valid,216097$_$2,audio,1.0
valid,216097$_$2,vision,0.9166666666666666
valid,216097$_$5,text,1.0
valid,216097$_$5,audio,1.0
valid,216097$_$5,vision,0.84375
valid,216097$_$4,text,1.0
valid,216097$_$4,audio,1.0
valid,216097$_$4,vision,0.9130434782608695
valid,216097$_$7,text,1.0
valid,216097$_$7,audio,1.0
valid,216097$_$7,vision,0.9166666666666666
valid,216097$_$8,text,1.0
valid,216097$_$8,audio,1.0
valid,216097$_$8,vision,0.08333333333333333
valid,223431$_$11,text,1.0
valid,223431$_$11,audio,1.0
valid,223431$_$11,vision,1.0
valid,223431$_$10,text,1.0
valid,223431$_$10,audio,1.0
valid,223431$_$10,vision,1.0
valid,223431$_$13,text,1.0
valid,223431$_$13,audio,1.0
valid,223431$_$13,vision,1.0
valid,223431$_$0,text,1.0
valid,223431$_$0,audio,1.0
valid,223431$_$0,vision,1.0
valid,223431$_$5,text,1.0
valid,223431$_$5,audio,1.0
valid,223431$_$5,vision,1.0
valid,225770$_$3,text,1.0
valid,225770$_$3,audio,1.0
valid,225770$_$3,vision,1.0
valid,225770$_$5,text,1.0
valid,225770$_$5,audio,1.0
valid,225770$_$5,vision,1.0
valid,225770$_$4,text,1.0
valid,225770$_$4,audio,1.0
valid,225770$_$4,vision,1.0
valid,225770$_$6,text,1.0
valid,225770$_$6,audio,1.0
valid,225770$_$6,vision,1.0
valid,236021$_$12,text,1.0
valid,236021$_$12,audio,1.0
valid,236021$_$12,vision,1.0
valid,236021$_$1,text,1.0
valid,236021$_$1,audio,1.0
valid,236021$_$1,vision,1.0
valid,236021$_$3,text,1.0
valid,236021$_$3,audio,1.0
valid,236021$_$3,vision,1.0
valid,236021$_$2,text,1.0
valid,236021$_$2,audio,1.0
valid,236021$_$2,vision,1.0
valid,236021$_$5,text,1.0
valid,236021$_$5,audio,1.0
valid,236021$_$5,vision,1.0
valid,236021$_$4,text,1.0
valid,236021$_$4,audio,1.0
valid,236021$_$4,vision,1.0
valid,237009$_$11,text,1.0
valid,237009$_$11,audio,1.0
valid,237009$_$11,vision,1.0
valid,237009$_$12,text,1.0
valid,237009$_$12,audio,1.0
valid,237009$_$12,vision,1.0
valid,237009$_$4,text,1.0
valid,237009$_$4,audio,1.0
valid,237009$_$4,vision,0.42105263157894735
valid,237009$_$7,text,1.0
valid,237009$_$7,audio,1.0
valid,237009$_$7,vision,1.0
valid,237009$_$9,text,1.0
valid,237009$_$9,audio,1.0
valid,237009$_$9,vision,1.0
valid,241629$_$10,text,1.0
valid,241629$_$10,audio,1.0
valid,241629$_$10,vision,0.5
valid,241629$_$0,text,1.0
valid,241629$_$0,audio,1.0
valid,241629$_$0,vision,1.0
valid,241629$_$3,text,1.0
valid,241629$_$3,audio,1.0
valid,241629$_$3,vision,1.0
valid,241629$_$5,text,1.0
valid,241629$_$5,audio,1.0
valid,241629$_$5,vision,1.0
valid,241629$_$8,text,1.0
valid,241629$_$8,audio,1.0
valid,241629$_$8,vision,1.0
valid,243646$_$11,text,1.0
valid,243646$_$11,audio,1.0
valid,243646$_$11,vision,1.0
valid,243646$_$12,text,1.0
valid,243646$_$12,audio,1.0
valid,243646$_$12,vision,1.0
valid,243646$_$9,text,1.0
valid,243646$_$9,audio,1.0
valid,243646$_$9,vision,1.0
valid,243646$_$8,text,1.0
valid,243646$_$8,audio,1.0
valid,243646$_$8,vision,1.0
valid,247318$_$12,text,1.0
valid,247318$_$12,audio,1.0
valid,247318$_$12,vision,1.0
valid,247318$_$1,text,1.0
valid,247318$_$1,audio,1.0
valid,247318$_$1,vision,1.0
valid,247318$_$3,text,1.0
valid,247318$_$3,audio,1.0
valid,247318$_$3,vision,1.0
valid,247318$_$2,text,1.0
valid,247318$_$2,audio,1.0
valid,247318$_$2,vision,1.0
valid,247318$_$5,text,1.0
valid,247318$_$5,audio,1.0
valid,247318$_$5,vision,1.0
valid,247318$_$7,text,1.0
valid,247318$_$7,audio,1.0
valid,247318$_$7,vision,1.0
valid,247318$_$6,text,1.0
valid,247318$_$6,audio,1.0
valid,247318$_$6,vision,1.0
valid,252998$_$1,text,1.0
valid,252998$_$1,audio,1.0
valid,252998$_$1,vision,1.0
valid,252998$_$0,text,1.0
valid,252998$_$0,audio,1.0
valid,252998$_$0,vision,1.0
valid,252998$_$5,text,1.0
valid,252998$_$5,audio,1.0
valid,252998$_$5,vision,1.0
valid,252998$_$4,text,1.0
valid,252998$_$4,audio,1.0
valid,252998$_$4,vision,1.0
valid,252998$_$7,text,1.0
valid,252998$_$7,audio,1.0
valid,252998$_$7,vision,0.9459459459459459
valid,252998$_$8,text,1.0
valid,252998$_$8,audio,1.0
valid,252998$_$8,vision,1.0
valid,257247$_$10,text,1.0
valid,257247$_$10,audio,1.0
valid,257247$_$10,vision,1.0
valid,257247$_$12,text,1.0
valid,257247$_$12,audio,1.0
valid,257247$_$12,vision,1.0
valid,257247$_$2,text,1.0
valid,257247$_$2,audio,1.0
valid,257247$_$2,vision,1.0
valid,258654$_$1,text,1.0
valid,258654$_$1,audio,1.0
valid,258654$_$1,vision,1.0
valid,258654$_$3,text,1.0
valid,258654$_$3,audio,1.0
valid,258654$_$3,vision,1.0
valid,258654$_$4,text,1.0
valid,258654$_$4,audio,1.0
valid,258654$_$4,vision,1.0
valid,266791$_$24,text,1.0
valid,266791$_$24,audio,1.0
valid,266791$_$24,vision,1.0
valid,266791$_$20,text,1.0
valid,266791$_$20,audio,1.0
valid,266791$_$20,vision,1.0
valid,266791$_$21,text,1.0
valid,266791$_$21,audio,1.0
valid,266791$_$21,vision,1.0
valid,266791$_$23,text,1.0
valid,266791$_$23,audio,1.0
valid,266791$_$23,vision,1.0
valid,266791$_$29,text,1.0
valid,266791$_$29,audio,1.0
valid,266791$_$29,vision,1.0
valid,266791$_$3,text,1.0
valid,266791$_$3,audio,1.0
valid,266791$_$3,vision,1.0
valid,266791$_$5,text,1.0
valid,266791$_$5,audio,1.0
valid,266791$_$5,vision,1.0
valid,266791$_$4,text,1.0
valid,266791$_$4,audio,1.0
valid,266791$_$4,vision,1.0
valid,266791$_$6,text,1.0
valid,266791$_$6,audio,1.0
valid,266791$_$6,vision,1.0
valid,266791$_$8,text,1.0
valid,266791$_$8,audio,1.0
valid,266791$_$8,vision,1.0
valid,266791$_$11,text,1.0
valid,266791$_$11,audio,1.0
valid,266791$_$11,vision,1.0
valid,266791$_$14,text,1.0
valid,266791$_$14,audio,1.0
valid,266791$_$14,vision,1.0
valid,270254$_$23,text,1.0
valid,270254$_$23,audio,1.0
valid,270254$_$23,vision,1.0
valid,270254$_$0,text,1.0
valid,270254$_$0,audio,1.0
valid,270254$_$0,vision,1.0
valid,270254$_$6,text,1.0
valid,270254$_$6,audio,1.0
valid,270254$_$6,vision,0.90625
valid,270254$_$8,text,1.0
valid,270254$_$8,audio,1.0
valid,270254$_$8,vision,1.0
valid,270254$_$11,text,1.0
valid,270254$_$11,audio,1.0
valid,270254$_$11,vision,1.0
valid,270254$_$14,text,1.0
valid,270254$_$14,audio,1.0
valid,270254$_$14,vision,1.0
valid,270254$_$16,text,1.0
valid,270254$_$16,audio,1.0
valid,270254$_$16,vision,1.0
valid,272624$_$10,text,1.0
valid,272624$_$10,audio,1.0
valid,272624$_$10,vision,1.0
valid,272624$_$13,text,1.0
valid,272624$_$13,audio,1.0
valid,272624$_$13,vision,1.0
valid,272624$_$12,text,1.0
valid,272624$_$12,audio,1.0
valid,272624$_$12,vision,1.0
valid,272624$_$16,text,1.0
valid,272624$_$16,audio,1.0
valid,272624$_$16,vision,1.0
valid,272624$_$18,text,1.0
valid,272624$_$18,audio,1.0
valid,272624$_$18,vision,1.0
valid,272624$_$2,text,1.0
valid,272624$_$2,audio,1.0
valid,272624$_$2,vision,1.0
valid,272624$_$6,text,1.0
valid,272624$_$6,audio,1.0
valid,272624$_$6,vision,1.0
valid,272624$_$9,text,1.0
valid,272624$_$9,audio,1.0
valid,272624$_$9,vision,1.0
valid,272624$_$8,text,1.0
valid,272624$_$8,audio,1.0
valid,272624$_$8,vision,1.0
valid,273539$_$3,text,1.0
valid,273539$_$3,audio,1.0
valid,273539$_$3,vision,1.0
valid,273539$_$2,text,1.0
valid,273539$_$2,audio,1.0
valid,273539$_$2,vision,1.0
valid,273539$_$9,text,1.0
valid,273539$_$9,audio,1.0
valid,273539$_$9,vision,1.0
valid,290546$_$3,text,1.0
valid,290546$_$3,audio,1.0
valid,290546$_$3,vision,1.0
valid,290546$_$5,text,1.0
valid,290546$_$5,audio,1.0
valid,290546$_$5,vision,1.0
valid,290546$_$7,text,1.0
valid,290546$_$7,audio,1.0
valid,290546$_$7,vision,1.0
valid,290546$_$6,text,1.0
valid,290546$_$6,audio,1.0
valid,290546$_$6,vision,1.0
valid,2S00zYaVrtc$_$10,text,1.0
valid,2S00zYaVrtc$_$10,audio,1.0
valid,2S00zYaVrtc$_$10,vision,1.0
valid,2S00zYaVrtc$_$12,text,1.0
valid,2S00zYaVrtc$_$12,audio,1.0
valid,2S00zYaVrtc$_$12,vision,1.0
valid,2S00zYaVrtc$_$20,text,1.0
valid,2S00zYaVrtc$_$20,audio,1.0
valid,2S00zYaVrtc$_$20,vision,1.0
valid,2S00zYaVrtc$_$17,text,1.0
valid,2S00zYaVrtc$_$17,audio,1.0
valid,2S00zYaVrtc$_$17,vision,1.0
valid,2S00zYaVrtc$_$5,text,1.0
valid,2S00zYaVrtc$_$5,audio,1.0
valid,2S00zYaVrtc$_$5,vision,1.0
valid,2S00zYaVrtc$_$4,text,1.0
valid,2S00zYaVrtc$_$4,audio,1.0
valid,2S00zYaVrtc$_$4,vision,1.0
valid,2Xt31_d0XEE$_$2,text,1.0
valid,2Xt31_d0XEE$_$2,audio,1.0
valid,2Xt31_d0XEE$_$2,vision,1.0
valid,31474$_$11,text,1.0
valid,31474$_$11,audio,1.0
valid,31474$_$11,vision,1.0
valid,31474$_$14,text,1.0
valid,31474$_$14,audio,1.0
valid,31474$_$14,vision,1.0
valid,31474$_$0,text,1.0
valid,31474$_$0,audio,1.0
valid,31474$_$0,vision,1.0
valid,31474$_$3,text,1.0
valid,31474$_$3,audio,1.0
valid,31474$_$3,vision,1.0
valid,31474$_$6,text,1.0
valid,31474$_$6,audio,1.0
valid,31474$_$6,vision,1.0
valid,31474$_$9,text,1.0
valid,31474$_$9,audio,1.0
valid,31474$_$9,vision,1.0
valid,31474$_$8,text,1.0
valid,31474$_$8,audio,1.0
valid,31474$_$8,vision,1.0
valid,32681$_$1,text,1.0
valid,32681$_$1,audio,1.0
valid,32681$_$1,vision,1.0
valid,32681$_$3,text,1.0
valid,32681$_$3,audio,1.0
valid,32681$_$3,vision,1.0
valid,32681$_$5,text,1.0
valid,32681$_$5,audio,1.0
valid,32681$_$5,vision,1.0
valid,32681$_$6,text,1.0
valid,32681$_$6,audio,1.0
valid,32681$_$6,vision,1.0
valid,33170$_$1,text,1.0
valid,33170$_$1,audio,1.0
valid,33170$_$1,vision,1.0
valid,33170$_$3,text,1.0
valid,33170$_$3,audio,1.0
valid,33170$_$3,vision,1.0
valid,33170$_$4,text,1.0
valid,33170$_$4,audio,1.0
valid,33170$_$4,vision,1.0
valid,3MFNIag0wNE$_$12,text,1.0
valid,3MFNIag0wNE$_$12,audio,1.0
valid,3MFNIag0wNE$_$12,vision,1.0
valid,3MFNIag0wNE$_$14,text,1.0
valid,3MFNIag0wNE$_$14,audio,1.0
valid,3MFNIag0wNE$_$14,vision,1.0
valid,3MFNIag0wNE$_$16,text,1.0
valid,3MFNIag0wNE$_$16,audio,1.0
valid,3MFNIag0wNE$_$16,vision,1.0
valid,3MFNIag0wNE$_$7,text,1.0
valid,3MFNIag0wNE$_$7,audio,1.0
valid,3MFNIag0wNE$_$7,vision,1.0
valid,3V2qm0rw920$_$11,text,1.0
valid,3V2qm0rw920$_$11,audio,1.0
valid,3V2qm0rw920$_$11,vision,1.0
valid,3V2qm0rw920$_$13,text,1.0
valid,3V2qm0rw920$_$13,audio,1.0
valid,3V2qm0rw920$_$13,vision,1.0
valid,3V2qm0rw920$_$3,text,1.0
valid,3V2qm0rw920$_$3,audio,1.0
valid,3V2qm0rw920$_$3,vision,1.0
valid,3j94B0pzSVs$_$12,text,1.0
valid,3j94B0pzSVs$_$12,audio,1.0
valid,3j94B0pzSVs$_$12,vision,1.0
valid,3j94B0pzSVs$_$17,text,1.0
valid,3j94B0pzSVs$_$17,audio,1.0
valid,3j94B0pzSVs$_$17,vision,1.0
valid,3j94B0pzSVs$_$1,text,1.0
valid,3j94B0pzSVs$_$1,audio,1.0
valid,3j94B0pzSVs$_$1,vision,1.0
valid,3j94B0pzSVs$_$0,text,1.0
valid,3j94B0pzSVs$_$0,audio,1.0
valid,3j94B0pzSVs$_$0,vision,1.0
valid,4cFeG2ydm9A$_$8,text,1.0
valid,4cFeG2ydm9A$_$8,audio,1.0
valid,4cFeG2ydm9A$_$8,vision,1.0
valid,4dV3slGSc60$_$10,text,1.0
valid,4dV3slGSc60$_$10,audio,1.0
valid,4dV3slGSc60$_$10,vision,1.0
valid,4dV3slGSc60$_$12,text,1.0
valid,4dV3slGSc60$_$12,audio,1.0
valid,4dV3slGSc60$_$12,vision,1.0
valid,4dV3slGSc60$_$22,text,1.0
valid,4dV3slGSc60$_$22,audio,1.0
valid,4dV3slGSc60$_$22,vision,0.020833333333333332
valid,4dV3slGSc60$_$9,text,1.0
valid,4dV3slGSc60$_$9,audio,1.0
valid,4dV3slGSc60$_$9,vision,1.0
valid,4dV3slGSc60$_$8,text,1.0
valid,4dV3slGSc60$_$8,audio,1.0
valid,4dV3slGSc60$_$8,vision,1.0
valid,50103$_$3,text,1.0
valid,50103$_$3,audio,1.0
valid,50103$_$3,vision,1.0
valid,5B0PQx3Ep3k$_$5,text,1.0
valid,5B0PQx3Ep3k$_$5,audio,1.0
valid,5B0PQx3Ep3k$_$5,vision,1.0
valid,5O1W39o56gg$_$1,text,1.0
valid,5O1W39o56gg$_$1,audio,1.0
valid,5O1W39o56gg$_$1,vision,1.0
valid,5O1W39o56gg$_$2,text,1.0
valid,5O1W39o56gg$_$2,audio,1.0
valid,5O1W39o56gg$_$2,vision,1.0
valid,5O1W39o56gg$_$9,text,1.0
valid,5O1W39o56gg$_$9,audio,1.0
valid,5O1W39o56gg$_$9,vision,1.0
valid,5i6AgQSjXO4$_$3,text,1.0
valid,5i6AgQSjXO4$_$3,audio,1.0
valid,5i6AgQSjXO4$_$3,vision,0.7368421052631579
valid,5i6AgQSjXO4$_$2,text,1.0
valid,5i6AgQSjXO4$_$2,audio,1.0
valid,5i6AgQSjXO4$_$2,vision,1.0
valid,5i6AgQSjXO4$_$6,text,1.0
valid,5i6AgQSjXO4$_$6,audio,1.0
valid,5i6AgQSjXO4$_$6,vision,1.0
valid,5kaCGzjYukM$_$0,text,1.0
valid,5kaCGzjYukM$_$0,audio,1.0
valid,5kaCGzjYukM$_$0,vision,1.0
valid,5kaCGzjYukM$_$3,text,1.0
valid,5kaCGzjYukM$_$3,audio,1.0
valid,5kaCGzjYukM$_$3,vision,1.0
valid,5kaCGzjYukM$_$2,text,1.0
valid,5kaCGzjYukM$_$2,audio,1.0
valid,5kaCGzjYukM$_$2,vision,1.0
valid,5kaCGzjYukM$_$5,text,1.0
valid,5kaCGzjYukM$_$5,audio,1.0
valid,5kaCGzjYukM$_$5,vision,1.0
valid,5kaCGzjYukM$_$7,text,1.0
valid,5kaCGzjYukM$_$7,audio,1.0
valid,5kaCGzjYukM$_$7,vision,1.0
valid,6KvG5VbLalY$_$9,text,1.0
valid,6KvG5VbLalY$_$9,audio,1.0
valid,6KvG5VbLalY$_$9,vision,1.0
valid,6ZA8I83x-oY$_$0,text,1.0
valid,6ZA8I83x-oY$_$0,audio,1.0
valid,6ZA8I83x-oY$_$0,vision,1.0
valid,6ZA8I83x-oY$_$2,text,1.0
valid,6ZA8I83x-oY$_$2,audio,1.0
valid,6ZA8I83x-oY$_$2,vision,1.0
valid,6hFiTU77Sm0$_$1,text,1.0
valid,6hFiTU77Sm0$_$1,audio,1.0
valid,6hFiTU77Sm0$_$1,vision,1.0
valid,6hFiTU77Sm0$_$2,text,1.0
valid,6hFiTU77Sm0$_$2,audio,1.0
valid,6hFiTU77Sm0$_$2,vision,1.0
valid,6uPGcKTpC4I$_$1,text,1.0
valid,6uPGcKTpC4I$_$1,audio,1.0
valid,6uPGcKTpC4I$_$1,vision,1.0
valid,6uPGcKTpC4I$_$2,text,1.0
valid,6uPGcKTpC4I$_$2,audio,1.0
valid,6uPGcKTpC4I$_$2,vision,1.0
valid,6uPGcKTpC4I$_$6,text,1.0
valid,6uPGcKTpC4I$_$6,audio,1.0
valid,6uPGcKTpC4I$_$6,vision,1.0
valid,70280$_$11,text,1.0
valid,70280$_$11,audio,1.0
valid,70280$_$11,vision,1.0
valid,70280$_$3,text,1.0
valid,70280$_$3,audio,1.0
valid,70280$_$3,vision,1.0
valid,70280$_$4,text,1.0
valid,70280$_$4,audio,1.0
valid,70280$_$4,vision,1.0
valid,70280$_$6,text,1.0
valid,70280$_$6,audio,1.0
valid,70280$_$6,vision,1.0
valid,75RGHaxmUK8$_$3,text,1.0
valid,75RGHaxmUK8$_$3,audio,1.0
valid,75RGHaxmUK8$_$3,vision,1.0
valid,75RGHaxmUK8$_$5,text,1.0
valid,75RGHaxmUK8$_$5,audio,1.0
valid,75RGHaxmUK8$_$5,vision,1.0
valid,7_K3F-lAv1k$_$2,text,1.0
valid,7_K3F-lAv1k$_$2,audio,1.0
valid,7_K3F-lAv1k$_$2,vision,1.0
valid,7r4vRxKLFCA$_$6,text,1.0
valid,7r4vRxKLFCA$_$6,audio,1.0
valid,7r4vRxKLFCA$_$6,vision,1.0
valid,80566$_$1,text,1.0
valid,80566$_$1,audio,1.0
valid,80566$_$1,vision,0.8461538461538461
valid,80566$_$0,text,1.0
valid,80566$_$0,audio,1.0
valid,80566$_$0,vision,1.0
valid,80566$_$3,text,1.0
valid,80566$_$3,audio,1.0
valid,80566$_$3,vision,1.0
valid,80566$_$2,text,1.0
valid,80566$_$2,audio,1.0
valid,80566$_$2,vision,1.0
valid,80566$_$4,text,1.0
valid,80566$_$4,audio,1.0
valid,80566$_$4,vision,1.0
valid,80566$_$6,text,1.0
valid,80566$_$6,audio,1.0
valid,80566$_$6,vision,1.0
valid,80855$_$11,text,1.0
valid,80855$_$11,audio,1.0
valid,80855$_$11,vision,1.0
valid,80855$_$10,text,1.0
valid,80855$_$10,audio,1.0
valid,80855$_$10,vision,1.0
valid,80855$_$12,text,1.0
valid,80855$_$12,audio,1.0
valid,80855$_$12,vision,1.0
valid,80855$_$15,text,1.0
valid,80855$_$15,audio,1.0
valid,80855$_$15,vision,0.0
valid,80855$_$17,text,1.0
valid,80855$_$17,audio,1.0
valid,80855$_$17,vision,0.5333333333333333
valid,80855$_$0,text,1.0
valid,80855$_$0,audio,1.0
valid,80855$_$0,vision,1.0
valid,80855$_$3,text,1.0
valid,80855$_$3,audio,1.0
valid,80855$_$3,vision,1.0
valid,80855$_$2,text,1.0
valid,80855$_$2,audio,1.0
valid,80855$_$2,vision,1.0
valid,80855$_$7,text,1.0
valid,80855$_$7,audio,1.0
valid,80855$_$7,vision,1.0
valid,80855$_$20,text,1.0
valid,80855$_$20,audio,1.0
valid,80855$_$20,vision,1.0
valid,830KzUc6CbU$_$0,text,1.0
valid,830KzUc6CbU$_$0,audio,1.0
valid,830KzUc6CbU$_$0,vision,1.0
valid,830KzUc6CbU$_$13,text,1.0
valid,830KzUc6CbU$_$13,audio,1.0
valid,830KzUc6CbU$_$13,vision,0.8723404255319149
valid,84140$_$0,text,1.0
valid,84140$_$0,audio,1.0
valid,84140$_$0,vision,1.0
valid,84140$_$5,text,1.0
valid,84140$_$5,audio,1.0
valid,84140$_$5,vision,1.0
valid,89835$_$1,text,1.0
valid,89835$_$1,audio,1.0
valid,89835$_$1,vision,1.0
valid,89835$_$0,text,1.0
valid,89835$_$0,audio,1.0
valid,89835$_$0,vision,1.0
valid,89835$_$4,text,1.0
valid,89835$_$4,audio,1.0
valid,89835$_$4,vision,1.0
valid,89835$_$7,text,1.0
valid,89835$_$7,audio,1.0
valid,89835$_$7,vision,1.0
valid,8eaYvALnJ0o$_$1,text,1.0
valid,8eaYvALnJ0o$_$1,audio,1.0
valid,8eaYvALnJ0o$_$1,vision,1.0
valid,8eaYvALnJ0o$_$0,text,1.0
valid,8eaYvALnJ0o$_$0,audio,1.0
valid,8eaYvALnJ0o$_$0,vision,1.0
valid,8x_nCOh6Wmc$_$6,text,1.0
valid,8x_nCOh6Wmc$_$6,audio,1.0
valid,8x_nCOh6Wmc$_$6,vision,1.0
valid,96642$_$1,text,1.0
valid,96642$_$1,audio,1.0
valid,96642$_$1,vision,1.0
valid,96642$_$3,text,1.0
valid,96642$_$3,audio,1.0
valid,96642$_$3,vision,0.17647058823529413
valid,96642$_$2,text,1.0
valid,96642$_$2,audio,1.0
valid,96642$_$2,vision,1.0
valid,96642$_$4,text,1.0
valid,96642$_$4,audio,1.0
valid,96642$_$4,vision,0.9714285714285714
valid,99501$_$10,text,1.0
valid,99501$_$10,audio,1.0
valid,99501$_$10,vision,1.0
valid,99501$_$13,text,1.0
valid,99501$_$13,audio,1.0
valid,99501$_$13,vision,1.0
valid,99501$_$1,text,1.0
valid,99501$_$1,audio,1.0
valid,99501$_$1,vision,1.0
valid,99501$_$0,text,1.0
valid,99501$_$0,audio,1.0
valid,99501$_$0,vision,1.0
valid,99501$_$5,text,1.0
valid,99501$_$5,audio,1.0
valid,99501$_$5,vision,1.0
valid,99501$_$7,text,1.0
valid,99501$_$7,audio,1.0
valid,99501$_$7,vision,1.0
valid,9QI-9w_VdB4$_$0,text,1.0
valid,9QI-9w_VdB4$_$0,audio,1.0
valid,9QI-9w_VdB4$_$0,vision,1.0
valid,AG5EY8ZaFj4$_$3,text,1.0
valid,AG5EY8ZaFj4$_$3,audio,1.0
valid,AG5EY8ZaFj4$_$3,vision,1.0
valid,AG5EY8ZaFj4$_$15,text,1.0
valid,AG5EY8ZaFj4$_$15,audio,1.0
valid,AG5EY8ZaFj4$_$15,vision,1.0
valid,Arh2TKRi_mg$_$15,text,1.0
valid,Arh2TKRi_mg$_$15,audio,1.0
valid,Arh2TKRi_mg$_$15,vision,1.0
valid,Arh2TKRi_mg$_$14,text,1.0
valid,Arh2TKRi_mg$_$14,audio,1.0
valid,Arh2TKRi_mg$_$14,vision,1.0
valid,Arh2TKRi_mg$_$16,text,1.0
valid,Arh2TKRi_mg$_$16,audio,1.0
valid,Arh2TKRi_mg$_$16,vision,1.0
valid,Arh2TKRi_mg$_$19,text,1.0
valid,Arh2TKRi_mg$_$19,audio,1.0
valid,Arh2TKRi_mg$_$19,vision,1.0
valid,Arh2TKRi_mg$_$32,text,1.0
valid,Arh2TKRi_mg$_$32,audio,1.0
valid,Arh2TKRi_mg$_$32,vision,1.0
valid,Arh2TKRi_mg$_$28,text,1.0
valid,Arh2TKRi_mg$_$28,audio,1.0
valid,Arh2TKRi_mg$_$28,vision,1.0
valid,Arh2TKRi_mg$_$3,text,1.0
valid,Arh2TKRi_mg$_$3,audio,1.0
valid,Arh2TKRi_mg$_$3,vision,1.0
valid,AxNy9TeTLq8$_$0,text,1.0
valid,AxNy9TeTLq8$_$0,audio,1.0
valid,AxNy9TeTLq8$_$0,vision,1.0
valid,BSKAHXFYF_I$_$1,text,1.0
valid,BSKAHXFYF_I$_$1,audio,1.0
valid,BSKAHXFYF_I$_$1,vision,1.0
valid,BSKAHXFYF_I$_$3,text,1.0
valid,BSKAHXFYF_I$_$3,audio,1.0
valid,BSKAHXFYF_I$_$3,vision,0.0625
valid,BSKAHXFYF_I$_$7,text,1.0
valid,BSKAHXFYF_I$_$7,audio,1.0
valid,BSKAHXFYF_I$_$7,vision,0.21428571428571427
valid,BSKAHXFYF_I$_$8,text,1.0
valid,BSKAHXFYF_I$_$8,audio,1.0
valid,BSKAHXFYF_I$_$8,vision,1.0
valid,Baz0VVQ-E9E$_$10,text,1.0
valid,Baz0VVQ-E9E$_$10,audio,1.0
valid,Baz0VVQ-E9E$_$10,vision,1.0
valid,Baz0VVQ-E9E$_$1,text,1.0
valid,Baz0VVQ-E9E$_$1,audio,1.0
valid,Baz0VVQ-E9E$_$1,vision,1.0
valid,Baz0VVQ-E9E$_$5,text,1.0
valid,Baz0VVQ-E9E$_$5,audio,1.0
valid,Baz0VVQ-E9E$_$5,vision,1.0
valid,Baz0VVQ-E9E$_$7,text,1.0
valid,Baz0VVQ-E9E$_$7,audio,1.0
valid,Baz0VVQ-E9E$_$7,vision,1.0
valid,CJGuudyvA0Y$_$4,text,1.0
valid,CJGuudyvA0Y$_$4,audio,1.0
valid,CJGuudyvA0Y$_$4,vision,0.5641025641025641
valid,CPjbogfLHR4$_$2,text,1.0
valid,CPjbogfLHR4$_$2,audio,1.0
valid,CPjbogfLHR4$_$2,vision,1.0
valid,CPjbogfLHR4$_$5,text,1.0
valid,CPjbogfLHR4$_$5,audio,1.0
valid,CPjbogfLHR4$_$5,vision,1.0
valid,DdUJojoFU_c$_$11,text,1.0
valid,DdUJojoFU_c$_$11,audio,1.0
valid,DdUJojoFU_c$_$11,vision,1.0
valid,DdUJojoFU_c$_$15,text,1.0
valid,DdUJojoFU_c$_$15,audio,1.0
valid,DdUJojoFU_c$_$15,vision,1.0
valid,DdUJojoFU_c$_$14,text,1.0
valid,DdUJojoFU_c$_$14,audio,1.0
valid,DdUJojoFU_c$_$14,vision,1.0
valid,DdUJojoFU_c$_$17,text,1.0
valid,DdUJojoFU_c$_$17,audio,1.0
valid,DdUJojoFU_c$_$17,vision,0.7
valid,DdUJojoFU_c$_$16,text,1.0
valid,DdUJojoFU_c$_$16,audio,1.0
valid,DdUJojoFU_c$_$16,vision,1.0
valid,DdUJojoFU_c$_$2,text,1.0
valid,DdUJojoFU_c$_$2,audio,1.0
valid,DdUJojoFU_c$_$2,vision,1.0
valid,DdUJojoFU_c$_$6,text,1.0
valid,DdUJojoFU_c$_$6,audio,1.0
valid,DdUJojoFU_c$_$6,vision,1.0
valid,DdUJojoFU_c$_$8,text,1.0
valid,DdUJojoFU_c$_$8,audio,1.0
valid,DdUJojoFU_c$_$8,vision,1.0
valid,DlbYiwOnTyk$_$1,text,1.0
valid,DlbYiwOnTyk$_$1,audio,1.0
valid,DlbYiwOnTyk$_$1,vision,1.0
valid,E8MuzHUhUHk$_$15,text,1.0
valid,E8MuzHUhUHk$_$15,audio,1.0
valid,E8MuzHUhUHk$_$15,vision,1.0
valid,E8MuzHUhUHk$_$14,text,1.0
valid,E8MuzHUhUHk$_$14,audio,1.0
valid,E8MuzHUhUHk$_$14,vision,1.0
valid,E8MuzHUhUHk$_$16,text,1.0
valid,E8MuzHUhUHk$_$16,audio,1.0
valid,E8MuzHUhUHk$_$16,vision,1.0
valid,E8MuzHUhUHk$_$2,text,1.0
valid,E8MuzHUhUHk$_$2,audio,1.0
valid,E8MuzHUhUHk$_$2,vision,1.0
valid,E8MuzHUhUHk$_$9,text,1.0
valid,E8MuzHUhUHk$_$9,audio,1.0
valid,E8MuzHUhUHk$_$9,vision,1.0
valid,EEjCkc82oyk$_$7,text,1.0
valid,EEjCkc82oyk$_$7,audio,1.0
valid,EEjCkc82oyk$_$7,vision,1.0
valid,EEjCkc82oyk$_$9,text,1.0
valid,EEjCkc82oyk$_$9,audio,1.0
valid,EEjCkc82oyk$_$9,vision,0.7142857142857143
valid,EQxkXiWAm08$_$8,text,1.0
valid,EQxkXiWAm08$_$8,audio,1.0
valid,EQxkXiWAm08$_$8,vision,1.0
valid,ET1cU5_A2YM$_$1,text,1.0
valid,ET1cU5_A2YM$_$1,audio,1.0
valid,ET1cU5_A2YM$_$1,vision,1.0
valid,ET1cU5_A2YM$_$3,text,1.0
valid,ET1cU5_A2YM$_$3,audio,1.0
valid,ET1cU5_A2YM$_$3,vision,1.0
valid,ET1cU5_A2YM$_$6,text,1.0
valid,ET1cU5_A2YM$_$6,audio,1.0
valid,ET1cU5_A2YM$_$6,vision,1.0
valid,EmmuWoCUgXs$_$22,text,1.0
valid,EmmuWoCUgXs$_$22,audio,1.0
valid,EmmuWoCUgXs$_$22,vision,1.0
valid,EmmuWoCUgXs$_$7,text,1.0
valid,EmmuWoCUgXs$_$7,audio,1.0
valid,EmmuWoCUgXs$_$7,vision,1.0
valid,Es9MkKsMsjU$_$10,text,1.0
valid,Es9MkKsMsjU$_$10,audio,1.0
valid,Es9MkKsMsjU$_$10,vision,1.0
valid,Es9MkKsMsjU$_$12,text,1.0
valid,Es9MkKsMsjU$_$12,audio,1.0
valid,Es9MkKsMsjU$_$12,vision,1.0
valid,Es9MkKsMsjU$_$2,text,1.0
valid,Es9MkKsMsjU$_$2,audio,1.0
valid,Es9MkKsMsjU$_$2,vision,1.0
valid,Es9MkKsMsjU$_$7,text,1.0
valid,Es9MkKsMsjU$_$7,audio,1.0
valid,Es9MkKsMsjU$_$7,vision,1.0
valid,Ezn3p5FWF_U$_$4,text,1.0
valid,Ezn3p5FWF_U$_$4,audio,1.0
valid,Ezn3p5FWF_U$_$4,vision,0.7777777777777778
valid,F1U26PLiXjM$_$1,text,1.0
valid,F1U26PLiXjM$_$1,audio,1.0
valid,F1U26PLiXjM$_$1,vision,1.0
valid,F6JV-K840EY$_$2,text,1.0
valid,F6JV-K840EY$_$2,audio,1.0
valid,F6JV-K840EY$_$2,vision,1.0
valid,FB_b1dm0SRY$_$10,text,1.0
valid,FB_b1dm0SRY$_$10,audio,1.0
valid,FB_b1dm0SRY$_$10,vision,1.0
valid,FB_b1dm0SRY$_$0,text,1.0
valid,FB_b1dm0SRY$_$0,audio,1.0
valid,FB_b1dm0SRY$_$0,vision,1.0
valid,FB_b1dm0SRY$_$6,text,1.0
valid,FB_b1dm0SRY$_$6,audio,1.0
valid,FB_b1dm0SRY$_$6,vision,1.0
valid,FB_b1dm0SRY$_$9,text,1.0
valid,FB_b1dm0SRY$_$9,audio,1.0
valid,FB_b1dm0SRY$_$9,vision,1.0
valid,FB_b1dm0SRY$_$8,text,1.0
valid,FB_b1dm0SRY$_$8,audio,1.0
valid,FB_b1dm0SRY$_$8,vision,1.0
valid,FxxJB8hBpyQ$_$1,text,1.0
valid,FxxJB8hBpyQ$_$1,audio,1.0
valid,FxxJB8hBpyQ$_$1,vision,1.0
valid,Fy0Uid9afM8$_$0,text,1.0
valid,Fy0Uid9afM8$_$0,audio,1.0
valid,Fy0Uid9afM8$_$0,vision,1.0
valid,Fy0Uid9afM8$_$3,text,1.0
valid,Fy0Uid9afM8$_$3,audio,1.0
valid,Fy0Uid9afM8$_$3,vision,1.0
valid,Fy0Uid9afM8$_$5,text,1.0
valid,Fy0Uid9afM8$_$5,audio,1.0
valid,Fy0Uid9afM8$_$5,vision,0.0
valid,Fy0Uid9afM8$_$4,text,1.0
valid,Fy0Uid9afM8$_$4,audio,1.0
valid,Fy0Uid9afM8$_$4,vision,1.0
valid,H1DpVwktfDQ$_$0,text,1.0
valid,H1DpVwktfDQ$_$0,audio,1.0
valid,H1DpVwktfDQ$_$0,vision,0.0
valid,HGicRLwgtkM$_$1,text,1.0
valid,HGicRLwgtkM$_$1,audio,1.0
valid,HGicRLwgtkM$_$1,vision,0.08571428571428572
valid,HGicRLwgtkM$_$3,text,1.0
valid,HGicRLwgtkM$_$3,audio,1.0
valid,HGicRLwgtkM$_$3,vision,1.0
valid,HGicRLwgtkM$_$2,text,1.0
valid,HGicRLwgtkM$_$2,audio,1.0
valid,HGicRLwgtkM$_$2,vision,1.0
valid,HGicRLwgtkM$_$6,text,1.0
valid,HGicRLwgtkM$_$6,audio,1.0
valid,HGicRLwgtkM$_$6,vision,0.23809523809523808
valid,HmXXW45eZL4$_$1,text,1.0
valid,HmXXW45eZL4$_$1,audio,1.0
valid,HmXXW45eZL4$_$1,vision,1.0
valid,HmXXW45eZL4$_$4,text,1.0
valid,HmXXW45eZL4$_$4,audio,1.0
valid,HmXXW45eZL4$_$4,vision,1.0
valid,IM6HW1HwHhM$_$11,text,1.0
valid,IM6HW1HwHhM$_$11,audio,1.0
valid,IM6HW1HwHhM$_$11,vision,1.0
valid,IM6HW1HwHhM$_$15,text,1.0
valid,IM6HW1HwHhM$_$15,audio,1.0
valid,IM6HW1HwHhM$_$15,vision,1.0
valid,IM6HW1HwHhM$_$17,text,1.0
valid,IM6HW1HwHhM$_$17,audio,1.0
valid,IM6HW1HwHhM$_$17,vision,1.0
valid,IUmxJNs2zaY$_$3,text,1.0
valid,IUmxJNs2zaY$_$3,audio,1.0
valid,IUmxJNs2zaY$_$3,vision,1.0
valid,IUmxJNs2zaY$_$2,text,1.0
valid,IUmxJNs2zaY$_$2,audio,1.0
valid,IUmxJNs2zaY$_$2,vision,1.0
valid,JAnRCQ9A0vI$_$1,text,1.0
valid,JAnRCQ9A0vI$_$1,audio,1.0
valid,JAnRCQ9A0vI$_$1,vision,0.08333333333333333
valid,JAnRCQ9A0vI$_$0,text,1.0
valid,JAnRCQ9A0vI$_$0,audio,1.0
valid,JAnRCQ9A0vI$_$0,vision,1.0
valid,JAnRCQ9A0vI$_$3,text,1.0
valid,JAnRCQ9A0vI$_$3,audio,1.0
valid,JAnRCQ9A0vI$_$3,vision,1.0
valid,JAnRCQ9A0vI$_$2,text,1.0
valid,JAnRCQ9A0vI$_$2,audio,1.0
valid,JAnRCQ9A0vI$_$2,vision,1.0
valid,JAnRCQ9A0vI$_$5,text,1.0
valid,JAnRCQ9A0vI$_$5,audio,1.0
valid,JAnRCQ9A0vI$_$5,vision,0.0
valid,JAnRCQ9A0vI$_$4,text,1.0
valid,JAnRCQ9A0vI$_$4,audio,1.0
valid,JAnRCQ9A0vI$_$4,vision,1.0
valid,JAnRCQ9A0vI$_$8,text,1.0
valid,JAnRCQ9A0vI$_$8,audio,1.0
valid,JAnRCQ9A0vI$_$8,vision,1.0
valid,JOK1SSmPtFw$_$10,text,1.0
valid,JOK1SSmPtFw$_$10,audio,1.0
valid,JOK1SSmPtFw$_$10,vision,1.0
valid,JOK1SSmPtFw$_$13,text,1.0
valid,JOK1SSmPtFw$_$13,audio,1.0
valid,JOK1SSmPtFw$_$13,vision,1.0
valid,JOK1SSmPtFw$_$14,text,1.0
valid,JOK1SSmPtFw$_$14,audio,1.0
valid,JOK1SSmPtFw$_$14,vision,1.0
valid,JOK1SSmPtFw$_$16,text,1.0
valid,JOK1SSmPtFw$_$16,audio,1.0
valid,JOK1SSmPtFw$_$16,vision,1.0
valid,JOK1SSmPtFw$_$0,text,1.0
valid,JOK1SSmPtFw$_$0,audio,1.0
valid,JOK1SSmPtFw$_$0,vision,1.0
valid,JOK1SSmPtFw$_$5,text,1.0
valid,JOK1SSmPtFw$_$5,audio,1.0
valid,JOK1SSmPtFw$_$5,vision,1.0
valid,JOK1SSmPtFw$_$4,text,1.0
valid,JOK1SSmPtFw$_$4,audio,1.0
valid,JOK1SSmPtFw$_$4,vision,1.0
valid,JOK1SSmPtFw$_$8,text,1.0
valid,JOK1SSmPtFw$_$8,audio,1.0
valid,JOK1SSmPtFw$_$8,vision,1.0
valid,JPT38CA3sGI$_$1,text,1.0
valid,JPT38CA3sGI$_$1,audio,1.0
valid,JPT38CA3sGI$_$1,vision,1.0
valid,JPT38CA3sGI$_$0,text,1.0
valid,JPT38CA3sGI$_$0,audio,1.0
valid,JPT38CA3sGI$_$0,vision,1.0
valid,JPT38CA3sGI$_$5,text,1.0
valid,JPT38CA3sGI$_$5,audio,1.0
valid,JPT38CA3sGI$_$5,vision,0.5
valid,JVpF99zuQhA$_$0,text,1.0
valid,JVpF99zuQhA$_$0,audio,1.0
valid,JVpF99zuQhA$_$0,vision,1.0
valid,JVpF99zuQhA$_$2,text,1.0
valid,JVpF99zuQhA$_$2,audio,1.0
valid,JVpF99zuQhA$_$2,vision,1.0
valid,JVpF99zuQhA$_$4,text,1.0
valid,JVpF99zuQhA$_$4,audio,1.0
valid,JVpF99zuQhA$_$4,vision,1.0
valid,K0m1tO3Ybyc$_$15,text,1.0
valid,K0m1tO3Ybyc$_$15,audio,1.0
valid,K0m1tO3Ybyc$_$15,vision,1.0
valid,K0m1tO3Ybyc$_$8,text,1.0
valid,K0m1tO3Ybyc$_$8,audio,1.0
valid,K0m1tO3Ybyc$_$8,vision,1.0
valid,K8gp7ncdUl8$_$5,text,1.0
valid,K8gp7ncdUl8$_$5,audio,1.0
valid,K8gp7ncdUl8$_$5,vision,1.0
valid,KDjl2exStlI$_$10,text,1.0
valid,KDjl2exStlI$_$10,audio,1.0
valid,KDjl2exStlI$_$10,vision,1.0
valid,KDjl2exStlI$_$13,text,1.0
valid,KDjl2exStlI$_$13,audio,1.0
valid,KDjl2exStlI$_$13,vision,1.0
valid,KDjl2exStlI$_$5,text,1.0
valid,KDjl2exStlI$_$5,audio,1.0
valid,KDjl2exStlI$_$5,vision,1.0
valid,KDjl2exStlI$_$4,text,1.0
valid,KDjl2exStlI$_$4,audio,1.0
valid,KDjl2exStlI$_$4,vision,1.0
valid,KkKWFZZmmCM$_$1,text,1.0
valid,KkKWFZZmmCM$_$1,audio,1.0
valid,KkKWFZZmmCM$_$1,vision,1.0
valid,KpMCvUyQCXg$_$1,text,1.0
valid,KpMCvUyQCXg$_$1,audio,1.0
valid,KpMCvUyQCXg$_$1,vision,1.0
valid,KpMCvUyQCXg$_$3,text,1.0
valid,KpMCvUyQCXg$_$3,audio,1.0
valid,KpMCvUyQCXg$_$3,vision,1.0
valid,KpMCvUyQCXg$_$5,text,1.0
valid,KpMCvUyQCXg$_$5,audio,1.0
valid,KpMCvUyQCXg$_$5,vision,1.0
valid,L1eFHRQGFeg$_$2,text,1.0
valid,L1eFHRQGFeg$_$2,audio,1.0
valid,L1eFHRQGFeg$_$2,vision,1.0
valid,MCsvw5-7lVE$_$1,text,1.0
valid,MCsvw5-7lVE$_$1,audio,1.0
valid,MCsvw5-7lVE$_$1,vision,1.0
valid,MCsvw5-7lVE$_$2,text,1.0
valid,MCsvw5-7lVE$_$2,audio,1.0
valid,MCsvw5-7lVE$_$2,vision,1.0
valid,MCsvw5-7lVE$_$4,text,1.0
valid,MCsvw5-7lVE$_$4,audio,1.0
valid,MCsvw5-7lVE$_$4,vision,1.0
valid,MMpo2bDk-DU$_$10,text,1.0
valid,MMpo2bDk-DU$_$10,audio,1.0
valid,MMpo2bDk-DU$_$10,vision,1.0
valid,MMpo2bDk-DU$_$17,text,1.0
valid,MMpo2bDk-DU$_$17,audio,1.0
valid,MMpo2bDk-DU$_$17,vision,1.0
valid,MMpo2bDk-DU$_$16,text,1.0
valid,MMpo2bDk-DU$_$16,audio,1.0
valid,MMpo2bDk-DU$_$16,vision,1.0
valid,MMpo2bDk-DU$_$19,text,1.0
valid,MMpo2bDk-DU$_$19,audio,1.0
valid,MMpo2bDk-DU$_$19,vision,0.56
valid,MjaaudUc5-4$_$1,text,1.0
valid,MjaaudUc5-4$_$1,audio,1.0
valid,MjaaudUc5-4$_$1,vision,1.0
valid,MjaaudUc5-4$_$0,text,1.0
valid,MjaaudUc5-4$_$0,audio,1.0
valid,MjaaudUc5-4$_$0,vision,1.0
valid,MjaaudUc5-4$_$3,text,1.0
valid,MjaaudUc5-4$_$3,audio,1.0
valid,MjaaudUc5-4$_$3,vision,1.0
valid,MjaaudUc5-4$_$6,text,1.0
valid,MjaaudUc5-4$_$6,audio,1.0
valid,MjaaudUc5-4$_$6,vision,1.0
valid,MoQmPA7Q07Q$_$1,text,1.0
valid,MoQmPA7Q07Q$_$1,audio,1.0
valid,MoQmPA7Q07Q$_$1,vision,1.0
valid,MoQmPA7Q07Q$_$2,text,1.0
valid,MoQmPA7Q07Q$_$2,audio,1.0
valid,MoQmPA7Q07Q$_$2,vision,1.0
valid,N1X63d_jgmw$_$5,text,1.0
valid,N1X63d_jgmw$_$5,audio,1.0
valid,N1X63d_jgmw$_$5,vision,1.0
valid,N5xfBtD6rLY$_$7,text,1.0
valid,N5xfBtD6rLY$_$7,audio,1.0
valid,N5xfBtD6rLY$_$7,vision,0.0
valid,NoZsdSGnNpI$_$7,text,1.0
valid,NoZsdSGnNpI$_$7,audio,1.0
valid,NoZsdSGnNpI$_$7,vision,1.0
valid,Nrurc5sMUOE$_$5,text,1.0
valid,Nrurc5sMUOE$_$5,audio,1.0
valid,Nrurc5sMUOE$_$5,vision,1.0
valid,Nrurc5sMUOE$_$7,text,1.0
valid,Nrurc5sMUOE$_$7,audio,1.0
valid,Nrurc5sMUOE$_$7,vision,1.0
valid,Nrurc5sMUOE$_$8,text,1.0
valid,Nrurc5sMUOE$_$8,audio,1.0
valid,Nrurc5sMUOE$_$8,vision,1.0
valid,NzvNW7vP-Co$_$5,text,1.0
valid,NzvNW7vP-Co$_$5,audio,1.0
valid,NzvNW7vP-Co$_$5,vision,1.0
valid,NzvNW7vP-Co$_$4,text,1.0
valid,NzvNW7vP-Co$_$4,audio,1.0
valid,NzvNW7vP-Co$_$4,vision,1.0
valid,NzvNW7vP-Co$_$7,text,1.0
valid,NzvNW7vP-Co$_$7,audio,1.0
valid,NzvNW7vP-Co$_$7,vision,1.0
valid,OLP0nCKwU6k$_$6,text,1.0
valid,OLP0nCKwU6k$_$6,audio,1.0
valid,OLP0nCKwU6k$_$6,vision,1.0
valid,OrYBtyO0aPI$_$1,text,1.0
valid,OrYBtyO0aPI$_$1,audio,1.0
valid,OrYBtyO0aPI$_$1,vision,0.29411764705882354
valid,OrYBtyO0aPI$_$4,text,1.0
valid,OrYBtyO0aPI$_$4,audio,1.0
valid,OrYBtyO0aPI$_$4,vision,1.0
valid,PboaYD5hlG8$_$10,text,1.0
valid,PboaYD5hlG8$_$10,audio,1.0
valid,PboaYD5hlG8$_$10,vision,1.0
valid,PboaYD5hlG8$_$3,text,1.0
valid,PboaYD5hlG8$_$3,audio,1.0
valid,PboaYD5hlG8$_$3,vision,1.0
valid,PboaYD5hlG8$_$2,text,1.0
valid,PboaYD5hlG8$_$2,audio,1.0
valid,PboaYD5hlG8$_$2,vision,1.0
valid,PboaYD5hlG8$_$7,text,1.0
valid,PboaYD5hlG8$_$7,audio,1.0
valid,PboaYD5hlG8$_$7,vision,1.0
valid,PboaYD5hlG8$_$9,text,1.0
valid,PboaYD5hlG8$_$9,audio,1.0
valid,PboaYD5hlG8$_$9,vision,1.0
valid,PboaYD5hlG8$_$8,text,1.0
valid,PboaYD5hlG8$_$8,audio,1.0
valid,PboaYD5hlG8$_$8,vision,1.0
valid,Pt-D0LUHDSc$_$2,text,1.0
valid,Pt-D0LUHDSc$_$2,audio,1.0
valid,Pt-D0LUHDSc$_$2,vision,0.48
valid,PwapK9d8IGk$_$4,text,1.0
valid,PwapK9d8IGk$_$4,audio,1.0
valid,PwapK9d8IGk$_$4,vision,1.0
valid,PyQrAYl1bFs$_$0,text,1.0
valid,PyQrAYl1bFs$_$0,audio,1.0
valid,PyQrAYl1bFs$_$0,vision,1.0
valid,PyQrAYl1bFs$_$3,text,1.0
valid,PyQrAYl1bFs$_$3,audio,1.0
valid,PyQrAYl1bFs$_$3,vision,1.0
valid,PyQrAYl1bFs$_$4,text,1.0
valid,PyQrAYl1bFs$_$4,audio,1.0
valid,PyQrAYl1bFs$_$4,vision,1.0
valid,Q4WzApjaCNI$_$0,text,1.0
valid,Q4WzApjaCNI$_$0,audio,1.0
valid,Q4WzApjaCNI$_$0,vision,0.0
valid,Q7S0tX4FUNA$_$4,text,1.0
valid,Q7S0tX4FUNA$_$4,audio,1.0
valid,Q7S0tX4FUNA$_$4,vision,1.0
valid,Q7S0tX4FUNA$_$7,text,1.0
valid,Q7S0tX4FUNA$_$7,audio,1.0
valid,Q7S0tX4FUNA$_$7,vision,0.0
valid,Q7S0tX4FUNA$_$8,text,1.0
valid,Q7S0tX4FUNA$_$8,audio,1.0
valid,Q7S0tX4FUNA$_$8,vision,1.0
valid,Qa6Yz62V-Yc$_$0,text,1.0
valid,Qa6Yz62V-Yc$_$0,audio,1.0
valid,Qa6Yz62V-Yc$_$0,vision,1.0
valid,QjcQx8_PQfw$_$10,text,1.0
valid,QjcQx8_PQfw$_$10,audio,1.0
valid,QjcQx8_PQfw$_$10,vision,1.0
valid,QjcQx8_PQfw$_$7,text,1.0
valid,QjcQx8_PQfw$_$7,audio,1.0
valid,QjcQx8_PQfw$_$7,vision,1.0
valid,QpchvHpGFc8$_$3,text,1.0
valid,QpchvHpGFc8$_$3,audio,1.0
valid,QpchvHpGFc8$_$3,vision,1.0
valid,RArhIHk4Qs4$_$13,text,1.0
valid,RArhIHk4Qs4$_$13,audio,1.0
valid,RArhIHk4Qs4$_$13,vision,1.0
valid,RArhIHk4Qs4$_$17,text,1.0
valid,RArhIHk4Qs4$_$17,audio,1.0
valid,RArhIHk4Qs4$_$17,vision,1.0
valid,RArhIHk4Qs4$_$16,text,1.0
valid,RArhIHk4Qs4$_$16,audio,1.0
valid,RArhIHk4Qs4$_$16,vision,1.0
valid,RArhIHk4Qs4$_$19,text,1.0
valid,RArhIHk4Qs4$_$19,audio,1.0
valid,RArhIHk4Qs4$_$19,vision,1.0
valid,RArhIHk4Qs4$_$1,text,1.0
valid,RArhIHk4Qs4$_$1,audio,1.0
valid,RArhIHk4Qs4$_$1,vision,1.0
valid,RArhIHk4Qs4$_$2,text,1.0
valid,RArhIHk4Qs4$_$2,audio,1.0
valid,RArhIHk4Qs4$_$2,vision,1.0
valid,RArhIHk4Qs4$_$7,text,1.0
valid,RArhIHk4Qs4$_$7,audio,1.0
valid,RArhIHk4Qs4$_$7,vision,1.0
valid,RArhIHk4Qs4$_$6,text,1.0
valid,RArhIHk4Qs4$_$6,audio,1.0
valid,RArhIHk4Qs4$_$6,vision,1.0
valid,RArhIHk4Qs4$_$8,text,1.0
valid,RArhIHk4Qs4$_$8,audio,1.0
valid,RArhIHk4Qs4$_$8,vision,1.0
valid,RArhIHk4Qs4$_$21,text,1.0
valid,RArhIHk4Qs4$_$21,audio,1.0
valid,RArhIHk4Qs4$_$21,vision,0.5714285714285714
valid,ROcTx5VEn7o$_$11,text,1.0
valid,ROcTx5VEn7o$_$11,audio,1.0
valid,ROcTx5VEn7o$_$11,vision,1.0
valid,ROcTx5VEn7o$_$1,text,1.0
valid,ROcTx5VEn7o$_$1,audio,1.0
valid,ROcTx5VEn7o$_$1,vision,1.0
valid,ROcTx5VEn7o$_$5,text,1.0
valid,ROcTx5VEn7o$_$5,audio,1.0
valid,ROcTx5VEn7o$_$5,vision,1.0
valid,ROcTx5VEn7o$_$9,text,1.0
valid,ROcTx5VEn7o$_$9,audio,1.0
valid,ROcTx5VEn7o$_$9,vision,1.0
valid,RrGpzInAwCg$_$0,text,1.0
valid,RrGpzInAwCg$_$0,audio,1.0
valid,RrGpzInAwCg$_$0,vision,1.0
valid,RzOFxDk26p0$_$1,text,1.0
valid,RzOFxDk26p0$_$1,audio,1.0
valid,RzOFxDk26p0$_$1,vision,1.0
valid,RzOFxDk26p0$_$0,text,1.0
valid,RzOFxDk26p0$_$0,audio,1.0
valid,RzOFxDk26p0$_$0,vision,1.0
valid,SHa756SwGJQ$_$0,text,1.0
valid,SHa756SwGJQ$_$0,audio,1.0
valid,SHa756SwGJQ$_$0,vision,0.0625
valid,SHa756SwGJQ$_$2,text,1.0
valid,SHa756SwGJQ$_$2,audio,1.0
valid,SHa756SwGJQ$_$2,vision,1.0
valid,SHa756SwGJQ$_$4,text,1.0
valid,SHa756SwGJQ$_$4,audio,1.0
valid,SHa756SwGJQ$_$4,vision,1.0
valid,SHa756SwGJQ$_$7,text,1.0
valid,SHa756SwGJQ$_$7,audio,1.0
valid,SHa756SwGJQ$_$7,vision,1.0
valid,SHa756SwGJQ$_$6,text,1.0
valid,SHa756SwGJQ$_$6,audio,1.0
valid,SHa756SwGJQ$_$6,vision,1.0
valid,TH32jop4FiI$_$15,text,1.0
valid,TH32jop4FiI$_$15,audio,1.0
valid,TH32jop4FiI$_$15,vision,1.0
valid,TH32jop4FiI$_$17,text,1.0
valid,TH32jop4FiI$_$17,audio,1.0
valid,TH32jop4FiI$_$17,vision,1.0
valid,TWszOxkOV0w$_$1,text,1.0
valid,TWszOxkOV0w$_$1,audio,1.0
valid,TWszOxkOV0w$_$1,vision,1.0
valid,TXCXFYIc3Yo$_$16,text,1.0
valid,TXCXFYIc3Yo$_$16,audio,1.0
valid,TXCXFYIc3Yo$_$16,vision,1.0
valid,TXCXFYIc3Yo$_$2,text,1.0
valid,TXCXFYIc3Yo$_$2,audio,1.0
valid,TXCXFYIc3Yo$_$2,vision,1.0
valid,TXCXFYIc3Yo$_$7,text,1.0
valid,TXCXFYIc3Yo$_$7,audio,1.0
valid,TXCXFYIc3Yo$_$7,vision,1.0
valid,TXCXFYIc3Yo$_$6,text,1.0
valid,TXCXFYIc3Yo$_$6,audio,1.0
valid,TXCXFYIc3Yo$_$6,vision,1.0
valid,TYJzg5IJN8o$_$11,text,1.0
valid,TYJzg5IJN8o$_$11,audio,1.0
valid,TYJzg5IJN8o$_$11,vision,1.0
valid,TYJzg5IJN8o$_$10,text,1.0
valid,TYJzg5IJN8o$_$10,audio,1.0
valid,TYJzg5IJN8o$_$10,vision,1.0
valid,TYJzg5IJN8o$_$14,text,1.0
valid,TYJzg5IJN8o$_$14,audio,1.0
valid,TYJzg5IJN8o$_$14,vision,1.0
valid,TYJzg5IJN8o$_$0,text,1.0
valid,TYJzg5IJN8o$_$0,audio,1.0
valid,TYJzg5IJN8o$_$0,vision,1.0
valid,TYJzg5IJN8o$_$4,text,1.0
valid,TYJzg5IJN8o$_$4,audio,1.0
valid,TYJzg5IJN8o$_$4,vision,1.0
valid,TYJzg5IJN8o$_$7,text,1.0
valid,TYJzg5IJN8o$_$7,audio,1.0
valid,TYJzg5IJN8o$_$7,vision,1.0
valid,Uc_6d-fkZEc$_$3,text,1.0
valid,Uc_6d-fkZEc$_$3,audio,1.0
valid,Uc_6d-fkZEc$_$3,vision,1.0
valid,UlTJmndbGHM$_$1,text,1.0
valid,UlTJmndbGHM$_$1,audio,1.0
valid,UlTJmndbGHM$_$1,vision,0.8125
valid,UlTJmndbGHM$_$4,text,1.0
valid,UlTJmndbGHM$_$4,audio,1.0
valid,UlTJmndbGHM$_$4,vision,0.0
valid,VbV9S4svrTg$_$13,text,1.0
valid,VbV9S4svrTg$_$13,audio,1.0
valid,VbV9S4svrTg$_$13,vision,1.0
valid,VbV9S4svrTg$_$3,text,1.0
valid,VbV9S4svrTg$_$3,audio,1.0
valid,VbV9S4svrTg$_$3,vision,1.0
valid,VbV9S4svrTg$_$7,text,1.0
valid,VbV9S4svrTg$_$7,audio,1.0
valid,VbV9S4svrTg$_$7,vision,1.0
valid,VbV9S4svrTg$_$8,text,1.0
valid,VbV9S4svrTg$_$8,audio,1.0
valid,VbV9S4svrTg$_$8,vision,1.0
valid,VinxKpWioTo$_$1,text,1.0
valid,VinxKpWioTo$_$1,audio,1.0
valid,VinxKpWioTo$_$1,vision,1.0
valid,VinxKpWioTo$_$0,text,1.0
valid,VinxKpWioTo$_$0,audio,1.0
valid,VinxKpWioTo$_$0,vision,1.0
valid,VinxKpWioTo$_$3,text,1.0
valid,VinxKpWioTo$_$3,audio,1.0
valid,VinxKpWioTo$_$3,vision,1.0
valid,VinxKpWioTo$_$5,text,1.0
valid,VinxKpWioTo$_$5,audio,1.0
valid,VinxKpWioTo$_$5,vision,1.0
valid,ViyQVpGW05w$_$1,text,1.0
valid,ViyQVpGW05w$_$1,audio,1.0
valid,ViyQVpGW05w$_$1,vision,1.0
valid,ViyQVpGW05w$_$4,text,1.0
valid,ViyQVpGW05w$_$4,audio,1.0
valid,ViyQVpGW05w$_$4,vision,1.0
valid,ViyQVpGW05w$_$6,text,1.0
valid,ViyQVpGW05w$_$6,audio,1.0
valid,ViyQVpGW05w$_$6,vision,1.0
valid,Vuay0mVKkik$_$3,text,1.0
valid,Vuay0mVKkik$_$3,audio,1.0
valid,Vuay0mVKkik$_$3,vision,1.0
valid,WmQF5RmbsVQ$_$6,text,1.0
valid,WmQF5RmbsVQ$_$6,audio,1.0
valid,WmQF5RmbsVQ$_$6,vision,1.0
valid,Wrcf2xtqbkQ$_$9,text,1.0
valid,Wrcf2xtqbkQ$_$9,audio,1.0
valid,Wrcf2xtqbkQ$_$9,vision,1.0
valid,Wrcf2xtqbkQ$_$8,text,1.0
valid,Wrcf2xtqbkQ$_$8,audio,1.0
valid,Wrcf2xtqbkQ$_$8,vision,1.0
valid,WxajvjGKz7Y$_$0,text,1.0
valid,WxajvjGKz7Y$_$0,audio,1.0
valid,WxajvjGKz7Y$_$0,vision,1.0
valid,WxajvjGKz7Y$_$3,text,1.0
valid,WxajvjGKz7Y$_$3,audio,1.0
valid,WxajvjGKz7Y$_$3,vision,1.0
valid,WxajvjGKz7Y$_$6,text,1.0
valid,WxajvjGKz7Y$_$6,audio,1.0
valid,WxajvjGKz7Y$_$6,vision,1.0
valid,XIGpuL-Kkyk$_$12,text,1.0
valid,XIGpuL-Kkyk$_$12,audio,1.0
valid,XIGpuL-Kkyk$_$12,vision,0.39285714285714285
valid,XIGpuL-Kkyk$_$0,text,1.0
valid,XIGpuL-Kkyk$_$0,audio,1.0
valid,XIGpuL-Kkyk$_$0,vision,0.0
valid,XIGpuL-Kkyk$_$4,text,1.0
valid,XIGpuL-Kkyk$_$4,audio,1.0
valid,XIGpuL-Kkyk$_$4,vision,1.0
valid,XIGpuL-Kkyk$_$7,text,1.0
valid,XIGpuL-Kkyk$_$7,audio,1.0
valid,XIGpuL-Kkyk$_$7,vision,0.0
valid,XaVYxIW0FDg$_$2,text,1.0
valid,XaVYxIW0FDg$_$2,audio,1.0
valid,XaVYxIW0FDg$_$2,vision,1.0
valid,XyP8bVmGX6M$_$4,text,1.0
valid,XyP8bVmGX6M$_$4,audio,1.0
valid,XyP8bVmGX6M$_$4,vision,1.0
valid,XzVapdEr_GY$_$3,text,1.0
valid,XzVapdEr_GY$_$3,audio,1.0
valid,XzVapdEr_GY$_$3,vision,1.0
valid,XzVapdEr_GY$_$4,text,1.0
valid,XzVapdEr_GY$_$4,audio,1.0
valid,XzVapdEr_GY$_$4,vision,1.0
valid,Y7h-S3cJ52o$_$0,text,1.0
valid,Y7h-S3cJ52o$_$0,audio,1.0
valid,Y7h-S3cJ52o$_$0,vision,1.0
valid,Y7qkyMyanjU$_$2,text,1.0
valid,Y7qkyMyanjU$_$2,audio,1.0
valid,Y7qkyMyanjU$_$2,vision,0.0
valid,Y7qkyMyanjU$_$4,text,1.0
valid,Y7qkyMyanjU$_$4,audio,1.0
valid,Y7qkyMyanjU$_$4,vision,0.0
valid,YbuG8xyUO-o$_$3,text,1.0
valid,YbuG8xyUO-o$_$3,audio,1.0
valid,YbuG8xyUO-o$_$3,vision,1.0
valid,YbuG8xyUO-o$_$2,text,1.0
valid,YbuG8xyUO-o$_$2,audio,1.0
valid,YbuG8xyUO-o$_$2,vision,1.0
valid,Z7L3V5bwzI0$_$2,text,1.0
valid,Z7L3V5bwzI0$_$2,audio,1.0
valid,Z7L3V5bwzI0$_$2,vision,1.0
valid,ZaoFHcbRM9g$_$3,text,1.0
valid,ZaoFHcbRM9g$_$3,audio,1.0
valid,ZaoFHcbRM9g$_$3,vision,1.0
valid,ZaoFHcbRM9g$_$2,text,1.0
valid,ZaoFHcbRM9g$_$2,audio,1.0
valid,ZaoFHcbRM9g$_$2,vision,1.0
valid,ZaoFHcbRM9g$_$5,text,1.0
valid,ZaoFHcbRM9g$_$5,audio,1.0
valid,ZaoFHcbRM9g$_$5,vision,1.0
valid,ZaoFHcbRM9g$_$9,text,1.0
valid,ZaoFHcbRM9g$_$9,audio,1.0
valid,ZaoFHcbRM9g$_$9,vision,1.0
valid,ZaoFHcbRM9g$_$8,text,1.0
valid,ZaoFHcbRM9g$_$8,audio,1.0
valid,ZaoFHcbRM9g$_$8,vision,1.0
valid,Zvisaa77Cng$_$1,text,1.0
valid,Zvisaa77Cng$_$1,audio,1.0
valid,Zvisaa77Cng$_$1,vision,1.0
valid,Zvisaa77Cng$_$5,text,1.0
valid,Zvisaa77Cng$_$5,audio,1.0
valid,Zvisaa77Cng$_$5,vision,1.0
valid,_7HVhnSYX1Y$_$26,text,1.0
valid,_7HVhnSYX1Y$_$26,audio,1.0
valid,_7HVhnSYX1Y$_$26,vision,1.0
valid,_7HVhnSYX1Y$_$12,text,1.0
valid,_7HVhnSYX1Y$_$12,audio,1.0
valid,_7HVhnSYX1Y$_$12,vision,1.0
valid,_7HVhnSYX1Y$_$14,text,1.0
valid,_7HVhnSYX1Y$_$14,audio,1.0
valid,_7HVhnSYX1Y$_$14,vision,1.0
valid,_7HVhnSYX1Y$_$19,text,1.0
valid,_7HVhnSYX1Y$_$19,audio,1.0
valid,_7HVhnSYX1Y$_$19,vision,1.0
valid,_7HVhnSYX1Y$_$31,text,1.0
valid,_7HVhnSYX1Y$_$31,audio,1.0
valid,_7HVhnSYX1Y$_$31,vision,1.0
valid,_7HVhnSYX1Y$_$3,text,1.0
valid,_7HVhnSYX1Y$_$3,audio,1.0
valid,_7HVhnSYX1Y$_$3,vision,1.0
valid,_BvNNdEkhZA$_$14,text,1.0
valid,_BvNNdEkhZA$_$14,audio,1.0
valid,_BvNNdEkhZA$_$14,vision,1.0
valid,_BvNNdEkhZA$_$19,text,1.0
valid,_BvNNdEkhZA$_$19,audio,1.0
valid,_BvNNdEkhZA$_$19,vision,1.0
valid,_BvNNdEkhZA$_$7,text,1.0
valid,_BvNNdEkhZA$_$7,audio,1.0
valid,_BvNNdEkhZA$_$7,vision,1.0
valid,_BvNNdEkhZA$_$6,text,1.0
valid,_BvNNdEkhZA$_$6,audio,1.0
valid,_BvNNdEkhZA$_$6,vision,1.0
valid,_BvNNdEkhZA$_$9,text,1.0
valid,_BvNNdEkhZA$_$9,audio,1.0
valid,_BvNNdEkhZA$_$9,vision,1.0
valid,_aZDaIfGfPo$_$1,text,1.0
valid,_aZDaIfGfPo$_$1,audio,1.0
valid,_aZDaIfGfPo$_$1,vision,1.0
valid,_aZDaIfGfPo$_$0,text,1.0
valid,_aZDaIfGfPo$_$0,audio,1.0
valid,_aZDaIfGfPo$_$0,vision,1.0
valid,_gr7o5ynhnw$_$13,text,1.0
valid,_gr7o5ynhnw$_$13,audio,1.0
valid,_gr7o5ynhnw$_$13,vision,1.0
valid,_gr7o5ynhnw$_$12,text,1.0
valid,_gr7o5ynhnw$_$12,audio,1.0
valid,_gr7o5ynhnw$_$12,vision,1.0
valid,_gr7o5ynhnw$_$15,text,1.0
valid,_gr7o5ynhnw$_$15,audio,1.0
valid,_gr7o5ynhnw$_$15,vision,1.0
valid,_gzYkdjNvPc$_$12,text,1.0
valid,_gzYkdjNvPc$_$12,audio,1.0
valid,_gzYkdjNvPc$_$12,vision,1.0
valid,_gzYkdjNvPc$_$17,text,1.0
valid,_gzYkdjNvPc$_$17,audio,1.0
valid,_gzYkdjNvPc$_$17,vision,1.0
valid,_gzYkdjNvPc$_$1,text,1.0
valid,_gzYkdjNvPc$_$1,audio,1.0
valid,_gzYkdjNvPc$_$1,vision,1.0
valid,_gzYkdjNvPc$_$3,text,1.0
valid,_gzYkdjNvPc$_$3,audio,1.0
valid,_gzYkdjNvPc$_$3,vision,1.0
valid,_gzYkdjNvPc$_$2,text,1.0
valid,_gzYkdjNvPc$_$2,audio,1.0
valid,_gzYkdjNvPc$_$2,vision,1.0
valid,_gzYkdjNvPc$_$5,text,1.0
valid,_gzYkdjNvPc$_$5,audio,1.0
valid,_gzYkdjNvPc$_$5,vision,1.0
valid,_gzYkdjNvPc$_$4,text,1.0
valid,_gzYkdjNvPc$_$4,audio,1.0
valid,_gzYkdjNvPc$_$4,vision,1.0
valid,_gzYkdjNvPc$_$6,text,1.0
valid,_gzYkdjNvPc$_$6,audio,1.0
valid,_gzYkdjNvPc$_$6,vision,1.0
valid,_gzYkdjNvPc$_$9,text,1.0
valid,_gzYkdjNvPc$_$9,audio,1.0
valid,_gzYkdjNvPc$_$9,vision,1.0
valid,a-WihYDk6vc$_$8,text,1.0
valid,a-WihYDk6vc$_$8,audio,1.0
valid,a-WihYDk6vc$_$8,vision,1.0
valid,a-WihYDk6vc$_$0,text,1.0
valid,a-WihYDk6vc$_$0,audio,1.0
valid,a-WihYDk6vc$_$0,vision,1.0
valid,aFhc2ddipoM$_$14,text,1.0
valid,aFhc2ddipoM$_$14,audio,1.0
valid,aFhc2ddipoM$_$14,vision,1.0
valid,aK5tRCXjUvU$_$0,text,1.0
valid,aK5tRCXjUvU$_$0,audio,1.0
valid,aK5tRCXjUvU$_$0,vision,1.0
valid,b-FX9NOVQOM$_$1,text,1.0
valid,b-FX9NOVQOM$_$1,audio,1.0
valid,b-FX9NOVQOM$_$1,vision,0.7407407407407407
valid,b-FX9NOVQOM$_$4,text,1.0
valid,b-FX9NOVQOM$_$4,audio,1.0
valid,b-FX9NOVQOM$_$4,vision,0.6
valid,b1LEcg6z66g$_$0,text,1.0
valid,b1LEcg6z66g$_$0,audio,1.0
valid,b1LEcg6z66g$_$0,vision,1.0
valid,b1LEcg6z66g$_$4,text,1.0
valid,b1LEcg6z66g$_$4,audio,1.0
valid,b1LEcg6z66g$_$4,vision,1.0
valid,b1LEcg6z66g$_$8,text,1.0
valid,b1LEcg6z66g$_$8,audio,1.0
valid,b1LEcg6z66g$_$8,vision,1.0
valid,bAkUEnPoucg$_$3,text,1.0
valid,bAkUEnPoucg$_$3,audio,1.0
valid,bAkUEnPoucg$_$3,vision,1.0
valid,bNQkb4K5DX0$_$3,text,1.0
valid,bNQkb4K5DX0$_$3,audio,1.0
valid,bNQkb4K5DX0$_$3,vision,1.0
valid,bNQkb4K5DX0$_$7,text,1.0
valid,bNQkb4K5DX0$_$7,audio,1.0
valid,bNQkb4K5DX0$_$7,vision,1.0
valid,bWunvAd96zI$_$1,text,1.0
valid,bWunvAd96zI$_$1,audio,1.0
valid,bWunvAd96zI$_$1,vision,1.0
valid,bWunvAd96zI$_$2,text,1.0
valid,bWunvAd96zI$_$2,audio,1.0
valid,bWunvAd96zI$_$2,vision,1.0
valid,bWunvAd96zI$_$5,text,1.0
valid,bWunvAd96zI$_$5,audio,1.0
valid,bWunvAd96zI$_$5,vision,1.0
valid,bWunvAd96zI$_$4,text,1.0
valid,bWunvAd96zI$_$4,audio,1.0
valid,bWunvAd96zI$_$4,vision,1.0
valid,bj9e8w4vNxo$_$12,text,1.0
valid,bj9e8w4vNxo$_$12,audio,1.0
valid,bj9e8w4vNxo$_$12,vision,1.0
valid,bpvYdXVlgvc$_$1,text,1.0
valid,bpvYdXVlgvc$_$1,audio,1.0
valid,bpvYdXVlgvc$_$1,vision,1.0
valid,bpvYdXVlgvc$_$3,text,1.0
valid,bpvYdXVlgvc$_$3,audio,1.0
valid,bpvYdXVlgvc$_$3,vision,1.0
valid,bpvYdXVlgvc$_$4,text,1.0
valid,bpvYdXVlgvc$_$4,audio,1.0
valid,bpvYdXVlgvc$_$4,vision,1.0
valid,bpvYdXVlgvc$_$6,text,1.0
valid,bpvYdXVlgvc$_$6,audio,1.0
valid,bpvYdXVlgvc$_$6,vision,1.0
valid,c1a1y9ytHH0$_$0,text,1.0
valid,c1a1y9ytHH0$_$0,audio,1.0
valid,c1a1y9ytHH0$_$0,vision,0.8518518518518519
valid,c1a1y9ytHH0$_$3,text,1.0
valid,c1a1y9ytHH0$_$3,audio,1.0
valid,c1a1y9ytHH0$_$3,vision,0.5172413793103449
valid,c1a1y9ytHH0$_$7,text,1.0
valid,c1a1y9ytHH0$_$7,audio,1.0
valid,c1a1y9ytHH0$_$7,vision,0.8181818181818182
valid,c5cB7AfVgcE$_$12,text,1.0
valid,c5cB7AfVgcE$_$12,audio,1.0
valid,c5cB7AfVgcE$_$12,vision,0.967741935483871
valid,c5cB7AfVgcE$_$5,text,1.0
valid,c5cB7AfVgcE$_$5,audio,1.0
valid,c5cB7AfVgcE$_$5,vision,1.0
valid,d8BR6hsvzoY$_$1,text,1.0
valid,d8BR6hsvzoY$_$1,audio,1.0
valid,d8BR6hsvzoY$_$1,vision,1.0
valid,d8BR6hsvzoY$_$0,text,1.0
valid,d8BR6hsvzoY$_$0,audio,1.0
valid,d8BR6hsvzoY$_$0,vision,1.0
valid,d8BR6hsvzoY$_$2,text,1.0
valid,d8BR6hsvzoY$_$2,audio,1.0
valid,d8BR6hsvzoY$_$2,vision,1.0
valid,d8BR6hsvzoY$_$5,text,1.0
valid,d8BR6hsvzoY$_$5,audio,1.0
valid,d8BR6hsvzoY$_$5,vision,1.0
valid,d8BR6hsvzoY$_$6,text,1.0
valid,d8BR6hsvzoY$_$6,audio,1.0
valid,d8BR6hsvzoY$_$6,vision,1.0
valid,d8BR6hsvzoY$_$9,text,1.0
valid,d8BR6hsvzoY$_$9,audio,1.0
valid,d8BR6hsvzoY$_$9,vision,1.0
valid,d8BR6hsvzoY$_$8,text,1.0
valid,d8BR6hsvzoY$_$8,audio,1.0
valid,d8BR6hsvzoY$_$8,vision,1.0
valid,dBWvtPeHpWM$_$4,text,1.0
valid,dBWvtPeHpWM$_$4,audio,1.0
valid,dBWvtPeHpWM$_$4,vision,1.0
valid,dEDbm2ubVRQ$_$0,text,1.0
valid,dEDbm2ubVRQ$_$0,audio,1.0
valid,dEDbm2ubVRQ$_$0,vision,1.0
valid,dEDbm2ubVRQ$_$3,text,1.0
valid,dEDbm2ubVRQ$_$3,audio,1.0
valid,dEDbm2ubVRQ$_$3,vision,1.0
valid,dEDbm2ubVRQ$_$8,text,1.0
valid,dEDbm2ubVRQ$_$8,audio,1.0
valid,dEDbm2ubVRQ$_$8,vision,1.0
valid,dt641WxonBI$_$1,text,1.0
valid,dt641WxonBI$_$1,audio,1.0
valid,dt641WxonBI$_$1,vision,1.0
valid,dt641WxonBI$_$3,text,1.0
valid,dt641WxonBI$_$3,audio,1.0
valid,dt641WxonBI$_$3,vision,1.0
valid,eOiC1kb17P4$_$0,text,1.0
valid,eOiC1kb17P4$_$0,audio,1.0
valid,eOiC1kb17P4$_$0,vision,1.0
valid,erNDEjQeox8$_$12,text,1.0
valid,erNDEjQeox8$_$12,audio,1.0
valid,erNDEjQeox8$_$12,vision,1.0
valid,ewBrNsyY82Q$_$4,text,1.0
valid,ewBrNsyY82Q$_$4,audio,1.0
valid,ewBrNsyY82Q$_$4,vision,1.0
valid,fWOIAxzBQFY$_$12,text,1.0
valid,fWOIAxzBQFY$_$12,audio,1.0
valid,fWOIAxzBQFY$_$12,vision,1.0
valid,fWOIAxzBQFY$_$5,text,1.0
valid,fWOIAxzBQFY$_$5,audio,1.0
valid,fWOIAxzBQFY$_$5,vision,1.0
valid,fWOIAxzBQFY$_$7,text,1.0
valid,fWOIAxzBQFY$_$7,audio,1.0
valid,fWOIAxzBQFY$_$7,vision,1.0
valid,f_ZJ7L14oYQ$_$11,text,1.0
valid,f_ZJ7L14oYQ$_$11,audio,1.0
valid,f_ZJ7L14oYQ$_$11,vision,1.0
valid,f_ZJ7L14oYQ$_$27,text,1.0
valid,f_ZJ7L14oYQ$_$27,audio,1.0
valid,f_ZJ7L14oYQ$_$27,vision,1.0
valid,f_ZJ7L14oYQ$_$21,text,1.0
valid,f_ZJ7L14oYQ$_$21,audio,1.0
valid,f_ZJ7L14oYQ$_$21,vision,1.0
valid,f_ZJ7L14oYQ$_$17,text,1.0
valid,f_ZJ7L14oYQ$_$17,audio,1.0
valid,f_ZJ7L14oYQ$_$17,vision,1.0
valid,f_ZJ7L14oYQ$_$9,text,1.0
valid,f_ZJ7L14oYQ$_$9,audio,1.0
valid,f_ZJ7L14oYQ$_$9,vision,1.0
valid,f_ZJ7L14oYQ$_$8,text,1.0
valid,f_ZJ7L14oYQ$_$8,audio,1.0
valid,f_ZJ7L14oYQ$_$8,vision,1.0
valid,ffrJ91swyq0$_$1,text,1.0
valid,ffrJ91swyq0$_$1,audio,1.0
valid,ffrJ91swyq0$_$1,vision,1.0
valid,g8Cl74tS3oY$_$2,text,1.0
valid,g8Cl74tS3oY$_$2,audio,1.0
valid,g8Cl74tS3oY$_$2,vision,1.0
valid,g8Cl74tS3oY$_$6,text,1.0
valid,g8Cl74tS3oY$_$6,audio,1.0
valid,g8Cl74tS3oY$_$6,vision,1.0
valid,gR4gM_WXesQ$_$10,text,1.0
valid,gR4gM_WXesQ$_$10,audio,1.0
valid,gR4gM_WXesQ$_$10,vision,1.0
valid,gR4gM_WXesQ$_$26,text,1.0
valid,gR4gM_WXesQ$_$26,audio,1.0
valid,gR4gM_WXesQ$_$26,vision,1.0
valid,gR4gM_WXesQ$_$20,text,1.0
valid,gR4gM_WXesQ$_$20,audio,1.0
valid,gR4gM_WXesQ$_$20,vision,1.0
valid,gR4gM_WXesQ$_$24,text,1.0
valid,gR4gM_WXesQ$_$24,audio,1.0
valid,gR4gM_WXesQ$_$24,vision,1.0
valid,gR4gM_WXesQ$_$18,text,1.0
valid,gR4gM_WXesQ$_$18,audio,1.0
valid,gR4gM_WXesQ$_$18,vision,1.0
valid,gR4gM_WXesQ$_$3,text,1.0
valid,gR4gM_WXesQ$_$3,audio,1.0
valid,gR4gM_WXesQ$_$3,vision,0.8148148148148148
valid,gR4gM_WXesQ$_$4,text,1.0
valid,gR4gM_WXesQ$_$4,audio,1.0
valid,gR4gM_WXesQ$_$4,vision,1.0
valid,gR4gM_WXesQ$_$8,text,1.0
valid,gR4gM_WXesQ$_$8,audio,1.0
valid,gR4gM_WXesQ$_$8,vision,1.0
valid,gVqs4TzqySw$_$1,text,1.0
valid,gVqs4TzqySw$_$1,audio,1.0
valid,gVqs4TzqySw$_$1,vision,0.8863636363636364
valid,gVqs4TzqySw$_$3,text,1.0
valid,gVqs4TzqySw$_$3,audio,1.0
valid,gVqs4TzqySw$_$3,vision,0.52
valid,gVqs4TzqySw$_$2,text,1.0
valid,gVqs4TzqySw$_$2,audio,1.0
valid,gVqs4TzqySw$_$2,vision,0.5185185185185185
valid,gVqs4TzqySw$_$4,text,1.0
valid,gVqs4TzqySw$_$4,audio,1.0
valid,gVqs4TzqySw$_$4,vision,1.0
valid,goMtnNHQ_z4$_$1,text,1.0
valid,goMtnNHQ_z4$_$1,audio,1.0
valid,goMtnNHQ_z4$_$1,vision,1.0
valid,goMtnNHQ_z4$_$2,text,1.0
valid,goMtnNHQ_z4$_$2,audio,1.0
valid,goMtnNHQ_z4$_$2,vision,1.0
valid,goMtnNHQ_z4$_$13,text,1.0
valid,goMtnNHQ_z4$_$13,audio,1.0
valid,goMtnNHQ_z4$_$13,vision,1.0
valid,goMtnNHQ_z4$_$12,text,1.0
valid,goMtnNHQ_z4$_$12,audio,1.0
valid,goMtnNHQ_z4$_$12,vision,1.0
valid,hqzF4IDaIYE$_$0,text,1.0
valid,hqzF4IDaIYE$_$0,audio,1.0
valid,hqzF4IDaIYE$_$0,vision,1.0
valid,hqzF4IDaIYE$_$3,text,1.0
valid,hqzF4IDaIYE$_$3,audio,1.0
valid,hqzF4IDaIYE$_$3,vision,1.0
valid,hqzF4IDaIYE$_$2,text,1.0
valid,hqzF4IDaIYE$_$2,audio,1.0
valid,hqzF4IDaIYE$_$2,vision,1.0
valid,hqzF4IDaIYE$_$4,text,1.0
valid,hqzF4IDaIYE$_$4,audio,1.0
valid,hqzF4IDaIYE$_$4,vision,1.0
valid,hqzF4IDaIYE$_$6,text,1.0
valid,hqzF4IDaIYE$_$6,audio,1.0
valid,hqzF4IDaIYE$_$6,vision,1.0
valid,hvfaYsv7p8E$_$0,text,1.0
valid,hvfaYsv7p8E$_$0,audio,1.0
valid,hvfaYsv7p8E$_$0,vision,1.0
valid,iUXqlrui25c$_$10,text,1.0
valid,iUXqlrui25c$_$10,audio,1.0
valid,iUXqlrui25c$_$10,vision,1.0
valid,iUXqlrui25c$_$21,text,1.0
valid,iUXqlrui25c$_$21,audio,1.0
valid,iUXqlrui25c$_$21,vision,1.0
valid,iUXqlrui25c$_$23,text,1.0
valid,iUXqlrui25c$_$23,audio,1.0
valid,iUXqlrui25c$_$23,vision,1.0
valid,icbUzboLcDQ$_$0,text,1.0
valid,icbUzboLcDQ$_$0,audio,1.0
valid,icbUzboLcDQ$_$0,vision,1.0
valid,ioupaiAuRr0$_$5,text,1.0
valid,ioupaiAuRr0$_$5,audio,1.0
valid,ioupaiAuRr0$_$5,vision,1.0
valid,ioupaiAuRr0$_$4,text,1.0
valid,ioupaiAuRr0$_$4,audio,1.0
valid,ioupaiAuRr0$_$4,vision,1.0
valid,jICmfLeFymA$_$16,text,1.0
valid,jICmfLeFymA$_$16,audio,1.0
valid,jICmfLeFymA$_$16,vision,1.0
valid,jPrEKz1rAno$_$11,text,1.0
valid,jPrEKz1rAno$_$11,audio,1.0
valid,jPrEKz1rAno$_$11,vision,1.0
valid,jPrEKz1rAno$_$7,text,1.0
valid,jPrEKz1rAno$_$7,audio,1.0
valid,jPrEKz1rAno$_$7,vision,1.0
valid,jPrEKz1rAno$_$6,text,1.0
valid,jPrEKz1rAno$_$6,audio,1.0
valid,jPrEKz1rAno$_$6,vision,1.0
valid,k5ZOshC2LP4$_$1,text,1.0
valid,k5ZOshC2LP4$_$1,audio,1.0
valid,k5ZOshC2LP4$_$1,vision,1.0
valid,kbGhEJ4W44o$_$0,text,1.0
valid,kbGhEJ4W44o$_$0,audio,1.0
valid,kbGhEJ4W44o$_$0,vision,1.0
valid,kfsO4c0Ekes$_$7,text,1.0
valid,kfsO4c0Ekes$_$7,audio,1.0
valid,kfsO4c0Ekes$_$7,vision,0.9629629629629629
valid,kvUb78Rdzdc$_$3,text,1.0
valid,kvUb78Rdzdc$_$3,audio,1.0
valid,kvUb78Rdzdc$_$3,vision,1.0
valid,lO87-4Kf0cQ$_$2,text,1.0
valid,lO87-4Kf0cQ$_$2,audio,1.0
valid,lO87-4Kf0cQ$_$2,vision,1.0
valid,lO87-4Kf0cQ$_$5,text,1.0
valid,lO87-4Kf0cQ$_$5,audio,1.0
valid,lO87-4Kf0cQ$_$5,vision,1.0
valid,lWf5hHRHIDs$_$11,text,1.0
valid,lWf5hHRHIDs$_$11,audio,1.0
valid,lWf5hHRHIDs$_$11,vision,1.0
valid,lawHYX5eB20$_$1,text,1.0
valid,lawHYX5eB20$_$1,audio,1.0
valid,lawHYX5eB20$_$1,vision,1.0
valid,lawHYX5eB20$_$2,text,1.0
valid,lawHYX5eB20$_$2,audio,1.0
valid,lawHYX5eB20$_$2,vision,1.0
valid,mHGaQ_nv9UY$_$13,text,1.0
valid,mHGaQ_nv9UY$_$13,audio,1.0
valid,mHGaQ_nv9UY$_$13,vision,1.0
valid,mHGaQ_nv9UY$_$14,text,1.0
valid,mHGaQ_nv9UY$_$14,audio,1.0
valid,mHGaQ_nv9UY$_$14,vision,1.0
valid,mHGaQ_nv9UY$_$17,text,1.0
valid,mHGaQ_nv9UY$_$17,audio,1.0
valid,mHGaQ_nv9UY$_$17,vision,1.0
valid,mHGaQ_nv9UY$_$22,text,1.0
valid,mHGaQ_nv9UY$_$22,audio,1.0
valid,mHGaQ_nv9UY$_$22,vision,1.0
valid,mHGaQ_nv9UY$_$5,text,1.0
valid,mHGaQ_nv9UY$_$5,audio,1.0
valid,mHGaQ_nv9UY$_$5,vision,1.0
valid,mHGaQ_nv9UY$_$4,text,1.0
valid,mHGaQ_nv9UY$_$4,audio,1.0
valid,mHGaQ_nv9UY$_$4,vision,1.0
valid,mLW-jn67gRE$_$20,text,1.0
valid,mLW-jn67gRE$_$20,audio,1.0
valid,mLW-jn67gRE$_$20,vision,0.925
valid,mLW-jn67gRE$_$17,text,1.0
valid,mLW-jn67gRE$_$17,audio,1.0
valid,mLW-jn67gRE$_$17,vision,1.0
valid,mLW-jn67gRE$_$1,text,1.0
valid,mLW-jn67gRE$_$1,audio,1.0
valid,mLW-jn67gRE$_$1,vision,1.0
valid,mLW-jn67gRE$_$3,text,1.0
valid,mLW-jn67gRE$_$3,audio,1.0
valid,mLW-jn67gRE$_$3,vision,1.0
valid,mLW-jn67gRE$_$5,text,1.0
valid,mLW-jn67gRE$_$5,audio,1.0
valid,mLW-jn67gRE$_$5,vision,1.0
valid,mLW-jn67gRE$_$6,text,1.0
valid,mLW-jn67gRE$_$6,audio,1.0
valid,mLW-jn67gRE$_$6,vision,1.0
valid,mLW-jn67gRE$_$9,text,1.0
valid,mLW-jn67gRE$_$9,audio,1.0
valid,mLW-jn67gRE$_$9,vision,1.0
valid,mjpCK2Edsv8$_$0,text,1.0
valid,mjpCK2Edsv8$_$0,audio,1.0
valid,mjpCK2Edsv8$_$0,vision,1.0
valid,nUZYqTRSGDw$_$4,text,1.0
valid,nUZYqTRSGDw$_$4,audio,1.0
valid,nUZYqTRSGDw$_$4,vision,1.0
valid,nyzIL6YAonY$_$5,text,1.0
valid,nyzIL6YAonY$_$5,audio,1.0
valid,nyzIL6YAonY$_$5,vision,1.0
valid,nyzIL6YAonY$_$6,text,1.0
valid,nyzIL6YAonY$_$6,audio,1.0
valid,nyzIL6YAonY$_$6,vision,1.0
valid,ooAF6I-fmTg$_$3,text,1.0
valid,ooAF6I-fmTg$_$3,audio,1.0
valid,ooAF6I-fmTg$_$3,vision,1.0
valid,ooAF6I-fmTg$_$5,text,1.0
valid,ooAF6I-fmTg$_$5,audio,1.0
valid,ooAF6I-fmTg$_$5,vision,1.0
valid,ooAF6I-fmTg$_$7,text,1.0
valid,ooAF6I-fmTg$_$7,audio,1.0
valid,ooAF6I-fmTg$_$7,vision,1.0
valid,pOrk7fl1AYo$_$1,text,1.0
valid,pOrk7fl1AYo$_$1,audio,1.0
valid,pOrk7fl1AYo$_$1,vision,1.0
valid,pOrk7fl1AYo$_$3,text,1.0
valid,pOrk7fl1AYo$_$3,audio,1.0
valid,pOrk7fl1AYo$_$3,vision,1.0
valid,pOrk7fl1AYo$_$2,text,1.0
valid,pOrk7fl1AYo$_$2,audio,1.0
valid,pOrk7fl1AYo$_$2,vision,1.0
valid,pOrk7fl1AYo$_$4,text,1.0
valid,pOrk7fl1AYo$_$4,audio,1.0
valid,pOrk7fl1AYo$_$4,vision,0.10526315789473684
valid,q9yDL81QppI$_$1,text,1.0
valid,q9yDL81QppI$_$1,audio,1.0
valid,q9yDL81QppI$_$1,vision,1.0
valid,q9yDL81QppI$_$0,text,1.0
valid,q9yDL81QppI$_$0,audio,1.0
valid,q9yDL81QppI$_$0,vision,1.0
valid,q9yDL81QppI$_$2,text,1.0
valid,q9yDL81QppI$_$2,audio,1.0
valid,q9yDL81QppI$_$2,vision,1.0
valid,qK77ZmbqmOM$_$9,text,1.0
valid,qK77ZmbqmOM$_$9,audio,1.0
valid,qK77ZmbqmOM$_$9,vision,0.7619047619047619
valid,qK77ZmbqmOM$_$0,text,1.0
valid,qK77ZmbqmOM$_$0,audio,1.0
valid,qK77ZmbqmOM$_$0,vision,1.0
valid,qY1sXq-YCHs$_$8,text,1.0
valid,qY1sXq-YCHs$_$8,audio,1.0
valid,qY1sXq-YCHs$_$8,vision,1.0
valid,qmMSumMloAs$_$1,text,1.0
valid,qmMSumMloAs$_$1,audio,1.0
valid,qmMSumMloAs$_$1,vision,1.0
valid,qmMSumMloAs$_$3,text,1.0
valid,qmMSumMloAs$_$3,audio,1.0
valid,qmMSumMloAs$_$3,vision,1.0
valid,qmMSumMloAs$_$2,text,1.0
valid,qmMSumMloAs$_$2,audio,1.0
valid,qmMSumMloAs$_$2,vision,1.0
valid,r13W4H8ZhqI$_$12,text,1.0
valid,r13W4H8ZhqI$_$12,audio,1.0
valid,r13W4H8ZhqI$_$12,vision,1.0
valid,r13W4H8ZhqI$_$1,text,1.0
valid,r13W4H8ZhqI$_$1,audio,1.0
valid,r13W4H8ZhqI$_$1,vision,1.0
valid,r13W4H8ZhqI$_$5,text,1.0
valid,r13W4H8ZhqI$_$5,audio,1.0
valid,r13W4H8ZhqI$_$5,vision,1.0
valid,r13W4H8ZhqI$_$8,text,1.0
valid,r13W4H8ZhqI$_$8,audio,1.0
valid,r13W4H8ZhqI$_$8,vision,1.0
valid,r5ijC2W9ddk$_$8,text,1.0
valid,r5ijC2W9ddk$_$8,audio,1.0
valid,r5ijC2W9ddk$_$8,vision,1.0
valid,r5ijC2W9ddk$_$0,text,1.0
valid,r5ijC2W9ddk$_$0,audio,1.0
valid,r5ijC2W9ddk$_$0,vision,1.0
valid,r9tgDqXEcuc$_$4,text,1.0
valid,r9tgDqXEcuc$_$4,audio,1.0
valid,r9tgDqXEcuc$_$4,vision,1.0
valid,rf0yDSeVEUA$_$1,text,1.0
valid,rf0yDSeVEUA$_$1,audio,1.0
valid,rf0yDSeVEUA$_$1,vision,1.0
valid,rf0yDSeVEUA$_$0,text,1.0
valid,rf0yDSeVEUA$_$0,audio,1.0
valid,rf0yDSeVEUA$_$0,vision,1.0
valid,rf0yDSeVEUA$_$3,text,1.0
valid,rf0yDSeVEUA$_$3,audio,1.0
valid,rf0yDSeVEUA$_$3,vision,1.0
valid,rojyUp4FPSg$_$26,text,1.0
valid,rojyUp4FPSg$_$26,audio,1.0
valid,rojyUp4FPSg$_$26,vision,1.0
valid,rojyUp4FPSg$_$20,text,1.0
valid,rojyUp4FPSg$_$20,audio,1.0
valid,rojyUp4FPSg$_$20,vision,1.0
valid,rojyUp4FPSg$_$21,text,1.0
valid,rojyUp4FPSg$_$21,audio,1.0
valid,rojyUp4FPSg$_$21,vision,1.0
valid,rojyUp4FPSg$_$23,text,1.0
valid,rojyUp4FPSg$_$23,audio,1.0
valid,rojyUp4FPSg$_$23,vision,1.0
valid,rojyUp4FPSg$_$5,text,1.0
valid,rojyUp4FPSg$_$5,audio,1.0
valid,rojyUp4FPSg$_$5,vision,1.0
valid,rojyUp4FPSg$_$7,text,1.0
valid,rojyUp4FPSg$_$7,audio,1.0
valid,rojyUp4FPSg$_$7,vision,1.0
valid,rojyUp4FPSg$_$9,text,1.0
valid,rojyUp4FPSg$_$9,audio,1.0
valid,rojyUp4FPSg$_$9,vision,1.0
valid,rojyUp4FPSg$_$10,text,1.0
valid,rojyUp4FPSg$_$10,audio,1.0
valid,rojyUp4FPSg$_$10,vision,1.0
valid,rojyUp4FPSg$_$12,text,1.0
valid,rojyUp4FPSg$_$12,audio,1.0
valid,rojyUp4FPSg$_$12,vision,1.0
valid,rojyUp4FPSg$_$16,text,1.0
valid,rojyUp4FPSg$_$16,audio,1.0
valid,rojyUp4FPSg$_$16,vision,1.0
valid,rojyUp4FPSg$_$18,text,1.0
valid,rojyUp4FPSg$_$18,audio,1.0
valid,rojyUp4FPSg$_$18,vision,1.0
valid,rojyUp4FPSg$_$37,text,1.0
valid,rojyUp4FPSg$_$37,audio,1.0
valid,rojyUp4FPSg$_$37,vision,1.0
valid,rojyUp4FPSg$_$36,text,1.0
valid,rojyUp4FPSg$_$36,audio,1.0
valid,rojyUp4FPSg$_$36,vision,1.0
valid,rojyUp4FPSg$_$34,text,1.0
valid,rojyUp4FPSg$_$34,audio,1.0
valid,rojyUp4FPSg$_$34,vision,1.0
valid,rojyUp4FPSg$_$32,text,1.0
valid,rojyUp4FPSg$_$32,audio,1.0
valid,rojyUp4FPSg$_$32,vision,1.0
valid,rwNlqh0k1j4$_$15,text,1.0
valid,rwNlqh0k1j4$_$15,audio,1.0
valid,rwNlqh0k1j4$_$15,vision,1.0
valid,rwNlqh0k1j4$_$3,text,1.0
valid,rwNlqh0k1j4$_$3,audio,1.0
valid,rwNlqh0k1j4$_$3,vision,1.0
valid,rwNlqh0k1j4$_$2,text,1.0
valid,rwNlqh0k1j4$_$2,audio,1.0
valid,rwNlqh0k1j4$_$2,vision,1.0
valid,rwNlqh0k1j4$_$7,text,1.0
valid,rwNlqh0k1j4$_$7,audio,1.0
valid,rwNlqh0k1j4$_$7,vision,1.0
valid,sC16n1k66io$_$2,text,1.0
valid,sC16n1k66io$_$2,audio,1.0
valid,sC16n1k66io$_$2,vision,1.0
valid,sC16n1k66io$_$16,text,1.0
valid,sC16n1k66io$_$16,audio,1.0
valid,sC16n1k66io$_$16,vision,1.0
valid,sPremsknoLM$_$1,text,1.0
valid,sPremsknoLM$_$1,audio,1.0
valid,sPremsknoLM$_$1,vision,0.0
valid,ssqiwP19JhM$_$10,text,1.0
valid,ssqiwP19JhM$_$10,audio,1.0
valid,ssqiwP19JhM$_$10,vision,1.0
valid,ssqiwP19JhM$_$2,text,1.0
valid,ssqiwP19JhM$_$2,audio,1.0
valid,ssqiwP19JhM$_$2,vision,1.0
valid,szic2IB9HB4$_$5,text,1.0
valid,szic2IB9HB4$_$5,audio,1.0
valid,szic2IB9HB4$_$5,vision,1.0
valid,tQ-CIfgj-Js$_$3,text,1.0
valid,tQ-CIfgj-Js$_$3,audio,0.041666666666666664
valid,tQ-CIfgj-Js$_$3,vision,0.0
valid,tXQpm-nKxNA$_$5,text,1.0
valid,tXQpm-nKxNA$_$5,audio,1.0
valid,tXQpm-nKxNA$_$5,vision,1.0
valid,tXQpm-nKxNA$_$7,text,1.0
valid,tXQpm-nKxNA$_$7,audio,1.0
valid,tXQpm-nKxNA$_$7,vision,1.0
valid,uacdDoBtT1k$_$0,text,1.0
valid,uacdDoBtT1k$_$0,audio,1.0
valid,uacdDoBtT1k$_$0,vision,0.9375
valid,uacdDoBtT1k$_$6,text,1.0
valid,uacdDoBtT1k$_$6,audio,1.0
valid,uacdDoBtT1k$_$6,vision,0.8214285714285714
valid,unNY4zIk8MM$_$1,text,1.0
valid,unNY4zIk8MM$_$1,audio,1.0
valid,unNY4zIk8MM$_$1,vision,0.16666666666666666
valid,unNY4zIk8MM$_$3,text,1.0
valid,unNY4zIk8MM$_$3,audio,1.0
valid,unNY4zIk8MM$_$3,vision,0.058823529411764705
valid,unNY4zIk8MM$_$5,text,1.0
valid,unNY4zIk8MM$_$5,audio,1.0
valid,unNY4zIk8MM$_$5,vision,0.047619047619047616
valid,unNY4zIk8MM$_$8,text,1.0
valid,unNY4zIk8MM$_$8,audio,1.0
valid,unNY4zIk8MM$_$8,vision,1.0
valid,uooIiW6dEyg$_$1,text,1.0
valid,uooIiW6dEyg$_$1,audio,1.0
valid,uooIiW6dEyg$_$1,vision,1.0
valid,uooIiW6dEyg$_$5,text,1.0
valid,uooIiW6dEyg$_$5,audio,1.0
valid,uooIiW6dEyg$_$5,vision,1.0
valid,v2Rr-EsJda8$_$0,text,1.0
valid,v2Rr-EsJda8$_$0,audio,1.0
valid,v2Rr-EsJda8$_$0,vision,0.3
valid,v2Rr-EsJda8$_$6,text,1.0
valid,v2Rr-EsJda8$_$6,audio,1.0
valid,v2Rr-EsJda8$_$6,vision,0.75
valid,v9gjg7TDlTA$_$0,text,1.0
valid,v9gjg7TDlTA$_$0,audio,1.0
valid,v9gjg7TDlTA$_$0,vision,1.0
valid,v9gjg7TDlTA$_$4,text,1.0
valid,v9gjg7TDlTA$_$4,audio,1.0
valid,v9gjg7TDlTA$_$4,vision,1.0
valid,vHzbn_YW76s$_$3,text,1.0
valid,vHzbn_YW76s$_$3,audio,1.0
valid,vHzbn_YW76s$_$3,vision,1.0
valid,vU0a4F36Ksw$_$13,text,1.0
valid,vU0a4F36Ksw$_$13,audio,1.0
valid,vU0a4F36Ksw$_$13,vision,1.0
valid,vU0a4F36Ksw$_$12,text,1.0
valid,vU0a4F36Ksw$_$12,audio,1.0
valid,vU0a4F36Ksw$_$12,vision,1.0
valid,vU0a4F36Ksw$_$17,text,1.0
valid,vU0a4F36Ksw$_$17,audio,1.0
valid,vU0a4F36Ksw$_$17,vision,1.0
valid,vU0a4F36Ksw$_$0,text,1.0
valid,vU0a4F36Ksw$_$0,audio,1.0
valid,vU0a4F36Ksw$_$0,vision,1.0
valid,vU0a4F36Ksw$_$3,text,1.0
valid,vU0a4F36Ksw$_$3,audio,1.0
valid,vU0a4F36Ksw$_$3,vision,1.0
valid,vU0a4F36Ksw$_$5,text,1.0
valid,vU0a4F36Ksw$_$5,audio,1.0
valid,vU0a4F36Ksw$_$5,vision,1.0
valid,vU0a4F36Ksw$_$7,text,1.0
valid,vU0a4F36Ksw$_$7,audio,1.0
valid,vU0a4F36Ksw$_$7,vision,1.0
valid,vU0a4F36Ksw$_$20,text,1.0
valid,vU0a4F36Ksw$_$20,audio,1.0
valid,vU0a4F36Ksw$_$20,vision,1.0
valid,vbr3EA8cJTI$_$0,text,1.0
valid,vbr3EA8cJTI$_$0,audio,1.0
valid,vbr3EA8cJTI$_$0,vision,1.0
valid,vbr3EA8cJTI$_$2,text,1.0
valid,vbr3EA8cJTI$_$2,audio,1.0
valid,vbr3EA8cJTI$_$2,vision,0.96
valid,vbr3EA8cJTI$_$7,text,1.0
valid,vbr3EA8cJTI$_$7,audio,1.0
valid,vbr3EA8cJTI$_$7,vision,1.0
valid,vbr3EA8cJTI$_$6,text,1.0
valid,vbr3EA8cJTI$_$6,audio,1.0
valid,vbr3EA8cJTI$_$6,vision,1.0
valid,wF8980oGklk$_$24,text,1.0
valid,wF8980oGklk$_$24,audio,1.0
valid,wF8980oGklk$_$24,vision,1.0
valid,wF8980oGklk$_$25,text,1.0
valid,wF8980oGklk$_$25,audio,1.0
valid,wF8980oGklk$_$25,vision,1.0
valid,wF8980oGklk$_$1,text,1.0
valid,wF8980oGklk$_$1,audio,1.0
valid,wF8980oGklk$_$1,vision,1.0
valid,wF8980oGklk$_$0,text,1.0
valid,wF8980oGklk$_$0,audio,1.0
valid,wF8980oGklk$_$0,vision,0.2777777777777778
valid,wF8980oGklk$_$3,text,1.0
valid,wF8980oGklk$_$3,audio,1.0
valid,wF8980oGklk$_$3,vision,1.0
valid,wF8980oGklk$_$2,text,1.0
valid,wF8980oGklk$_$2,audio,1.0
valid,wF8980oGklk$_$2,vision,1.0
valid,wF8980oGklk$_$6,text,1.0
valid,wF8980oGklk$_$6,audio,1.0
valid,wF8980oGklk$_$6,vision,0.9583333333333334
valid,wF8980oGklk$_$17,text,1.0
valid,wF8980oGklk$_$17,audio,1.0
valid,wF8980oGklk$_$17,vision,0.5652173913043478
valid,wosolsrH3sM$_$6,text,1.0
valid,wosolsrH3sM$_$6,audio,1.0
valid,wosolsrH3sM$_$6,vision,1.0
valid,x-zGBp7axao$_$3,text,1.0
valid,x-zGBp7axao$_$3,audio,1.0
valid,x-zGBp7axao$_$3,vision,1.0
valid,x2lOwQaAn4g$_$4,text,1.0
valid,x2lOwQaAn4g$_$4,audio,1.0
valid,x2lOwQaAn4g$_$4,vision,0.7777777777777778
valid,xUgAP84vsg4$_$15,text,1.0
valid,xUgAP84vsg4$_$15,audio,1.0
valid,xUgAP84vsg4$_$15,vision,0.6190476190476191
valid,xUgAP84vsg4$_$4,text,1.0
valid,xUgAP84vsg4$_$4,audio,1.0
valid,xUgAP84vsg4$_$4,vision,1.0
valid,xUgAP84vsg4$_$8,text,1.0
valid,xUgAP84vsg4$_$8,audio,1.0
valid,xUgAP84vsg4$_$8,vision,1.0
valid,xivYoEUQ5sk$_$5,text,1.0
valid,xivYoEUQ5sk$_$5,audio,1.0
valid,xivYoEUQ5sk$_$5,vision,1.0
valid,xivYoEUQ5sk$_$4,text,1.0
valid,xivYoEUQ5sk$_$4,audio,1.0
valid,xivYoEUQ5sk$_$4,vision,1.0
valid,xjsaS-LeZ14$_$20,text,1.0
valid,xjsaS-LeZ14$_$20,audio,1.0
valid,xjsaS-LeZ14$_$20,vision,1.0
valid,xjsaS-LeZ14$_$14,text,1.0
valid,xjsaS-LeZ14$_$14,audio,1.0
valid,xjsaS-LeZ14$_$14,vision,0.631578947368421
valid,xjsaS-LeZ14$_$6,text,1.0
valid,xjsaS-LeZ14$_$6,audio,1.0
valid,xjsaS-LeZ14$_$6,vision,1.0
valid,y8HXGm1-Ecw$_$7,text,1.0
valid,y8HXGm1-Ecw$_$7,audio,1.0
valid,y8HXGm1-Ecw$_$7,vision,1.0
valid,y9FyTEyGy5Y$_$1,text,1.0
valid,y9FyTEyGy5Y$_$1,audio,1.0
valid,y9FyTEyGy5Y$_$1,vision,1.0
valid,zhE_68GMJIk$_$8,text,1.0
valid,zhE_68GMJIk$_$8,audio,1.0
valid,zhE_68GMJIk$_$8,vision,1.0
valid,zhE_68GMJIk$_$5,text,1.0
valid,zhE_68GMJIk$_$5,audio,1.0
valid,zhE_68GMJIk$_$5,vision,1.0
valid,zjYEBwXGD8I$_$13,text,1.0
valid,zjYEBwXGD8I$_$13,audio,1.0
valid,zjYEBwXGD8I$_$13,vision,1.0
valid,zjYEBwXGD8I$_$15,text,1.0
valid,zjYEBwXGD8I$_$15,audio,1.0
valid,zjYEBwXGD8I$_$15,vision,0.05
valid,zjYEBwXGD8I$_$0,text,1.0
valid,zjYEBwXGD8I$_$0,audio,1.0
valid,zjYEBwXGD8I$_$0,vision,1.0
valid,zjYEBwXGD8I$_$2,text,1.0
valid,zjYEBwXGD8I$_$2,audio,1.0
valid,zjYEBwXGD8I$_$2,vision,1.0
valid,zjYEBwXGD8I$_$4,text,1.0
valid,zjYEBwXGD8I$_$4,audio,1.0
valid,zjYEBwXGD8I$_$4,vision,0.0
valid,zjYEBwXGD8I$_$9,text,1.0
valid,zjYEBwXGD8I$_$9,audio,1.0
valid,zjYEBwXGD8I$_$9,vision,0.6538461538461539
valid,zk2jTlAtvSU$_$3,text,1.0
valid,zk2jTlAtvSU$_$3,audio,1.0
valid,zk2jTlAtvSU$_$3,vision,0.96875
