sample_id,display_row,position,modality,state
112433$_$10,0,0,text,0
112433$_$10,0,1,text,2
112433$_$10,0,2,text,0
112433$_$10,0,3,text,0
112433$_$10,0,4,text,0
112433$_$10,0,5,text,0
112433$_$10,0,6,text,0
112433$_$10,0,7,text,0
112433$_$10,0,8,text,0
112433$_$10,0,9,text,0
112433$_$10,0,10,text,0
112433$_$10,0,11,text,0
112433$_$10,0,12,text,0
112433$_$10,0,13,text,0
112433$_$10,0,14,text,0
112433$_$10,0,15,text,0
112433$_$10,0,16,text,0
112433$_$10,0,17,text,0
112433$_$10,0,18,text,0
112433$_$10,0,19,text,0
112433$_$10,0,20,text,0
112433$_$10,0,21,text,0
112433$_$10,0,22,text,0
112433$_$10,0,23,text,0
112433$_$10,0,24,text,0
112433$_$10,0,25,text,0
112433$_$10,0,26,text,0
112433$_$10,0,27,text,0
112433$_$10,0,28,text,0
112433$_$10,0,29,text,0
112433$_$10,0,30,text,0
112433$_$10,0,31,text,0
112433$_$10,0,32,text,0
112433$_$10,0,33,text,0
112433$_$10,0,34,text,0
112433$_$10,0,35,text,0
112433$_$10,0,36,text,0
112433$_$10,0,37,text,0
112433$_$10,0,38,text,0
112433$_$10,0,39,text,0
112433$_$10,0,40,text,0
112433$_$10,0,41,text,0
112433$_$10,0,42,text,0
112433$_$10,0,43,text,0
112433$_$10,0,44,text,0
112433$_$10,0,45,text,0
112433$_$10,0,46,text,0
112433$_$10,0,47,text,0
112433$_$10,0,48,text,0
112433$_$10,0,49,text,0
80855$_$2,1,0,text,0
80855$_$2,1,1,text,2
80855$_$2,1,2,text,2
80855$_$2,1,3,text,2
80855$_$2,1,4,text,2
80855$_$2,1,5,text,2
80855$_$2,1,6,text,0
80855$_$2,1,7,text,0
80855$_$2,1,8,text,0
80855$_$2,1,9,text,0
80855$_$2,1,10,text,0
80855$_$2,1,11,text,0
80855$_$2,1,12,text,0
80855$_$2,1,13,text,0
80855$_$2,1,14,text,0
80855$_$2,1,15,text,0
80855$_$2,1,16,text,0
80855$_$2,1,17,text,0
80855$_$2,1,18,text,0
80855$_$2,1,19,text,0
80855$_$2,1,20,text,0
80855$_$2,1,21,text,0
80855$_$2,1,22,text,0
80855$_$2,1,23,text,0
80855$_$2,1,24,text,0
80855$_$2,1,25,text,0
80855$_$2,1,26,text,0
80855$_$2,1,27,text,0
80855$_$2,1,28,text,0
80855$_$2,1,29,text,0
80855$_$2,1,30,text,0
80855$_$2,1,31,text,0
80855$_$2,1,32,text,0
80855$_$2,1,33,text,0
80855$_$2,1,34,text,0
80855$_$2,1,35,text,0
80855$_$2,1,36,text,0
80855$_$2,1,37,text,0
80855$_$2,1,38,text,0
80855$_$2,1,39,text,0
80855$_$2,1,40,text,0
80855$_$2,1,41,text,0
80855$_$2,1,42,text,0
80855$_$2,1,43,text,0
80855$_$2,1,44,text,0
80855$_$2,1,45,text,0
80855$_$2,1,46,text,0
80855$_$2,1,47,text,0
80855$_$2,1,48,text,0
80855$_$2,1,49,text,0
sPremsknoLM$_$1,2,0,text,0
sPremsknoLM$_$1,2,1,text,2
sPremsknoLM$_$1,2,2,text,2
sPremsknoLM$_$1,2,3,text,2
sPremsknoLM$_$1,2,4,text,2
sPremsknoLM$_$1,2,5,text,2
sPremsknoLM$_$1,2,6,text,2
sPremsknoLM$_$1,2,7,text,0
sPremsknoLM$_$1,2,8,text,0
sPremsknoLM$_$1,2,9,text,0
sPremsknoLM$_$1,2,10,text,0
sPremsknoLM$_$1,2,11,text,0
sPremsknoLM$_$1,2,12,text,0
sPremsknoLM$_$1,2,13,text,0
sPremsknoLM$_$1,2,14,text,0
sPremsknoLM$_$1,2,15,text,0
sPremsknoLM$_$1,2,16,text,0
sPremsknoLM$_$1,2,17,text,0
sPremsknoLM$_$1,2,18,text,0
sPremsknoLM$_$1,2,19,text,0
sPremsknoLM$_$1,2,20,text,0
sPremsknoLM$_$1,2,21,text,0
sPremsknoLM$_$1,2,22,text,0
sPremsknoLM$_$1,2,23,text,0
sPremsknoLM$_$1,2,24,text,0
sPremsknoLM$_$1,2,25,text,0
sPremsknoLM$_$1,2,26,text,0
sPremsknoLM$_$1,2,27,text,0
sPremsknoLM$_$1,2,28,text,0
sPremsknoLM$_$1,2,29,text,0
sPremsknoLM$_$1,2,30,text,0
sPremsknoLM$_$1,2,31,text,0
sPremsknoLM$_$1,2,32,text,0
sPremsknoLM$_$1,2,33,text,0
sPremsknoLM$_$1,2,34,text,0
sPremsknoLM$_$1,2,35,text,0
sPremsknoLM$_$1,2,36,text,0
sPremsknoLM$_$1,2,37,text,0
sPremsknoLM$_$1,2,38,text,0
sPremsknoLM$_$1,2,39,text,0
sPremsknoLM$_$1,2,40,text,0
sPremsknoLM$_$1,2,41,text,0
sPremsknoLM$_$1,2,42,text,0
sPremsknoLM$_$1,2,43,text,0
sPremsknoLM$_$1,2,44,text,0
sPremsknoLM$_$1,2,45,text,0
sPremsknoLM$_$1,2,46,text,0
sPremsknoLM$_$1,2,47,text,0
sPremsknoLM$_$1,2,48,text,0
sPremsknoLM$_$1,2,49,text,0
d8BR6hsvzoY$_$0,3,0,text,0
d8BR6hsvzoY$_$0,3,1,text,2
d8BR6hsvzoY$_$0,3,2,text,2
d8BR6hsvzoY$_$0,3,3,text,2
d8BR6hsvzoY$_$0,3,4,text,2
d8BR6hsvzoY$_$0,3,5,text,2
d8BR6hsvzoY$_$0,3,6,text,2
d8BR6hsvzoY$_$0,3,7,text,2
d8BR6hsvzoY$_$0,3,8,text,0
d8BR6hsvzoY$_$0,3,9,text,0
d8BR6hsvzoY$_$0,3,10,text,0
d8BR6hsvzoY$_$0,3,11,text,0
d8BR6hsvzoY$_$0,3,12,text,0
d8BR6hsvzoY$_$0,3,13,text,0
d8BR6hsvzoY$_$0,3,14,text,0
d8BR6hsvzoY$_$0,3,15,text,0
d8BR6hsvzoY$_$0,3,16,text,0
d8BR6hsvzoY$_$0,3,17,text,0
d8BR6hsvzoY$_$0,3,18,text,0
d8BR6hsvzoY$_$0,3,19,text,0
d8BR6hsvzoY$_$0,3,20,text,0
d8BR6hsvzoY$_$0,3,21,text,0
d8BR6hsvzoY$_$0,3,22,text,0
d8BR6hsvzoY$_$0,3,23,text,0
d8BR6hsvzoY$_$0,3,24,text,0
d8BR6hsvzoY$_$0,3,25,text,0
d8BR6hsvzoY$_$0,3,26,text,0
d8BR6hsvzoY$_$0,3,27,text,0
d8BR6hsvzoY$_$0,3,28,text,0
d8BR6hsvzoY$_$0,3,29,text,0
d8BR6hsvzoY$_$0,3,30,text,0
d8BR6hsvzoY$_$0,3,31,text,0
d8BR6hsvzoY$_$0,3,32,text,0
d8BR6hsvzoY$_$0,3,33,text,0
d8BR6hsvzoY$_$0,3,34,text,0
d8BR6hsvzoY$_$0,3,35,text,0
d8BR6hsvzoY$_$0,3,36,text,0
d8BR6hsvzoY$_$0,3,37,text,0
d8BR6hsvzoY$_$0,3,38,text,0
d8BR6hsvzoY$_$0,3,39,text,0
d8BR6hsvzoY$_$0,3,40,text,0
d8BR6hsvzoY$_$0,3,41,text,0
d8BR6hsvzoY$_$0,3,42,text,0
d8BR6hsvzoY$_$0,3,43,text,0
d8BR6hsvzoY$_$0,3,44,text,0
d8BR6hsvzoY$_$0,3,45,text,0
d8BR6hsvzoY$_$0,3,46,text,0
d8BR6hsvzoY$_$0,3,47,text,0
d8BR6hsvzoY$_$0,3,48,text,0
d8BR6hsvzoY$_$0,3,49,text,0
RArhIHk4Qs4$_$8,4,0,text,0
RArhIHk4Qs4$_$8,4,1,text,2
RArhIHk4Qs4$_$8,4,2,text,2
RArhIHk4Qs4$_$8,4,3,text,2
RArhIHk4Qs4$_$8,4,4,text,2
RArhIHk4Qs4$_$8,4,5,text,2
RArhIHk4Qs4$_$8,4,6,text,2
RArhIHk4Qs4$_$8,4,7,text,2
RArhIHk4Qs4$_$8,4,8,text,2
RArhIHk4Qs4$_$8,4,9,text,0
RArhIHk4Qs4$_$8,4,10,text,0
RArhIHk4Qs4$_$8,4,11,text,0
RArhIHk4Qs4$_$8,4,12,text,0
RArhIHk4Qs4$_$8,4,13,text,0
RArhIHk4Qs4$_$8,4,14,text,0
RArhIHk4Qs4$_$8,4,15,text,0
RArhIHk4Qs4$_$8,4,16,text,0
RArhIHk4Qs4$_$8,4,17,text,0
RArhIHk4Qs4$_$8,4,18,text,0
RArhIHk4Qs4$_$8,4,19,text,0
RArhIHk4Qs4$_$8,4,20,text,0
RArhIHk4Qs4$_$8,4,21,text,0
RArhIHk4Qs4$_$8,4,22,text,0
RArhIHk4Qs4$_$8,4,23,text,0
RArhIHk4Qs4$_$8,4,24,text,0
RArhIHk4Qs4$_$8,4,25,text,0
RArhIHk4Qs4$_$8,4,26,text,0
RArhIHk4Qs4$_$8,4,27,text,0
RArhIHk4Qs4$_$8,4,28,text,0
RArhIHk4Qs4$_$8,4,29,text,0
RArhIHk4Qs4$_$8,4,30,text,0
RArhIHk4Qs4$_$8,4,31,text,0
RArhIHk4Qs4$_$8,4,32,text,0
RArhIHk4Qs4$_$8,4,33,text,0
RArhIHk4Qs4$_$8,4,34,text,0
RArhIHk4Qs4$_$8,4,35,text,0
RArhIHk4Qs4$_$8,4,36,text,0
RArhIHk4Qs4$_$8,4,37,text,0
RArhIHk4Qs4$_$8,4,38,text,0
RArhIHk4Qs4$_$8,4,39,text,0
RArhIHk4Qs4$_$8,4,40,text,0
RArhIHk4Qs4$_$8,4,41,text,0
RArhIHk4Qs4$_$8,4,42,text,0
RArhIHk4Qs4$_$8,4,43,text,0
RArhIHk4Qs4$_$8,4,44,text,0
RArhIHk4Qs4$_$8,4,45,text,0
RArhIHk4Qs4$_$8,4,46,text,0
RArhIHk4Qs4$_$8,4,47,text,0
RArhIHk4Qs4$_$8,4,48,text,0
RArhIHk4Qs4$_$8,4,49,text,0
N5xfBtD6rLY$_$7,5,0,text,0
N5xfBtD6rLY$_$7,5,1,text,2
N5xfBtD6rLY$_$7,5,2,text,2
N5xfBtD6rLY$_$7,5,3,text,2
N5xfBtD6rLY$_$7,5,4,text,2
N5xfBtD6rLY$_$7,5,5,text,2
N5xfBtD6rLY$_$7,5,6,text,2
N5xfBtD6rLY$_$7,5,7,text,2
N5xfBtD6rLY$_$7,5,8,text,2
N5xfBtD6rLY$_$7,5,9,text,2
N5xfBtD6rLY$_$7,5,10,text,0
N5xfBtD6rLY$_$7,5,11,text,0
N5xfBtD6rLY$_$7,5,12,text,0
N5xfBtD6rLY$_$7,5,13,text,0
N5xfBtD6rLY$_$7,5,14,text,0
N5xfBtD6rLY$_$7,5,15,text,0
N5xfBtD6rLY$_$7,5,16,text,0
N5xfBtD6rLY$_$7,5,17,text,0
N5xfBtD6rLY$_$7,5,18,text,0
N5xfBtD6rLY$_$7,5,19,text,0
N5xfBtD6rLY$_$7,5,20,text,0
N5xfBtD6rLY$_$7,5,21,text,0
N5xfBtD6rLY$_$7,5,22,text,0
N5xfBtD6rLY$_$7,5,23,text,0
N5xfBtD6rLY$_$7,5,24,text,0
N5xfBtD6rLY$_$7,5,25,text,0
N5xfBtD6rLY$_$7,5,26,text,0
N5xfBtD6rLY$_$7,5,27,text,0
N5xfBtD6rLY$_$7,5,28,text,0
N5xfBtD6rLY$_$7,5,29,text,0
N5xfBtD6rLY$_$7,5,30,text,0
N5xfBtD6rLY$_$7,5,31,text,0
N5xfBtD6rLY$_$7,5,32,text,0
N5xfBtD6rLY$_$7,5,33,text,0
N5xfBtD6rLY$_$7,5,34,text,0
N5xfBtD6rLY$_$7,5,35,text,0
N5xfBtD6rLY$_$7,5,36,text,0
N5xfBtD6rLY$_$7,5,37,text,0
N5xfBtD6rLY$_$7,5,38,text,0
N5xfBtD6rLY$_$7,5,39,text,0
N5xfBtD6rLY$_$7,5,40,text,0
N5xfBtD6rLY$_$7,5,41,text,0
N5xfBtD6rLY$_$7,5,42,text,0
N5xfBtD6rLY$_$7,5,43,text,0
N5xfBtD6rLY$_$7,5,44,text,0
N5xfBtD6rLY$_$7,5,45,text,0
N5xfBtD6rLY$_$7,5,46,text,0
N5xfBtD6rLY$_$7,5,47,text,0
N5xfBtD6rLY$_$7,5,48,text,0
N5xfBtD6rLY$_$7,5,49,text,0
RArhIHk4Qs4$_$19,6,0,text,0
RArhIHk4Qs4$_$19,6,1,text,2
RArhIHk4Qs4$_$19,6,2,text,2
RArhIHk4Qs4$_$19,6,3,text,2
RArhIHk4Qs4$_$19,6,4,text,2
RArhIHk4Qs4$_$19,6,5,text,2
RArhIHk4Qs4$_$19,6,6,text,2
RArhIHk4Qs4$_$19,6,7,text,2
RArhIHk4Qs4$_$19,6,8,text,2
RArhIHk4Qs4$_$19,6,9,text,2
RArhIHk4Qs4$_$19,6,10,text,2
RArhIHk4Qs4$_$19,6,11,text,0
RArhIHk4Qs4$_$19,6,12,text,0
RArhIHk4Qs4$_$19,6,13,text,0
RArhIHk4Qs4$_$19,6,14,text,0
RArhIHk4Qs4$_$19,6,15,text,0
RArhIHk4Qs4$_$19,6,16,text,0
RArhIHk4Qs4$_$19,6,17,text,0
RArhIHk4Qs4$_$19,6,18,text,0
RArhIHk4Qs4$_$19,6,19,text,0
RArhIHk4Qs4$_$19,6,20,text,0
RArhIHk4Qs4$_$19,6,21,text,0
RArhIHk4Qs4$_$19,6,22,text,0
RArhIHk4Qs4$_$19,6,23,text,0
RArhIHk4Qs4$_$19,6,24,text,0
RArhIHk4Qs4$_$19,6,25,text,0
RArhIHk4Qs4$_$19,6,26,text,0
RArhIHk4Qs4$_$19,6,27,text,0
RArhIHk4Qs4$_$19,6,28,text,0
RArhIHk4Qs4$_$19,6,29,text,0
RArhIHk4Qs4$_$19,6,30,text,0
RArhIHk4Qs4$_$19,6,31,text,0
RArhIHk4Qs4$_$19,6,32,text,0
RArhIHk4Qs4$_$19,6,33,text,0
RArhIHk4Qs4$_$19,6,34,text,0
RArhIHk4Qs4$_$19,6,35,text,0
RArhIHk4Qs4$_$19,6,36,text,0
RArhIHk4Qs4$_$19,6,37,text,0
RArhIHk4Qs4$_$19,6,38,text,0
RArhIHk4Qs4$_$19,6,39,text,0
RArhIHk4Qs4$_$19,6,40,text,0
RArhIHk4Qs4$_$19,6,41,text,0
RArhIHk4Qs4$_$19,6,42,text,0
RArhIHk4Qs4$_$19,6,43,text,0
RArhIHk4Qs4$_$19,6,44,text,0
RArhIHk4Qs4$_$19,6,45,text,0
RArhIHk4Qs4$_$19,6,46,text,0
RArhIHk4Qs4$_$19,6,47,text,0
RArhIHk4Qs4$_$19,6,48,text,0
RArhIHk4Qs4$_$19,6,49,text,0
266791$_$8,7,0,text,0
266791$_$8,7,1,text,2
266791$_$8,7,2,text,2
266791$_$8,7,3,text,2
266791$_$8,7,4,text,2
266791$_$8,7,5,text,2
266791$_$8,7,6,text,2
266791$_$8,7,7,text,2
266791$_$8,7,8,text,2
266791$_$8,7,9,text,2
266791$_$8,7,10,text,2
266791$_$8,7,11,text,2
266791$_$8,7,12,text,0
266791$_$8,7,13,text,0
266791$_$8,7,14,text,0
266791$_$8,7,15,text,0
266791$_$8,7,16,text,0
266791$_$8,7,17,text,0
266791$_$8,7,18,text,0
266791$_$8,7,19,text,0
266791$_$8,7,20,text,0
266791$_$8,7,21,text,0
266791$_$8,7,22,text,0
266791$_$8,7,23,text,0
266791$_$8,7,24,text,0
266791$_$8,7,25,text,0
266791$_$8,7,26,text,0
266791$_$8,7,27,text,0
266791$_$8,7,28,text,0
266791$_$8,7,29,text,0
266791$_$8,7,30,text,0
266791$_$8,7,31,text,0
266791$_$8,7,32,text,0
266791$_$8,7,33,text,0
266791$_$8,7,34,text,0
266791$_$8,7,35,text,0
266791$_$8,7,36,text,0
266791$_$8,7,37,text,0
266791$_$8,7,38,text,0
266791$_$8,7,39,text,0
266791$_$8,7,40,text,0
266791$_$8,7,41,text,0
266791$_$8,7,42,text,0
266791$_$8,7,43,text,0
266791$_$8,7,44,text,0
266791$_$8,7,45,text,0
266791$_$8,7,46,text,0
266791$_$8,7,47,text,0
266791$_$8,7,48,text,0
266791$_$8,7,49,text,0
3j94B0pzSVs$_$12,8,0,text,0
3j94B0pzSVs$_$12,8,1,text,2
3j94B0pzSVs$_$12,8,2,text,2
3j94B0pzSVs$_$12,8,3,text,2
3j94B0pzSVs$_$12,8,4,text,2
3j94B0pzSVs$_$12,8,5,text,2
3j94B0pzSVs$_$12,8,6,text,2
3j94B0pzSVs$_$12,8,7,text,2
3j94B0pzSVs$_$12,8,8,text,2
3j94B0pzSVs$_$12,8,9,text,2
3j94B0pzSVs$_$12,8,10,text,2
3j94B0pzSVs$_$12,8,11,text,2
3j94B0pzSVs$_$12,8,12,text,2
3j94B0pzSVs$_$12,8,13,text,0
3j94B0pzSVs$_$12,8,14,text,0
3j94B0pzSVs$_$12,8,15,text,0
3j94B0pzSVs$_$12,8,16,text,0
3j94B0pzSVs$_$12,8,17,text,0
3j94B0pzSVs$_$12,8,18,text,0
3j94B0pzSVs$_$12,8,19,text,0
3j94B0pzSVs$_$12,8,20,text,0
3j94B0pzSVs$_$12,8,21,text,0
3j94B0pzSVs$_$12,8,22,text,0
3j94B0pzSVs$_$12,8,23,text,0
3j94B0pzSVs$_$12,8,24,text,0
3j94B0pzSVs$_$12,8,25,text,0
3j94B0pzSVs$_$12,8,26,text,0
3j94B0pzSVs$_$12,8,27,text,0
3j94B0pzSVs$_$12,8,28,text,0
3j94B0pzSVs$_$12,8,29,text,0
3j94B0pzSVs$_$12,8,30,text,0
3j94B0pzSVs$_$12,8,31,text,0
3j94B0pzSVs$_$12,8,32,text,0
3j94B0pzSVs$_$12,8,33,text,0
3j94B0pzSVs$_$12,8,34,text,0
3j94B0pzSVs$_$12,8,35,text,0
3j94B0pzSVs$_$12,8,36,text,0
3j94B0pzSVs$_$12,8,37,text,0
3j94B0pzSVs$_$12,8,38,text,0
3j94B0pzSVs$_$12,8,39,text,0
3j94B0pzSVs$_$12,8,40,text,0
3j94B0pzSVs$_$12,8,41,text,0
3j94B0pzSVs$_$12,8,42,text,0
3j94B0pzSVs$_$12,8,43,text,0
3j94B0pzSVs$_$12,8,44,text,0
3j94B0pzSVs$_$12,8,45,text,0
3j94B0pzSVs$_$12,8,46,text,0
3j94B0pzSVs$_$12,8,47,text,0
3j94B0pzSVs$_$12,8,48,text,0
3j94B0pzSVs$_$12,8,49,text,0
v2Rr-EsJda8$_$6,9,0,text,0
v2Rr-EsJda8$_$6,9,1,text,2
v2Rr-EsJda8$_$6,9,2,text,2
v2Rr-EsJda8$_$6,9,3,text,2
v2Rr-EsJda8$_$6,9,4,text,2
v2Rr-EsJda8$_$6,9,5,text,2
v2Rr-EsJda8$_$6,9,6,text,2
v2Rr-EsJda8$_$6,9,7,text,2
v2Rr-EsJda8$_$6,9,8,text,2
v2Rr-EsJda8$_$6,9,9,text,2
v2Rr-EsJda8$_$6,9,10,text,2
v2Rr-EsJda8$_$6,9,11,text,2
v2Rr-EsJda8$_$6,9,12,text,2
v2Rr-EsJda8$_$6,9,13,text,0
v2Rr-EsJda8$_$6,9,14,text,0
v2Rr-EsJda8$_$6,9,15,text,0
v2Rr-EsJda8$_$6,9,16,text,0
v2Rr-EsJda8$_$6,9,17,text,0
v2Rr-EsJda8$_$6,9,18,text,0
v2Rr-EsJda8$_$6,9,19,text,0
v2Rr-EsJda8$_$6,9,20,text,0
v2Rr-EsJda8$_$6,9,21,text,0
v2Rr-EsJda8$_$6,9,22,text,0
v2Rr-EsJda8$_$6,9,23,text,0
v2Rr-EsJda8$_$6,9,24,text,0
v2Rr-EsJda8$_$6,9,25,text,0
v2Rr-EsJda8$_$6,9,26,text,0
v2Rr-EsJda8$_$6,9,27,text,0
v2Rr-EsJda8$_$6,9,28,text,0
v2Rr-EsJda8$_$6,9,29,text,0
v2Rr-EsJda8$_$6,9,30,text,0
v2Rr-EsJda8$_$6,9,31,text,0
v2Rr-EsJda8$_$6,9,32,text,0
v2Rr-EsJda8$_$6,9,33,text,0
v2Rr-EsJda8$_$6,9,34,text,0
v2Rr-EsJda8$_$6,9,35,text,0
v2Rr-EsJda8$_$6,9,36,text,0
v2Rr-EsJda8$_$6,9,37,text,0
v2Rr-EsJda8$_$6,9,38,text,0
v2Rr-EsJda8$_$6,9,39,text,0
v2Rr-EsJda8$_$6,9,40,text,0
v2Rr-EsJda8$_$6,9,41,text,0
v2Rr-EsJda8$_$6,9,42,text,0
v2Rr-EsJda8$_$6,9,43,text,0
v2Rr-EsJda8$_$6,9,44,text,0
v2Rr-EsJda8$_$6,9,45,text,0
v2Rr-EsJda8$_$6,9,46,text,0
v2Rr-EsJda8$_$6,9,47,text,0
v2Rr-EsJda8$_$6,9,48,text,0
v2Rr-EsJda8$_$6,9,49,text,0
ET1cU5_A2YM$_$3,10,0,text,0
ET1cU5_A2YM$_$3,10,1,text,2
ET1cU5_A2YM$_$3,10,2,text,2
ET1cU5_A2YM$_$3,10,3,text,2
ET1cU5_A2YM$_$3,10,4,text,2
ET1cU5_A2YM$_$3,10,5,text,2
ET1cU5_A2YM$_$3,10,6,text,2
ET1cU5_A2YM$_$3,10,7,text,2
ET1cU5_A2YM$_$3,10,8,text,2
ET1cU5_A2YM$_$3,10,9,text,2
ET1cU5_A2YM$_$3,10,10,text,2
ET1cU5_A2YM$_$3,10,11,text,2
ET1cU5_A2YM$_$3,10,12,text,2
ET1cU5_A2YM$_$3,10,13,text,2
ET1cU5_A2YM$_$3,10,14,text,0
ET1cU5_A2YM$_$3,10,15,text,0
ET1cU5_A2YM$_$3,10,16,text,0
ET1cU5_A2YM$_$3,10,17,text,0
ET1cU5_A2YM$_$3,10,18,text,0
ET1cU5_A2YM$_$3,10,19,text,0
ET1cU5_A2YM$_$3,10,20,text,0
ET1cU5_A2YM$_$3,10,21,text,0
ET1cU5_A2YM$_$3,10,22,text,0
ET1cU5_A2YM$_$3,10,23,text,0
ET1cU5_A2YM$_$3,10,24,text,0
ET1cU5_A2YM$_$3,10,25,text,0
ET1cU5_A2YM$_$3,10,26,text,0
ET1cU5_A2YM$_$3,10,27,text,0
ET1cU5_A2YM$_$3,10,28,text,0
ET1cU5_A2YM$_$3,10,29,text,0
ET1cU5_A2YM$_$3,10,30,text,0
ET1cU5_A2YM$_$3,10,31,text,0
ET1cU5_A2YM$_$3,10,32,text,0
ET1cU5_A2YM$_$3,10,33,text,0
ET1cU5_A2YM$_$3,10,34,text,0
ET1cU5_A2YM$_$3,10,35,text,0
ET1cU5_A2YM$_$3,10,36,text,0
ET1cU5_A2YM$_$3,10,37,text,0
ET1cU5_A2YM$_$3,10,38,text,0
ET1cU5_A2YM$_$3,10,39,text,0
ET1cU5_A2YM$_$3,10,40,text,0
ET1cU5_A2YM$_$3,10,41,text,0
ET1cU5_A2YM$_$3,10,42,text,0
ET1cU5_A2YM$_$3,10,43,text,0
ET1cU5_A2YM$_$3,10,44,text,0
ET1cU5_A2YM$_$3,10,45,text,0
ET1cU5_A2YM$_$3,10,46,text,0
ET1cU5_A2YM$_$3,10,47,text,0
ET1cU5_A2YM$_$3,10,48,text,0
ET1cU5_A2YM$_$3,10,49,text,0
_7HVhnSYX1Y$_$31,11,0,text,0
_7HVhnSYX1Y$_$31,11,1,text,2
_7HVhnSYX1Y$_$31,11,2,text,2
_7HVhnSYX1Y$_$31,11,3,text,2
_7HVhnSYX1Y$_$31,11,4,text,2
_7HVhnSYX1Y$_$31,11,5,text,2
_7HVhnSYX1Y$_$31,11,6,text,2
_7HVhnSYX1Y$_$31,11,7,text,2
_7HVhnSYX1Y$_$31,11,8,text,2
_7HVhnSYX1Y$_$31,11,9,text,2
_7HVhnSYX1Y$_$31,11,10,text,2
_7HVhnSYX1Y$_$31,11,11,text,2
_7HVhnSYX1Y$_$31,11,12,text,2
_7HVhnSYX1Y$_$31,11,13,text,2
_7HVhnSYX1Y$_$31,11,14,text,0
_7HVhnSYX1Y$_$31,11,15,text,0
_7HVhnSYX1Y$_$31,11,16,text,0
_7HVhnSYX1Y$_$31,11,17,text,0
_7HVhnSYX1Y$_$31,11,18,text,0
_7HVhnSYX1Y$_$31,11,19,text,0
_7HVhnSYX1Y$_$31,11,20,text,0
_7HVhnSYX1Y$_$31,11,21,text,0
_7HVhnSYX1Y$_$31,11,22,text,0
_7HVhnSYX1Y$_$31,11,23,text,0
_7HVhnSYX1Y$_$31,11,24,text,0
_7HVhnSYX1Y$_$31,11,25,text,0
_7HVhnSYX1Y$_$31,11,26,text,0
_7HVhnSYX1Y$_$31,11,27,text,0
_7HVhnSYX1Y$_$31,11,28,text,0
_7HVhnSYX1Y$_$31,11,29,text,0
_7HVhnSYX1Y$_$31,11,30,text,0
_7HVhnSYX1Y$_$31,11,31,text,0
_7HVhnSYX1Y$_$31,11,32,text,0
_7HVhnSYX1Y$_$31,11,33,text,0
_7HVhnSYX1Y$_$31,11,34,text,0
_7HVhnSYX1Y$_$31,11,35,text,0
_7HVhnSYX1Y$_$31,11,36,text,0
_7HVhnSYX1Y$_$31,11,37,text,0
_7HVhnSYX1Y$_$31,11,38,text,0
_7HVhnSYX1Y$_$31,11,39,text,0
_7HVhnSYX1Y$_$31,11,40,text,0
_7HVhnSYX1Y$_$31,11,41,text,0
_7HVhnSYX1Y$_$31,11,42,text,0
_7HVhnSYX1Y$_$31,11,43,text,0
_7HVhnSYX1Y$_$31,11,44,text,0
_7HVhnSYX1Y$_$31,11,45,text,0
_7HVhnSYX1Y$_$31,11,46,text,0
_7HVhnSYX1Y$_$31,11,47,text,0
_7HVhnSYX1Y$_$31,11,48,text,0
_7HVhnSYX1Y$_$31,11,49,text,0
80566$_$2,12,0,text,0
80566$_$2,12,1,text,2
80566$_$2,12,2,text,2
80566$_$2,12,3,text,2
80566$_$2,12,4,text,2
80566$_$2,12,5,text,2
80566$_$2,12,6,text,2
80566$_$2,12,7,text,2
80566$_$2,12,8,text,2
80566$_$2,12,9,text,2
80566$_$2,12,10,text,2
80566$_$2,12,11,text,2
80566$_$2,12,12,text,2
80566$_$2,12,13,text,2
80566$_$2,12,14,text,2
80566$_$2,12,15,text,0
80566$_$2,12,16,text,0
80566$_$2,12,17,text,0
80566$_$2,12,18,text,0
80566$_$2,12,19,text,0
80566$_$2,12,20,text,0
80566$_$2,12,21,text,0
80566$_$2,12,22,text,0
80566$_$2,12,23,text,0
80566$_$2,12,24,text,0
80566$_$2,12,25,text,0
80566$_$2,12,26,text,0
80566$_$2,12,27,text,0
80566$_$2,12,28,text,0
80566$_$2,12,29,text,0
80566$_$2,12,30,text,0
80566$_$2,12,31,text,0
80566$_$2,12,32,text,0
80566$_$2,12,33,text,0
80566$_$2,12,34,text,0
80566$_$2,12,35,text,0
80566$_$2,12,36,text,0
80566$_$2,12,37,text,0
80566$_$2,12,38,text,0
80566$_$2,12,39,text,0
80566$_$2,12,40,text,0
80566$_$2,12,41,text,0
80566$_$2,12,42,text,0
80566$_$2,12,43,text,0
80566$_$2,12,44,text,0
80566$_$2,12,45,text,0
80566$_$2,12,46,text,0
80566$_$2,12,47,text,0
80566$_$2,12,48,text,0
80566$_$2,12,49,text,0
jPrEKz1rAno$_$11,13,0,text,0
jPrEKz1rAno$_$11,13,1,text,2
jPrEKz1rAno$_$11,13,2,text,2
jPrEKz1rAno$_$11,13,3,text,2
jPrEKz1rAno$_$11,13,4,text,2
jPrEKz1rAno$_$11,13,5,text,2
jPrEKz1rAno$_$11,13,6,text,2
jPrEKz1rAno$_$11,13,7,text,2
jPrEKz1rAno$_$11,13,8,text,2
jPrEKz1rAno$_$11,13,9,text,2
jPrEKz1rAno$_$11,13,10,text,2
jPrEKz1rAno$_$11,13,11,text,2
jPrEKz1rAno$_$11,13,12,text,2
jPrEKz1rAno$_$11,13,13,text,2
jPrEKz1rAno$_$11,13,14,text,2
jPrEKz1rAno$_$11,13,15,text,0
jPrEKz1rAno$_$11,13,16,text,0
jPrEKz1rAno$_$11,13,17,text,0
jPrEKz1rAno$_$11,13,18,text,0
jPrEKz1rAno$_$11,13,19,text,0
jPrEKz1rAno$_$11,13,20,text,0
jPrEKz1rAno$_$11,13,21,text,0
jPrEKz1rAno$_$11,13,22,text,0
jPrEKz1rAno$_$11,13,23,text,0
jPrEKz1rAno$_$11,13,24,text,0
jPrEKz1rAno$_$11,13,25,text,0
jPrEKz1rAno$_$11,13,26,text,0
jPrEKz1rAno$_$11,13,27,text,0
jPrEKz1rAno$_$11,13,28,text,0
jPrEKz1rAno$_$11,13,29,text,0
jPrEKz1rAno$_$11,13,30,text,0
jPrEKz1rAno$_$11,13,31,text,0
jPrEKz1rAno$_$11,13,32,text,0
jPrEKz1rAno$_$11,13,33,text,0
jPrEKz1rAno$_$11,13,34,text,0
jPrEKz1rAno$_$11,13,35,text,0
jPrEKz1rAno$_$11,13,36,text,0
jPrEKz1rAno$_$11,13,37,text,0
jPrEKz1rAno$_$11,13,38,text,0
jPrEKz1rAno$_$11,13,39,text,0
jPrEKz1rAno$_$11,13,40,text,0
jPrEKz1rAno$_$11,13,41,text,0
jPrEKz1rAno$_$11,13,42,text,0
jPrEKz1rAno$_$11,13,43,text,0
jPrEKz1rAno$_$11,13,44,text,0
jPrEKz1rAno$_$11,13,45,text,0
jPrEKz1rAno$_$11,13,46,text,0
jPrEKz1rAno$_$11,13,47,text,0
jPrEKz1rAno$_$11,13,48,text,0
jPrEKz1rAno$_$11,13,49,text,0
80855$_$11,14,0,text,0
80855$_$11,14,1,text,2
80855$_$11,14,2,text,2
80855$_$11,14,3,text,2
80855$_$11,14,4,text,2
80855$_$11,14,5,text,2
80855$_$11,14,6,text,2
80855$_$11,14,7,text,2
80855$_$11,14,8,text,2
80855$_$11,14,9,text,2
80855$_$11,14,10,text,2
80855$_$11,14,11,text,2
80855$_$11,14,12,text,2
80855$_$11,14,13,text,2
80855$_$11,14,14,text,2
80855$_$11,14,15,text,2
80855$_$11,14,16,text,0
80855$_$11,14,17,text,0
80855$_$11,14,18,text,0
80855$_$11,14,19,text,0
80855$_$11,14,20,text,0
80855$_$11,14,21,text,0
80855$_$11,14,22,text,0
80855$_$11,14,23,text,0
80855$_$11,14,24,text,0
80855$_$11,14,25,text,0
80855$_$11,14,26,text,0
80855$_$11,14,27,text,0
80855$_$11,14,28,text,0
80855$_$11,14,29,text,0
80855$_$11,14,30,text,0
80855$_$11,14,31,text,0
80855$_$11,14,32,text,0
80855$_$11,14,33,text,0
80855$_$11,14,34,text,0
80855$_$11,14,35,text,0
80855$_$11,14,36,text,0
80855$_$11,14,37,text,0
80855$_$11,14,38,text,0
80855$_$11,14,39,text,0
80855$_$11,14,40,text,0
80855$_$11,14,41,text,0
80855$_$11,14,42,text,0
80855$_$11,14,43,text,0
80855$_$11,14,44,text,0
80855$_$11,14,45,text,0
80855$_$11,14,46,text,0
80855$_$11,14,47,text,0
80855$_$11,14,48,text,0
80855$_$11,14,49,text,0
YbuG8xyUO-o$_$2,15,0,text,0
YbuG8xyUO-o$_$2,15,1,text,2
YbuG8xyUO-o$_$2,15,2,text,2
YbuG8xyUO-o$_$2,15,3,text,2
YbuG8xyUO-o$_$2,15,4,text,2
YbuG8xyUO-o$_$2,15,5,text,2
YbuG8xyUO-o$_$2,15,6,text,2
YbuG8xyUO-o$_$2,15,7,text,2
YbuG8xyUO-o$_$2,15,8,text,2
YbuG8xyUO-o$_$2,15,9,text,2
YbuG8xyUO-o$_$2,15,10,text,2
YbuG8xyUO-o$_$2,15,11,text,2
YbuG8xyUO-o$_$2,15,12,text,2
YbuG8xyUO-o$_$2,15,13,text,2
YbuG8xyUO-o$_$2,15,14,text,2
YbuG8xyUO-o$_$2,15,15,text,2
YbuG8xyUO-o$_$2,15,16,text,0
YbuG8xyUO-o$_$2,15,17,text,0
YbuG8xyUO-o$_$2,15,18,text,0
YbuG8xyUO-o$_$2,15,19,text,0
YbuG8xyUO-o$_$2,15,20,text,0
YbuG8xyUO-o$_$2,15,21,text,0
YbuG8xyUO-o$_$2,15,22,text,0
YbuG8xyUO-o$_$2,15,23,text,0
YbuG8xyUO-o$_$2,15,24,text,0
YbuG8xyUO-o$_$2,15,25,text,0
YbuG8xyUO-o$_$2,15,26,text,0
YbuG8xyUO-o$_$2,15,27,text,0
YbuG8xyUO-o$_$2,15,28,text,0
YbuG8xyUO-o$_$2,15,29,text,0
YbuG8xyUO-o$_$2,15,30,text,0
YbuG8xyUO-o$_$2,15,31,text,0
YbuG8xyUO-o$_$2,15,32,text,0
YbuG8xyUO-o$_$2,15,33,text,0
YbuG8xyUO-o$_$2,15,34,text,0
YbuG8xyUO-o$_$2,15,35,text,0
YbuG8xyUO-o$_$2,15,36,text,0
YbuG8xyUO-o$_$2,15,37,text,0
YbuG8xyUO-o$_$2,15,38,text,0
YbuG8xyUO-o$_$2,15,39,text,0
YbuG8xyUO-o$_$2,15,40,text,0
YbuG8xyUO-o$_$2,15,41,text,0
YbuG8xyUO-o$_$2,15,42,text,0
YbuG8xyUO-o$_$2,15,43,text,0
YbuG8xyUO-o$_$2,15,44,text,0
YbuG8xyUO-o$_$2,15,45,text,0
YbuG8xyUO-o$_$2,15,46,text,0
YbuG8xyUO-o$_$2,15,47,text,0
YbuG8xyUO-o$_$2,15,48,text,0
YbuG8xyUO-o$_$2,15,49,text,0
266791$_$24,16,0,text,0
266791$_$24,16,1,text,2
266791$_$24,16,2,text,2
266791$_$24,16,3,text,2
266791$_$24,16,4,text,2
266791$_$24,16,5,text,2
266791$_$24,16,6,text,2
266791$_$24,16,7,text,2
266791$_$24,16,8,text,2
266791$_$24,16,9,text,2
266791$_$24,16,10,text,2
266791$_$24,16,11,text,2
266791$_$24,16,12,text,2
266791$_$24,16,13,text,2
266791$_$24,16,14,text,2
266791$_$24,16,15,text,2
266791$_$24,16,16,text,2
266791$_$24,16,17,text,0
266791$_$24,16,18,text,0
266791$_$24,16,19,text,0
266791$_$24,16,20,text,0
266791$_$24,16,21,text,0
266791$_$24,16,22,text,0
266791$_$24,16,23,text,0
266791$_$24,16,24,text,0
266791$_$24,16,25,text,0
266791$_$24,16,26,text,0
266791$_$24,16,27,text,0
266791$_$24,16,28,text,0
266791$_$24,16,29,text,0
266791$_$24,16,30,text,0
266791$_$24,16,31,text,0
266791$_$24,16,32,text,0
266791$_$24,16,33,text,0
266791$_$24,16,34,text,0
266791$_$24,16,35,text,0
266791$_$24,16,36,text,0
266791$_$24,16,37,text,0
266791$_$24,16,38,text,0
266791$_$24,16,39,text,0
266791$_$24,16,40,text,0
266791$_$24,16,41,text,0
266791$_$24,16,42,text,0
266791$_$24,16,43,text,0
266791$_$24,16,44,text,0
266791$_$24,16,45,text,0
266791$_$24,16,46,text,0
266791$_$24,16,47,text,0
266791$_$24,16,48,text,0
266791$_$24,16,49,text,0
DdUJojoFU_c$_$15,17,0,text,0
DdUJojoFU_c$_$15,17,1,text,2
DdUJojoFU_c$_$15,17,2,text,2
DdUJojoFU_c$_$15,17,3,text,2
DdUJojoFU_c$_$15,17,4,text,2
DdUJojoFU_c$_$15,17,5,text,2
DdUJojoFU_c$_$15,17,6,text,2
DdUJojoFU_c$_$15,17,7,text,2
DdUJojoFU_c$_$15,17,8,text,2
DdUJojoFU_c$_$15,17,9,text,2
DdUJojoFU_c$_$15,17,10,text,2
DdUJojoFU_c$_$15,17,11,text,2
DdUJojoFU_c$_$15,17,12,text,2
DdUJojoFU_c$_$15,17,13,text,2
DdUJojoFU_c$_$15,17,14,text,2
DdUJojoFU_c$_$15,17,15,text,2
DdUJojoFU_c$_$15,17,16,text,2
DdUJojoFU_c$_$15,17,17,text,0
DdUJojoFU_c$_$15,17,18,text,0
DdUJojoFU_c$_$15,17,19,text,0
DdUJojoFU_c$_$15,17,20,text,0
DdUJojoFU_c$_$15,17,21,text,0
DdUJojoFU_c$_$15,17,22,text,0
DdUJojoFU_c$_$15,17,23,text,0
DdUJojoFU_c$_$15,17,24,text,0
DdUJojoFU_c$_$15,17,25,text,0
DdUJojoFU_c$_$15,17,26,text,0
DdUJojoFU_c$_$15,17,27,text,0
DdUJojoFU_c$_$15,17,28,text,0
DdUJojoFU_c$_$15,17,29,text,0
DdUJojoFU_c$_$15,17,30,text,0
DdUJojoFU_c$_$15,17,31,text,0
DdUJojoFU_c$_$15,17,32,text,0
DdUJojoFU_c$_$15,17,33,text,0
DdUJojoFU_c$_$15,17,34,text,0
DdUJojoFU_c$_$15,17,35,text,0
DdUJojoFU_c$_$15,17,36,text,0
DdUJojoFU_c$_$15,17,37,text,0
DdUJojoFU_c$_$15,17,38,text,0
DdUJojoFU_c$_$15,17,39,text,0
DdUJojoFU_c$_$15,17,40,text,0
DdUJojoFU_c$_$15,17,41,text,0
DdUJojoFU_c$_$15,17,42,text,0
DdUJojoFU_c$_$15,17,43,text,0
DdUJojoFU_c$_$15,17,44,text,0
DdUJojoFU_c$_$15,17,45,text,0
DdUJojoFU_c$_$15,17,46,text,0
DdUJojoFU_c$_$15,17,47,text,0
DdUJojoFU_c$_$15,17,48,text,0
DdUJojoFU_c$_$15,17,49,text,0
_7HVhnSYX1Y$_$26,18,0,text,0
_7HVhnSYX1Y$_$26,18,1,text,2
_7HVhnSYX1Y$_$26,18,2,text,2
_7HVhnSYX1Y$_$26,18,3,text,2
_7HVhnSYX1Y$_$26,18,4,text,2
_7HVhnSYX1Y$_$26,18,5,text,2
_7HVhnSYX1Y$_$26,18,6,text,2
_7HVhnSYX1Y$_$26,18,7,text,2
_7HVhnSYX1Y$_$26,18,8,text,2
_7HVhnSYX1Y$_$26,18,9,text,2
_7HVhnSYX1Y$_$26,18,10,text,2
_7HVhnSYX1Y$_$26,18,11,text,2
_7HVhnSYX1Y$_$26,18,12,text,2
_7HVhnSYX1Y$_$26,18,13,text,2
_7HVhnSYX1Y$_$26,18,14,text,2
_7HVhnSYX1Y$_$26,18,15,text,2
_7HVhnSYX1Y$_$26,18,16,text,2
_7HVhnSYX1Y$_$26,18,17,text,0
_7HVhnSYX1Y$_$26,18,18,text,0
_7HVhnSYX1Y$_$26,18,19,text,0
_7HVhnSYX1Y$_$26,18,20,text,0
_7HVhnSYX1Y$_$26,18,21,text,0
_7HVhnSYX1Y$_$26,18,22,text,0
_7HVhnSYX1Y$_$26,18,23,text,0
_7HVhnSYX1Y$_$26,18,24,text,0
_7HVhnSYX1Y$_$26,18,25,text,0
_7HVhnSYX1Y$_$26,18,26,text,0
_7HVhnSYX1Y$_$26,18,27,text,0
_7HVhnSYX1Y$_$26,18,28,text,0
_7HVhnSYX1Y$_$26,18,29,text,0
_7HVhnSYX1Y$_$26,18,30,text,0
_7HVhnSYX1Y$_$26,18,31,text,0
_7HVhnSYX1Y$_$26,18,32,text,0
_7HVhnSYX1Y$_$26,18,33,text,0
_7HVhnSYX1Y$_$26,18,34,text,0
_7HVhnSYX1Y$_$26,18,35,text,0
_7HVhnSYX1Y$_$26,18,36,text,0
_7HVhnSYX1Y$_$26,18,37,text,0
_7HVhnSYX1Y$_$26,18,38,text,0
_7HVhnSYX1Y$_$26,18,39,text,0
_7HVhnSYX1Y$_$26,18,40,text,0
_7HVhnSYX1Y$_$26,18,41,text,0
_7HVhnSYX1Y$_$26,18,42,text,0
_7HVhnSYX1Y$_$26,18,43,text,0
_7HVhnSYX1Y$_$26,18,44,text,0
_7HVhnSYX1Y$_$26,18,45,text,0
_7HVhnSYX1Y$_$26,18,46,text,0
_7HVhnSYX1Y$_$26,18,47,text,0
_7HVhnSYX1Y$_$26,18,48,text,0
_7HVhnSYX1Y$_$26,18,49,text,0
1HK7Nea0PFo$_$1,19,0,text,0
1HK7Nea0PFo$_$1,19,1,text,2
1HK7Nea0PFo$_$1,19,2,text,2
1HK7Nea0PFo$_$1,19,3,text,2
1HK7Nea0PFo$_$1,19,4,text,2
1HK7Nea0PFo$_$1,19,5,text,2
1HK7Nea0PFo$_$1,19,6,text,2
1HK7Nea0PFo$_$1,19,7,text,2
1HK7Nea0PFo$_$1,19,8,text,2
1HK7Nea0PFo$_$1,19,9,text,2
1HK7Nea0PFo$_$1,19,10,text,2
1HK7Nea0PFo$_$1,19,11,text,2
1HK7Nea0PFo$_$1,19,12,text,2
1HK7Nea0PFo$_$1,19,13,text,2
1HK7Nea0PFo$_$1,19,14,text,2
1HK7Nea0PFo$_$1,19,15,text,2
1HK7Nea0PFo$_$1,19,16,text,2
1HK7Nea0PFo$_$1,19,17,text,2
1HK7Nea0PFo$_$1,19,18,text,0
1HK7Nea0PFo$_$1,19,19,text,0
1HK7Nea0PFo$_$1,19,20,text,0
1HK7Nea0PFo$_$1,19,21,text,0
1HK7Nea0PFo$_$1,19,22,text,0
1HK7Nea0PFo$_$1,19,23,text,0
1HK7Nea0PFo$_$1,19,24,text,0
1HK7Nea0PFo$_$1,19,25,text,0
1HK7Nea0PFo$_$1,19,26,text,0
1HK7Nea0PFo$_$1,19,27,text,0
1HK7Nea0PFo$_$1,19,28,text,0
1HK7Nea0PFo$_$1,19,29,text,0
1HK7Nea0PFo$_$1,19,30,text,0
1HK7Nea0PFo$_$1,19,31,text,0
1HK7Nea0PFo$_$1,19,32,text,0
1HK7Nea0PFo$_$1,19,33,text,0
1HK7Nea0PFo$_$1,19,34,text,0
1HK7Nea0PFo$_$1,19,35,text,0
1HK7Nea0PFo$_$1,19,36,text,0
1HK7Nea0PFo$_$1,19,37,text,0
1HK7Nea0PFo$_$1,19,38,text,0
1HK7Nea0PFo$_$1,19,39,text,0
1HK7Nea0PFo$_$1,19,40,text,0
1HK7Nea0PFo$_$1,19,41,text,0
1HK7Nea0PFo$_$1,19,42,text,0
1HK7Nea0PFo$_$1,19,43,text,0
1HK7Nea0PFo$_$1,19,44,text,0
1HK7Nea0PFo$_$1,19,45,text,0
1HK7Nea0PFo$_$1,19,46,text,0
1HK7Nea0PFo$_$1,19,47,text,0
1HK7Nea0PFo$_$1,19,48,text,0
1HK7Nea0PFo$_$1,19,49,text,0
OrYBtyO0aPI$_$1,20,0,text,0
OrYBtyO0aPI$_$1,20,1,text,2
OrYBtyO0aPI$_$1,20,2,text,2
OrYBtyO0aPI$_$1,20,3,text,2
OrYBtyO0aPI$_$1,20,4,text,2
OrYBtyO0aPI$_$1,20,5,text,2
OrYBtyO0aPI$_$1,20,6,text,2
OrYBtyO0aPI$_$1,20,7,text,2
OrYBtyO0aPI$_$1,20,8,text,2
OrYBtyO0aPI$_$1,20,9,text,2
OrYBtyO0aPI$_$1,20,10,text,2
OrYBtyO0aPI$_$1,20,11,text,2
OrYBtyO0aPI$_$1,20,12,text,2
OrYBtyO0aPI$_$1,20,13,text,2
OrYBtyO0aPI$_$1,20,14,text,2
OrYBtyO0aPI$_$1,20,15,text,2
OrYBtyO0aPI$_$1,20,16,text,2
OrYBtyO0aPI$_$1,20,17,text,2
OrYBtyO0aPI$_$1,20,18,text,0
OrYBtyO0aPI$_$1,20,19,text,0
OrYBtyO0aPI$_$1,20,20,text,0
OrYBtyO0aPI$_$1,20,21,text,0
OrYBtyO0aPI$_$1,20,22,text,0
OrYBtyO0aPI$_$1,20,23,text,0
OrYBtyO0aPI$_$1,20,24,text,0
OrYBtyO0aPI$_$1,20,25,text,0
OrYBtyO0aPI$_$1,20,26,text,0
OrYBtyO0aPI$_$1,20,27,text,0
OrYBtyO0aPI$_$1,20,28,text,0
OrYBtyO0aPI$_$1,20,29,text,0
OrYBtyO0aPI$_$1,20,30,text,0
OrYBtyO0aPI$_$1,20,31,text,0
OrYBtyO0aPI$_$1,20,32,text,0
OrYBtyO0aPI$_$1,20,33,text,0
OrYBtyO0aPI$_$1,20,34,text,0
OrYBtyO0aPI$_$1,20,35,text,0
OrYBtyO0aPI$_$1,20,36,text,0
OrYBtyO0aPI$_$1,20,37,text,0
OrYBtyO0aPI$_$1,20,38,text,0
OrYBtyO0aPI$_$1,20,39,text,0
OrYBtyO0aPI$_$1,20,40,text,0
OrYBtyO0aPI$_$1,20,41,text,0
OrYBtyO0aPI$_$1,20,42,text,0
OrYBtyO0aPI$_$1,20,43,text,0
OrYBtyO0aPI$_$1,20,44,text,0
OrYBtyO0aPI$_$1,20,45,text,0
OrYBtyO0aPI$_$1,20,46,text,0
OrYBtyO0aPI$_$1,20,47,text,0
OrYBtyO0aPI$_$1,20,48,text,0
OrYBtyO0aPI$_$1,20,49,text,0
128763$_$12,21,0,text,0
128763$_$12,21,1,text,2
128763$_$12,21,2,text,2
128763$_$12,21,3,text,2
128763$_$12,21,4,text,2
128763$_$12,21,5,text,2
128763$_$12,21,6,text,2
128763$_$12,21,7,text,2
128763$_$12,21,8,text,2
128763$_$12,21,9,text,2
128763$_$12,21,10,text,2
128763$_$12,21,11,text,2
128763$_$12,21,12,text,2
128763$_$12,21,13,text,2
128763$_$12,21,14,text,2
128763$_$12,21,15,text,2
128763$_$12,21,16,text,2
128763$_$12,21,17,text,2
128763$_$12,21,18,text,2
128763$_$12,21,19,text,0
128763$_$12,21,20,text,0
128763$_$12,21,21,text,0
128763$_$12,21,22,text,0
128763$_$12,21,23,text,0
128763$_$12,21,24,text,0
128763$_$12,21,25,text,0
128763$_$12,21,26,text,0
128763$_$12,21,27,text,0
128763$_$12,21,28,text,0
128763$_$12,21,29,text,0
128763$_$12,21,30,text,0
128763$_$12,21,31,text,0
128763$_$12,21,32,text,0
128763$_$12,21,33,text,0
128763$_$12,21,34,text,0
128763$_$12,21,35,text,0
128763$_$12,21,36,text,0
128763$_$12,21,37,text,0
128763$_$12,21,38,text,0
128763$_$12,21,39,text,0
128763$_$12,21,40,text,0
128763$_$12,21,41,text,0
128763$_$12,21,42,text,0
128763$_$12,21,43,text,0
128763$_$12,21,44,text,0
128763$_$12,21,45,text,0
128763$_$12,21,46,text,0
128763$_$12,21,47,text,0
128763$_$12,21,48,text,0
128763$_$12,21,49,text,0
E8MuzHUhUHk$_$14,22,0,text,0
E8MuzHUhUHk$_$14,22,1,text,2
E8MuzHUhUHk$_$14,22,2,text,2
E8MuzHUhUHk$_$14,22,3,text,2
E8MuzHUhUHk$_$14,22,4,text,2
E8MuzHUhUHk$_$14,22,5,text,2
E8MuzHUhUHk$_$14,22,6,text,2
E8MuzHUhUHk$_$14,22,7,text,2
E8MuzHUhUHk$_$14,22,8,text,2
E8MuzHUhUHk$_$14,22,9,text,2
E8MuzHUhUHk$_$14,22,10,text,2
E8MuzHUhUHk$_$14,22,11,text,2
E8MuzHUhUHk$_$14,22,12,text,2
E8MuzHUhUHk$_$14,22,13,text,2
E8MuzHUhUHk$_$14,22,14,text,2
E8MuzHUhUHk$_$14,22,15,text,2
E8MuzHUhUHk$_$14,22,16,text,2
E8MuzHUhUHk$_$14,22,17,text,2
E8MuzHUhUHk$_$14,22,18,text,2
E8MuzHUhUHk$_$14,22,19,text,0
E8MuzHUhUHk$_$14,22,20,text,0
E8MuzHUhUHk$_$14,22,21,text,0
E8MuzHUhUHk$_$14,22,22,text,0
E8MuzHUhUHk$_$14,22,23,text,0
E8MuzHUhUHk$_$14,22,24,text,0
E8MuzHUhUHk$_$14,22,25,text,0
E8MuzHUhUHk$_$14,22,26,text,0
E8MuzHUhUHk$_$14,22,27,text,0
E8MuzHUhUHk$_$14,22,28,text,0
E8MuzHUhUHk$_$14,22,29,text,0
E8MuzHUhUHk$_$14,22,30,text,0
E8MuzHUhUHk$_$14,22,31,text,0
E8MuzHUhUHk$_$14,22,32,text,0
E8MuzHUhUHk$_$14,22,33,text,0
E8MuzHUhUHk$_$14,22,34,text,0
E8MuzHUhUHk$_$14,22,35,text,0
E8MuzHUhUHk$_$14,22,36,text,0
E8MuzHUhUHk$_$14,22,37,text,0
E8MuzHUhUHk$_$14,22,38,text,0
E8MuzHUhUHk$_$14,22,39,text,0
E8MuzHUhUHk$_$14,22,40,text,0
E8MuzHUhUHk$_$14,22,41,text,0
E8MuzHUhUHk$_$14,22,42,text,0
E8MuzHUhUHk$_$14,22,43,text,0
E8MuzHUhUHk$_$14,22,44,text,0
E8MuzHUhUHk$_$14,22,45,text,0
E8MuzHUhUHk$_$14,22,46,text,0
E8MuzHUhUHk$_$14,22,47,text,0
E8MuzHUhUHk$_$14,22,48,text,0
E8MuzHUhUHk$_$14,22,49,text,0
bWunvAd96zI$_$1,23,0,text,0
bWunvAd96zI$_$1,23,1,text,2
bWunvAd96zI$_$1,23,2,text,2
bWunvAd96zI$_$1,23,3,text,2
bWunvAd96zI$_$1,23,4,text,2
bWunvAd96zI$_$1,23,5,text,2
bWunvAd96zI$_$1,23,6,text,2
bWunvAd96zI$_$1,23,7,text,2
bWunvAd96zI$_$1,23,8,text,2
bWunvAd96zI$_$1,23,9,text,2
bWunvAd96zI$_$1,23,10,text,2
bWunvAd96zI$_$1,23,11,text,2
bWunvAd96zI$_$1,23,12,text,2
bWunvAd96zI$_$1,23,13,text,2
bWunvAd96zI$_$1,23,14,text,2
bWunvAd96zI$_$1,23,15,text,2
bWunvAd96zI$_$1,23,16,text,2
bWunvAd96zI$_$1,23,17,text,2
bWunvAd96zI$_$1,23,18,text,2
bWunvAd96zI$_$1,23,19,text,0
bWunvAd96zI$_$1,23,20,text,0
bWunvAd96zI$_$1,23,21,text,0
bWunvAd96zI$_$1,23,22,text,0
bWunvAd96zI$_$1,23,23,text,0
bWunvAd96zI$_$1,23,24,text,0
bWunvAd96zI$_$1,23,25,text,0
bWunvAd96zI$_$1,23,26,text,0
bWunvAd96zI$_$1,23,27,text,0
bWunvAd96zI$_$1,23,28,text,0
bWunvAd96zI$_$1,23,29,text,0
bWunvAd96zI$_$1,23,30,text,0
bWunvAd96zI$_$1,23,31,text,0
bWunvAd96zI$_$1,23,32,text,0
bWunvAd96zI$_$1,23,33,text,0
bWunvAd96zI$_$1,23,34,text,0
bWunvAd96zI$_$1,23,35,text,0
bWunvAd96zI$_$1,23,36,text,0
bWunvAd96zI$_$1,23,37,text,0
bWunvAd96zI$_$1,23,38,text,0
bWunvAd96zI$_$1,23,39,text,0
bWunvAd96zI$_$1,23,40,text,0
bWunvAd96zI$_$1,23,41,text,0
bWunvAd96zI$_$1,23,42,text,0
bWunvAd96zI$_$1,23,43,text,0
bWunvAd96zI$_$1,23,44,text,0
bWunvAd96zI$_$1,23,45,text,0
bWunvAd96zI$_$1,23,46,text,0
bWunvAd96zI$_$1,23,47,text,0
bWunvAd96zI$_$1,23,48,text,0
bWunvAd96zI$_$1,23,49,text,0
3MFNIag0wNE$_$7,24,0,text,0
3MFNIag0wNE$_$7,24,1,text,2
3MFNIag0wNE$_$7,24,2,text,2
3MFNIag0wNE$_$7,24,3,text,2
3MFNIag0wNE$_$7,24,4,text,2
3MFNIag0wNE$_$7,24,5,text,2
3MFNIag0wNE$_$7,24,6,text,2
3MFNIag0wNE$_$7,24,7,text,2
3MFNIag0wNE$_$7,24,8,text,2
3MFNIag0wNE$_$7,24,9,text,2
3MFNIag0wNE$_$7,24,10,text,2
3MFNIag0wNE$_$7,24,11,text,2
3MFNIag0wNE$_$7,24,12,text,2
3MFNIag0wNE$_$7,24,13,text,2
3MFNIag0wNE$_$7,24,14,text,2
3MFNIag0wNE$_$7,24,15,text,2
3MFNIag0wNE$_$7,24,16,text,2
3MFNIag0wNE$_$7,24,17,text,2
3MFNIag0wNE$_$7,24,18,text,2
3MFNIag0wNE$_$7,24,19,text,2
3MFNIag0wNE$_$7,24,20,text,0
3MFNIag0wNE$_$7,24,21,text,0
3MFNIag0wNE$_$7,24,22,text,0
3MFNIag0wNE$_$7,24,23,text,0
3MFNIag0wNE$_$7,24,24,text,0
3MFNIag0wNE$_$7,24,25,text,0
3MFNIag0wNE$_$7,24,26,text,0
3MFNIag0wNE$_$7,24,27,text,0
3MFNIag0wNE$_$7,24,28,text,0
3MFNIag0wNE$_$7,24,29,text,0
3MFNIag0wNE$_$7,24,30,text,0
3MFNIag0wNE$_$7,24,31,text,0
3MFNIag0wNE$_$7,24,32,text,0
3MFNIag0wNE$_$7,24,33,text,0
3MFNIag0wNE$_$7,24,34,text,0
3MFNIag0wNE$_$7,24,35,text,0
3MFNIag0wNE$_$7,24,36,text,0
3MFNIag0wNE$_$7,24,37,text,0
3MFNIag0wNE$_$7,24,38,text,0
3MFNIag0wNE$_$7,24,39,text,0
3MFNIag0wNE$_$7,24,40,text,0
3MFNIag0wNE$_$7,24,41,text,0
3MFNIag0wNE$_$7,24,42,text,0
3MFNIag0wNE$_$7,24,43,text,0
3MFNIag0wNE$_$7,24,44,text,0
3MFNIag0wNE$_$7,24,45,text,0
3MFNIag0wNE$_$7,24,46,text,0
3MFNIag0wNE$_$7,24,47,text,0
3MFNIag0wNE$_$7,24,48,text,0
3MFNIag0wNE$_$7,24,49,text,0
goMtnNHQ_z4$_$2,25,0,text,0
goMtnNHQ_z4$_$2,25,1,text,2
goMtnNHQ_z4$_$2,25,2,text,2
goMtnNHQ_z4$_$2,25,3,text,2
goMtnNHQ_z4$_$2,25,4,text,2
goMtnNHQ_z4$_$2,25,5,text,2
goMtnNHQ_z4$_$2,25,6,text,2
goMtnNHQ_z4$_$2,25,7,text,2
goMtnNHQ_z4$_$2,25,8,text,2
goMtnNHQ_z4$_$2,25,9,text,2
goMtnNHQ_z4$_$2,25,10,text,2
goMtnNHQ_z4$_$2,25,11,text,2
goMtnNHQ_z4$_$2,25,12,text,2
goMtnNHQ_z4$_$2,25,13,text,2
goMtnNHQ_z4$_$2,25,14,text,2
goMtnNHQ_z4$_$2,25,15,text,2
goMtnNHQ_z4$_$2,25,16,text,2
goMtnNHQ_z4$_$2,25,17,text,2
goMtnNHQ_z4$_$2,25,18,text,2
goMtnNHQ_z4$_$2,25,19,text,2
goMtnNHQ_z4$_$2,25,20,text,0
goMtnNHQ_z4$_$2,25,21,text,0
goMtnNHQ_z4$_$2,25,22,text,0
goMtnNHQ_z4$_$2,25,23,text,0
goMtnNHQ_z4$_$2,25,24,text,0
goMtnNHQ_z4$_$2,25,25,text,0
goMtnNHQ_z4$_$2,25,26,text,0
goMtnNHQ_z4$_$2,25,27,text,0
goMtnNHQ_z4$_$2,25,28,text,0
goMtnNHQ_z4$_$2,25,29,text,0
goMtnNHQ_z4$_$2,25,30,text,0
goMtnNHQ_z4$_$2,25,31,text,0
goMtnNHQ_z4$_$2,25,32,text,0
goMtnNHQ_z4$_$2,25,33,text,0
goMtnNHQ_z4$_$2,25,34,text,0
goMtnNHQ_z4$_$2,25,35,text,0
goMtnNHQ_z4$_$2,25,36,text,0
goMtnNHQ_z4$_$2,25,37,text,0
goMtnNHQ_z4$_$2,25,38,text,0
goMtnNHQ_z4$_$2,25,39,text,0
goMtnNHQ_z4$_$2,25,40,text,0
goMtnNHQ_z4$_$2,25,41,text,0
goMtnNHQ_z4$_$2,25,42,text,0
goMtnNHQ_z4$_$2,25,43,text,0
goMtnNHQ_z4$_$2,25,44,text,0
goMtnNHQ_z4$_$2,25,45,text,0
goMtnNHQ_z4$_$2,25,46,text,0
goMtnNHQ_z4$_$2,25,47,text,0
goMtnNHQ_z4$_$2,25,48,text,0
goMtnNHQ_z4$_$2,25,49,text,0
2S00zYaVrtc$_$4,26,0,text,0
2S00zYaVrtc$_$4,26,1,text,2
2S00zYaVrtc$_$4,26,2,text,2
2S00zYaVrtc$_$4,26,3,text,2
2S00zYaVrtc$_$4,26,4,text,2
2S00zYaVrtc$_$4,26,5,text,2
2S00zYaVrtc$_$4,26,6,text,2
2S00zYaVrtc$_$4,26,7,text,2
2S00zYaVrtc$_$4,26,8,text,2
2S00zYaVrtc$_$4,26,9,text,2
2S00zYaVrtc$_$4,26,10,text,2
2S00zYaVrtc$_$4,26,11,text,2
2S00zYaVrtc$_$4,26,12,text,2
2S00zYaVrtc$_$4,26,13,text,2
2S00zYaVrtc$_$4,26,14,text,2
2S00zYaVrtc$_$4,26,15,text,2
2S00zYaVrtc$_$4,26,16,text,2
2S00zYaVrtc$_$4,26,17,text,2
2S00zYaVrtc$_$4,26,18,text,2
2S00zYaVrtc$_$4,26,19,text,2
2S00zYaVrtc$_$4,26,20,text,2
2S00zYaVrtc$_$4,26,21,text,0
2S00zYaVrtc$_$4,26,22,text,0
2S00zYaVrtc$_$4,26,23,text,0
2S00zYaVrtc$_$4,26,24,text,0
2S00zYaVrtc$_$4,26,25,text,0
2S00zYaVrtc$_$4,26,26,text,0
2S00zYaVrtc$_$4,26,27,text,0
2S00zYaVrtc$_$4,26,28,text,0
2S00zYaVrtc$_$4,26,29,text,0
2S00zYaVrtc$_$4,26,30,text,0
2S00zYaVrtc$_$4,26,31,text,0
2S00zYaVrtc$_$4,26,32,text,0
2S00zYaVrtc$_$4,26,33,text,0
2S00zYaVrtc$_$4,26,34,text,0
2S00zYaVrtc$_$4,26,35,text,0
2S00zYaVrtc$_$4,26,36,text,0
2S00zYaVrtc$_$4,26,37,text,0
2S00zYaVrtc$_$4,26,38,text,0
2S00zYaVrtc$_$4,26,39,text,0
2S00zYaVrtc$_$4,26,40,text,0
2S00zYaVrtc$_$4,26,41,text,0
2S00zYaVrtc$_$4,26,42,text,0
2S00zYaVrtc$_$4,26,43,text,0
2S00zYaVrtc$_$4,26,44,text,0
2S00zYaVrtc$_$4,26,45,text,0
2S00zYaVrtc$_$4,26,46,text,0
2S00zYaVrtc$_$4,26,47,text,0
2S00zYaVrtc$_$4,26,48,text,0
2S00zYaVrtc$_$4,26,49,text,0
TXCXFYIc3Yo$_$2,27,0,text,0
TXCXFYIc3Yo$_$2,27,1,text,2
TXCXFYIc3Yo$_$2,27,2,text,2
TXCXFYIc3Yo$_$2,27,3,text,2
TXCXFYIc3Yo$_$2,27,4,text,2
TXCXFYIc3Yo$_$2,27,5,text,2
TXCXFYIc3Yo$_$2,27,6,text,2
TXCXFYIc3Yo$_$2,27,7,text,2
TXCXFYIc3Yo$_$2,27,8,text,2
TXCXFYIc3Yo$_$2,27,9,text,2
TXCXFYIc3Yo$_$2,27,10,text,2
TXCXFYIc3Yo$_$2,27,11,text,2
TXCXFYIc3Yo$_$2,27,12,text,2
TXCXFYIc3Yo$_$2,27,13,text,2
TXCXFYIc3Yo$_$2,27,14,text,2
TXCXFYIc3Yo$_$2,27,15,text,2
TXCXFYIc3Yo$_$2,27,16,text,2
TXCXFYIc3Yo$_$2,27,17,text,2
TXCXFYIc3Yo$_$2,27,18,text,2
TXCXFYIc3Yo$_$2,27,19,text,2
TXCXFYIc3Yo$_$2,27,20,text,2
TXCXFYIc3Yo$_$2,27,21,text,0
TXCXFYIc3Yo$_$2,27,22,text,0
TXCXFYIc3Yo$_$2,27,23,text,0
TXCXFYIc3Yo$_$2,27,24,text,0
TXCXFYIc3Yo$_$2,27,25,text,0
TXCXFYIc3Yo$_$2,27,26,text,0
TXCXFYIc3Yo$_$2,27,27,text,0
TXCXFYIc3Yo$_$2,27,28,text,0
TXCXFYIc3Yo$_$2,27,29,text,0
TXCXFYIc3Yo$_$2,27,30,text,0
TXCXFYIc3Yo$_$2,27,31,text,0
TXCXFYIc3Yo$_$2,27,32,text,0
TXCXFYIc3Yo$_$2,27,33,text,0
TXCXFYIc3Yo$_$2,27,34,text,0
TXCXFYIc3Yo$_$2,27,35,text,0
TXCXFYIc3Yo$_$2,27,36,text,0
TXCXFYIc3Yo$_$2,27,37,text,0
TXCXFYIc3Yo$_$2,27,38,text,0
TXCXFYIc3Yo$_$2,27,39,text,0
TXCXFYIc3Yo$_$2,27,40,text,0
TXCXFYIc3Yo$_$2,27,41,text,0
TXCXFYIc3Yo$_$2,27,42,text,0
TXCXFYIc3Yo$_$2,27,43,text,0
TXCXFYIc3Yo$_$2,27,44,text,0
TXCXFYIc3Yo$_$2,27,45,text,0
TXCXFYIc3Yo$_$2,27,46,text,0
TXCXFYIc3Yo$_$2,27,47,text,0
TXCXFYIc3Yo$_$2,27,48,text,0
TXCXFYIc3Yo$_$2,27,49,text,0
EEjCkc82oyk$_$9,28,0,text,0
EEjCkc82oyk$_$9,28,1,text,2
EEjCkc82oyk$_$9,28,2,text,2
EEjCkc82oyk$_$9,28,3,text,2
EEjCkc82oyk$_$9,28,4,text,2
EEjCkc82oyk$_$9,28,5,text,2
EEjCkc82oyk$_$9,28,6,text,2
EEjCkc82oyk$_$9,28,7,text,2
EEjCkc82oyk$_$9,28,8,text,2
EEjCkc82oyk$_$9,28,9,text,2
EEjCkc82oyk$_$9,28,10,text,2
EEjCkc82oyk$_$9,28,11,text,2
EEjCkc82oyk$_$9,28,12,text,2
EEjCkc82oyk$_$9,28,13,text,2
EEjCkc82oyk$_$9,28,14,text,2
EEjCkc82oyk$_$9,28,15,text,2
EEjCkc82oyk$_$9,28,16,text,2
EEjCkc82oyk$_$9,28,17,text,2
EEjCkc82oyk$_$9,28,18,text,2
EEjCkc82oyk$_$9,28,19,text,2
EEjCkc82oyk$_$9,28,20,text,2
EEjCkc82oyk$_$9,28,21,text,2
EEjCkc82oyk$_$9,28,22,text,0
EEjCkc82oyk$_$9,28,23,text,0
EEjCkc82oyk$_$9,28,24,text,0
EEjCkc82oyk$_$9,28,25,text,0
EEjCkc82oyk$_$9,28,26,text,0
EEjCkc82oyk$_$9,28,27,text,0
EEjCkc82oyk$_$9,28,28,text,0
EEjCkc82oyk$_$9,28,29,text,0
EEjCkc82oyk$_$9,28,30,text,0
EEjCkc82oyk$_$9,28,31,text,0
EEjCkc82oyk$_$9,28,32,text,0
EEjCkc82oyk$_$9,28,33,text,0
EEjCkc82oyk$_$9,28,34,text,0
EEjCkc82oyk$_$9,28,35,text,0
EEjCkc82oyk$_$9,28,36,text,0
EEjCkc82oyk$_$9,28,37,text,0
EEjCkc82oyk$_$9,28,38,text,0
EEjCkc82oyk$_$9,28,39,text,0
EEjCkc82oyk$_$9,28,40,text,0
EEjCkc82oyk$_$9,28,41,text,0
EEjCkc82oyk$_$9,28,42,text,0
EEjCkc82oyk$_$9,28,43,text,0
EEjCkc82oyk$_$9,28,44,text,0
EEjCkc82oyk$_$9,28,45,text,0
EEjCkc82oyk$_$9,28,46,text,0
EEjCkc82oyk$_$9,28,47,text,0
EEjCkc82oyk$_$9,28,48,text,0
EEjCkc82oyk$_$9,28,49,text,0
goMtnNHQ_z4$_$13,29,0,text,0
goMtnNHQ_z4$_$13,29,1,text,2
goMtnNHQ_z4$_$13,29,2,text,2
goMtnNHQ_z4$_$13,29,3,text,2
goMtnNHQ_z4$_$13,29,4,text,2
goMtnNHQ_z4$_$13,29,5,text,2
goMtnNHQ_z4$_$13,29,6,text,2
goMtnNHQ_z4$_$13,29,7,text,2
goMtnNHQ_z4$_$13,29,8,text,2
goMtnNHQ_z4$_$13,29,9,text,2
goMtnNHQ_z4$_$13,29,10,text,2
goMtnNHQ_z4$_$13,29,11,text,2
goMtnNHQ_z4$_$13,29,12,text,2
goMtnNHQ_z4$_$13,29,13,text,2
goMtnNHQ_z4$_$13,29,14,text,2
goMtnNHQ_z4$_$13,29,15,text,2
goMtnNHQ_z4$_$13,29,16,text,2
goMtnNHQ_z4$_$13,29,17,text,2
goMtnNHQ_z4$_$13,29,18,text,2
goMtnNHQ_z4$_$13,29,19,text,2
goMtnNHQ_z4$_$13,29,20,text,2
goMtnNHQ_z4$_$13,29,21,text,2
goMtnNHQ_z4$_$13,29,22,text,0
goMtnNHQ_z4$_$13,29,23,text,0
goMtnNHQ_z4$_$13,29,24,text,0
goMtnNHQ_z4$_$13,29,25,text,0
goMtnNHQ_z4$_$13,29,26,text,0
goMtnNHQ_z4$_$13,29,27,text,0
goMtnNHQ_z4$_$13,29,28,text,0
goMtnNHQ_z4$_$13,29,29,text,0
goMtnNHQ_z4$_$13,29,30,text,0
goMtnNHQ_z4$_$13,29,31,text,0
goMtnNHQ_z4$_$13,29,32,text,0
goMtnNHQ_z4$_$13,29,33,text,0
goMtnNHQ_z4$_$13,29,34,text,0
goMtnNHQ_z4$_$13,29,35,text,0
goMtnNHQ_z4$_$13,29,36,text,0
goMtnNHQ_z4$_$13,29,37,text,0
goMtnNHQ_z4$_$13,29,38,text,0
goMtnNHQ_z4$_$13,29,39,text,0
goMtnNHQ_z4$_$13,29,40,text,0
goMtnNHQ_z4$_$13,29,41,text,0
goMtnNHQ_z4$_$13,29,42,text,0
goMtnNHQ_z4$_$13,29,43,text,0
goMtnNHQ_z4$_$13,29,44,text,0
goMtnNHQ_z4$_$13,29,45,text,0
goMtnNHQ_z4$_$13,29,46,text,0
goMtnNHQ_z4$_$13,29,47,text,0
goMtnNHQ_z4$_$13,29,48,text,0
goMtnNHQ_z4$_$13,29,49,text,0
3j94B0pzSVs$_$17,30,0,text,0
3j94B0pzSVs$_$17,30,1,text,2
3j94B0pzSVs$_$17,30,2,text,2
3j94B0pzSVs$_$17,30,3,text,2
3j94B0pzSVs$_$17,30,4,text,2
3j94B0pzSVs$_$17,30,5,text,2
3j94B0pzSVs$_$17,30,6,text,2
3j94B0pzSVs$_$17,30,7,text,2
3j94B0pzSVs$_$17,30,8,text,2
3j94B0pzSVs$_$17,30,9,text,2
3j94B0pzSVs$_$17,30,10,text,2
3j94B0pzSVs$_$17,30,11,text,2
3j94B0pzSVs$_$17,30,12,text,2
3j94B0pzSVs$_$17,30,13,text,2
3j94B0pzSVs$_$17,30,14,text,2
3j94B0pzSVs$_$17,30,15,text,2
3j94B0pzSVs$_$17,30,16,text,2
3j94B0pzSVs$_$17,30,17,text,2
3j94B0pzSVs$_$17,30,18,text,2
3j94B0pzSVs$_$17,30,19,text,2
3j94B0pzSVs$_$17,30,20,text,2
3j94B0pzSVs$_$17,30,21,text,2
3j94B0pzSVs$_$17,30,22,text,2
3j94B0pzSVs$_$17,30,23,text,0
3j94B0pzSVs$_$17,30,24,text,0
3j94B0pzSVs$_$17,30,25,text,0
3j94B0pzSVs$_$17,30,26,text,0
3j94B0pzSVs$_$17,30,27,text,0
3j94B0pzSVs$_$17,30,28,text,0
3j94B0pzSVs$_$17,30,29,text,0
3j94B0pzSVs$_$17,30,30,text,0
3j94B0pzSVs$_$17,30,31,text,0
3j94B0pzSVs$_$17,30,32,text,0
3j94B0pzSVs$_$17,30,33,text,0
3j94B0pzSVs$_$17,30,34,text,0
3j94B0pzSVs$_$17,30,35,text,0
3j94B0pzSVs$_$17,30,36,text,0
3j94B0pzSVs$_$17,30,37,text,0
3j94B0pzSVs$_$17,30,38,text,0
3j94B0pzSVs$_$17,30,39,text,0
3j94B0pzSVs$_$17,30,40,text,0
3j94B0pzSVs$_$17,30,41,text,0
3j94B0pzSVs$_$17,30,42,text,0
3j94B0pzSVs$_$17,30,43,text,0
3j94B0pzSVs$_$17,30,44,text,0
3j94B0pzSVs$_$17,30,45,text,0
3j94B0pzSVs$_$17,30,46,text,0
3j94B0pzSVs$_$17,30,47,text,0
3j94B0pzSVs$_$17,30,48,text,0
3j94B0pzSVs$_$17,30,49,text,0
ooAF6I-fmTg$_$7,31,0,text,0
ooAF6I-fmTg$_$7,31,1,text,2
ooAF6I-fmTg$_$7,31,2,text,2
ooAF6I-fmTg$_$7,31,3,text,2
ooAF6I-fmTg$_$7,31,4,text,2
ooAF6I-fmTg$_$7,31,5,text,2
ooAF6I-fmTg$_$7,31,6,text,2
ooAF6I-fmTg$_$7,31,7,text,2
ooAF6I-fmTg$_$7,31,8,text,2
ooAF6I-fmTg$_$7,31,9,text,2
ooAF6I-fmTg$_$7,31,10,text,2
ooAF6I-fmTg$_$7,31,11,text,2
ooAF6I-fmTg$_$7,31,12,text,2
ooAF6I-fmTg$_$7,31,13,text,2
ooAF6I-fmTg$_$7,31,14,text,2
ooAF6I-fmTg$_$7,31,15,text,2
ooAF6I-fmTg$_$7,31,16,text,2
ooAF6I-fmTg$_$7,31,17,text,2
ooAF6I-fmTg$_$7,31,18,text,2
ooAF6I-fmTg$_$7,31,19,text,2
ooAF6I-fmTg$_$7,31,20,text,2
ooAF6I-fmTg$_$7,31,21,text,2
ooAF6I-fmTg$_$7,31,22,text,2
ooAF6I-fmTg$_$7,31,23,text,0
ooAF6I-fmTg$_$7,31,24,text,0
ooAF6I-fmTg$_$7,31,25,text,0
ooAF6I-fmTg$_$7,31,26,text,0
ooAF6I-fmTg$_$7,31,27,text,0
ooAF6I-fmTg$_$7,31,28,text,0
ooAF6I-fmTg$_$7,31,29,text,0
ooAF6I-fmTg$_$7,31,30,text,0
ooAF6I-fmTg$_$7,31,31,text,0
ooAF6I-fmTg$_$7,31,32,text,0
ooAF6I-fmTg$_$7,31,33,text,0
ooAF6I-fmTg$_$7,31,34,text,0
ooAF6I-fmTg$_$7,31,35,text,0
ooAF6I-fmTg$_$7,31,36,text,0
ooAF6I-fmTg$_$7,31,37,text,0
ooAF6I-fmTg$_$7,31,38,text,0
ooAF6I-fmTg$_$7,31,39,text,0
ooAF6I-fmTg$_$7,31,40,text,0
ooAF6I-fmTg$_$7,31,41,text,0
ooAF6I-fmTg$_$7,31,42,text,0
ooAF6I-fmTg$_$7,31,43,text,0
ooAF6I-fmTg$_$7,31,44,text,0
ooAF6I-fmTg$_$7,31,45,text,0
ooAF6I-fmTg$_$7,31,46,text,0
ooAF6I-fmTg$_$7,31,47,text,0
ooAF6I-fmTg$_$7,31,48,text,0
ooAF6I-fmTg$_$7,31,49,text,0
70280$_$11,32,0,text,0
70280$_$11,32,1,text,2
70280$_$11,32,2,text,2
70280$_$11,32,3,text,2
70280$_$11,32,4,text,2
70280$_$11,32,5,text,2
70280$_$11,32,6,text,2
70280$_$11,32,7,text,2
70280$_$11,32,8,text,2
70280$_$11,32,9,text,2
70280$_$11,32,10,text,2
70280$_$11,32,11,text,2
70280$_$11,32,12,text,2
70280$_$11,32,13,text,2
70280$_$11,32,14,text,2
70280$_$11,32,15,text,2
70280$_$11,32,16,text,2
70280$_$11,32,17,text,2
70280$_$11,32,18,text,2
70280$_$11,32,19,text,2
70280$_$11,32,20,text,2
70280$_$11,32,21,text,2
70280$_$11,32,22,text,2
70280$_$11,32,23,text,2
70280$_$11,32,24,text,0
70280$_$11,32,25,text,0
70280$_$11,32,26,text,0
70280$_$11,32,27,text,0
70280$_$11,32,28,text,0
70280$_$11,32,29,text,0
70280$_$11,32,30,text,0
70280$_$11,32,31,text,0
70280$_$11,32,32,text,0
70280$_$11,32,33,text,0
70280$_$11,32,34,text,0
70280$_$11,32,35,text,0
70280$_$11,32,36,text,0
70280$_$11,32,37,text,0
70280$_$11,32,38,text,0
70280$_$11,32,39,text,0
70280$_$11,32,40,text,0
70280$_$11,32,41,text,0
70280$_$11,32,42,text,0
70280$_$11,32,43,text,0
70280$_$11,32,44,text,0
70280$_$11,32,45,text,0
70280$_$11,32,46,text,0
70280$_$11,32,47,text,0
70280$_$11,32,48,text,0
70280$_$11,32,49,text,0
mLW-jn67gRE$_$5,33,0,text,0
mLW-jn67gRE$_$5,33,1,text,2
mLW-jn67gRE$_$5,33,2,text,2
mLW-jn67gRE$_$5,33,3,text,2
mLW-jn67gRE$_$5,33,4,text,2
mLW-jn67gRE$_$5,33,5,text,2
mLW-jn67gRE$_$5,33,6,text,2
mLW-jn67gRE$_$5,33,7,text,2
mLW-jn67gRE$_$5,33,8,text,2
mLW-jn67gRE$_$5,33,9,text,2
mLW-jn67gRE$_$5,33,10,text,2
mLW-jn67gRE$_$5,33,11,text,2
mLW-jn67gRE$_$5,33,12,text,2
mLW-jn67gRE$_$5,33,13,text,2
mLW-jn67gRE$_$5,33,14,text,2
mLW-jn67gRE$_$5,33,15,text,2
mLW-jn67gRE$_$5,33,16,text,2
mLW-jn67gRE$_$5,33,17,text,2
mLW-jn67gRE$_$5,33,18,text,2
mLW-jn67gRE$_$5,33,19,text,2
mLW-jn67gRE$_$5,33,20,text,2
mLW-jn67gRE$_$5,33,21,text,2
mLW-jn67gRE$_$5,33,22,text,2
mLW-jn67gRE$_$5,33,23,text,2
mLW-jn67gRE$_$5,33,24,text,0
mLW-jn67gRE$_$5,33,25,text,0
mLW-jn67gRE$_$5,33,26,text,0
mLW-jn67gRE$_$5,33,27,text,0
mLW-jn67gRE$_$5,33,28,text,0
mLW-jn67gRE$_$5,33,29,text,0
mLW-jn67gRE$_$5,33,30,text,0
mLW-jn67gRE$_$5,33,31,text,0
mLW-jn67gRE$_$5,33,32,text,0
mLW-jn67gRE$_$5,33,33,text,0
mLW-jn67gRE$_$5,33,34,text,0
mLW-jn67gRE$_$5,33,35,text,0
mLW-jn67gRE$_$5,33,36,text,0
mLW-jn67gRE$_$5,33,37,text,0
mLW-jn67gRE$_$5,33,38,text,0
mLW-jn67gRE$_$5,33,39,text,0
mLW-jn67gRE$_$5,33,40,text,0
mLW-jn67gRE$_$5,33,41,text,0
mLW-jn67gRE$_$5,33,42,text,0
mLW-jn67gRE$_$5,33,43,text,0
mLW-jn67gRE$_$5,33,44,text,0
mLW-jn67gRE$_$5,33,45,text,0
mLW-jn67gRE$_$5,33,46,text,0
mLW-jn67gRE$_$5,33,47,text,0
mLW-jn67gRE$_$5,33,48,text,0
mLW-jn67gRE$_$5,33,49,text,0
2Xt31_d0XEE$_$2,34,0,text,0
2Xt31_d0XEE$_$2,34,1,text,2
2Xt31_d0XEE$_$2,34,2,text,2
2Xt31_d0XEE$_$2,34,3,text,2
2Xt31_d0XEE$_$2,34,4,text,2
2Xt31_d0XEE$_$2,34,5,text,2
2Xt31_d0XEE$_$2,34,6,text,2
2Xt31_d0XEE$_$2,34,7,text,2
2Xt31_d0XEE$_$2,34,8,text,2
2Xt31_d0XEE$_$2,34,9,text,2
2Xt31_d0XEE$_$2,34,10,text,2
2Xt31_d0XEE$_$2,34,11,text,2
2Xt31_d0XEE$_$2,34,12,text,2
2Xt31_d0XEE$_$2,34,13,text,2
2Xt31_d0XEE$_$2,34,14,text,2
2Xt31_d0XEE$_$2,34,15,text,2
2Xt31_d0XEE$_$2,34,16,text,2
2Xt31_d0XEE$_$2,34,17,text,2
2Xt31_d0XEE$_$2,34,18,text,2
2Xt31_d0XEE$_$2,34,19,text,2
2Xt31_d0XEE$_$2,34,20,text,2
2Xt31_d0XEE$_$2,34,21,text,2
2Xt31_d0XEE$_$2,34,22,text,2
2Xt31_d0XEE$_$2,34,23,text,2
2Xt31_d0XEE$_$2,34,24,text,2
2Xt31_d0XEE$_$2,34,25,text,0
2Xt31_d0XEE$_$2,34,26,text,0
2Xt31_d0XEE$_$2,34,27,text,0
2Xt31_d0XEE$_$2,34,28,text,0
2Xt31_d0XEE$_$2,34,29,text,0
2Xt31_d0XEE$_$2,34,30,text,0
2Xt31_d0XEE$_$2,34,31,text,0
2Xt31_d0XEE$_$2,34,32,text,0
2Xt31_d0XEE$_$2,34,33,text,0
2Xt31_d0XEE$_$2,34,34,text,0
2Xt31_d0XEE$_$2,34,35,text,0
2Xt31_d0XEE$_$2,34,36,text,0
2Xt31_d0XEE$_$2,34,37,text,0
2Xt31_d0XEE$_$2,34,38,text,0
2Xt31_d0XEE$_$2,34,39,text,0
2Xt31_d0XEE$_$2,34,40,text,0
2Xt31_d0XEE$_$2,34,41,text,0
2Xt31_d0XEE$_$2,34,42,text,0
2Xt31_d0XEE$_$2,34,43,text,0
2Xt31_d0XEE$_$2,34,44,text,0
2Xt31_d0XEE$_$2,34,45,text,0
2Xt31_d0XEE$_$2,34,46,text,0
2Xt31_d0XEE$_$2,34,47,text,0
2Xt31_d0XEE$_$2,34,48,text,0
2Xt31_d0XEE$_$2,34,49,text,0
d8BR6hsvzoY$_$1,35,0,text,0
d8BR6hsvzoY$_$1,35,1,text,2
d8BR6hsvzoY$_$1,35,2,text,2
d8BR6hsvzoY$_$1,35,3,text,2
d8BR6hsvzoY$_$1,35,4,text,2
d8BR6hsvzoY$_$1,35,5,text,2
d8BR6hsvzoY$_$1,35,6,text,2
d8BR6hsvzoY$_$1,35,7,text,2
d8BR6hsvzoY$_$1,35,8,text,2
d8BR6hsvzoY$_$1,35,9,text,2
d8BR6hsvzoY$_$1,35,10,text,2
d8BR6hsvzoY$_$1,35,11,text,2
d8BR6hsvzoY$_$1,35,12,text,2
d8BR6hsvzoY$_$1,35,13,text,2
d8BR6hsvzoY$_$1,35,14,text,2
d8BR6hsvzoY$_$1,35,15,text,2
d8BR6hsvzoY$_$1,35,16,text,2
d8BR6hsvzoY$_$1,35,17,text,2
d8BR6hsvzoY$_$1,35,18,text,2
d8BR6hsvzoY$_$1,35,19,text,2
d8BR6hsvzoY$_$1,35,20,text,2
d8BR6hsvzoY$_$1,35,21,text,2
d8BR6hsvzoY$_$1,35,22,text,2
d8BR6hsvzoY$_$1,35,23,text,2
d8BR6hsvzoY$_$1,35,24,text,2
d8BR6hsvzoY$_$1,35,25,text,0
d8BR6hsvzoY$_$1,35,26,text,0
d8BR6hsvzoY$_$1,35,27,text,0
d8BR6hsvzoY$_$1,35,28,text,0
d8BR6hsvzoY$_$1,35,29,text,0
d8BR6hsvzoY$_$1,35,30,text,0
d8BR6hsvzoY$_$1,35,31,text,0
d8BR6hsvzoY$_$1,35,32,text,0
d8BR6hsvzoY$_$1,35,33,text,0
d8BR6hsvzoY$_$1,35,34,text,0
d8BR6hsvzoY$_$1,35,35,text,0
d8BR6hsvzoY$_$1,35,36,text,0
d8BR6hsvzoY$_$1,35,37,text,0
d8BR6hsvzoY$_$1,35,38,text,0
d8BR6hsvzoY$_$1,35,39,text,0
d8BR6hsvzoY$_$1,35,40,text,0
d8BR6hsvzoY$_$1,35,41,text,0
d8BR6hsvzoY$_$1,35,42,text,0
d8BR6hsvzoY$_$1,35,43,text,0
d8BR6hsvzoY$_$1,35,44,text,0
d8BR6hsvzoY$_$1,35,45,text,0
d8BR6hsvzoY$_$1,35,46,text,0
d8BR6hsvzoY$_$1,35,47,text,0
d8BR6hsvzoY$_$1,35,48,text,0
d8BR6hsvzoY$_$1,35,49,text,0
IM6HW1HwHhM$_$17,36,0,text,0
IM6HW1HwHhM$_$17,36,1,text,2
IM6HW1HwHhM$_$17,36,2,text,2
IM6HW1HwHhM$_$17,36,3,text,2
IM6HW1HwHhM$_$17,36,4,text,2
IM6HW1HwHhM$_$17,36,5,text,2
IM6HW1HwHhM$_$17,36,6,text,2
IM6HW1HwHhM$_$17,36,7,text,2
IM6HW1HwHhM$_$17,36,8,text,2
IM6HW1HwHhM$_$17,36,9,text,2
IM6HW1HwHhM$_$17,36,10,text,2
IM6HW1HwHhM$_$17,36,11,text,2
IM6HW1HwHhM$_$17,36,12,text,2
IM6HW1HwHhM$_$17,36,13,text,2
IM6HW1HwHhM$_$17,36,14,text,2
IM6HW1HwHhM$_$17,36,15,text,2
IM6HW1HwHhM$_$17,36,16,text,2
IM6HW1HwHhM$_$17,36,17,text,2
IM6HW1HwHhM$_$17,36,18,text,2
IM6HW1HwHhM$_$17,36,19,text,2
IM6HW1HwHhM$_$17,36,20,text,2
IM6HW1HwHhM$_$17,36,21,text,2
IM6HW1HwHhM$_$17,36,22,text,2
IM6HW1HwHhM$_$17,36,23,text,2
IM6HW1HwHhM$_$17,36,24,text,2
IM6HW1HwHhM$_$17,36,25,text,2
IM6HW1HwHhM$_$17,36,26,text,0
IM6HW1HwHhM$_$17,36,27,text,0
IM6HW1HwHhM$_$17,36,28,text,0
IM6HW1HwHhM$_$17,36,29,text,0
IM6HW1HwHhM$_$17,36,30,text,0
IM6HW1HwHhM$_$17,36,31,text,0
IM6HW1HwHhM$_$17,36,32,text,0
IM6HW1HwHhM$_$17,36,33,text,0
IM6HW1HwHhM$_$17,36,34,text,0
IM6HW1HwHhM$_$17,36,35,text,0
IM6HW1HwHhM$_$17,36,36,text,0
IM6HW1HwHhM$_$17,36,37,text,0
IM6HW1HwHhM$_$17,36,38,text,0
IM6HW1HwHhM$_$17,36,39,text,0
IM6HW1HwHhM$_$17,36,40,text,0
IM6HW1HwHhM$_$17,36,41,text,0
IM6HW1HwHhM$_$17,36,42,text,0
IM6HW1HwHhM$_$17,36,43,text,0
IM6HW1HwHhM$_$17,36,44,text,0
IM6HW1HwHhM$_$17,36,45,text,0
IM6HW1HwHhM$_$17,36,46,text,0
IM6HW1HwHhM$_$17,36,47,text,0
IM6HW1HwHhM$_$17,36,48,text,0
IM6HW1HwHhM$_$17,36,49,text,0
102858$_$6,37,0,text,0
102858$_$6,37,1,text,2
102858$_$6,37,2,text,2
102858$_$6,37,3,text,2
102858$_$6,37,4,text,2
102858$_$6,37,5,text,2
102858$_$6,37,6,text,2
102858$_$6,37,7,text,2
102858$_$6,37,8,text,2
102858$_$6,37,9,text,2
102858$_$6,37,10,text,2
102858$_$6,37,11,text,2
102858$_$6,37,12,text,2
102858$_$6,37,13,text,2
102858$_$6,37,14,text,2
102858$_$6,37,15,text,2
102858$_$6,37,16,text,2
102858$_$6,37,17,text,2
102858$_$6,37,18,text,2
102858$_$6,37,19,text,2
102858$_$6,37,20,text,2
102858$_$6,37,21,text,2
102858$_$6,37,22,text,2
102858$_$6,37,23,text,2
102858$_$6,37,24,text,2
102858$_$6,37,25,text,2
102858$_$6,37,26,text,2
102858$_$6,37,27,text,0
102858$_$6,37,28,text,0
102858$_$6,37,29,text,0
102858$_$6,37,30,text,0
102858$_$6,37,31,text,0
102858$_$6,37,32,text,0
102858$_$6,37,33,text,0
102858$_$6,37,34,text,0
102858$_$6,37,35,text,0
102858$_$6,37,36,text,0
102858$_$6,37,37,text,0
102858$_$6,37,38,text,0
102858$_$6,37,39,text,0
102858$_$6,37,40,text,0
102858$_$6,37,41,text,0
102858$_$6,37,42,text,0
102858$_$6,37,43,text,0
102858$_$6,37,44,text,0
102858$_$6,37,45,text,0
102858$_$6,37,46,text,0
102858$_$6,37,47,text,0
102858$_$6,37,48,text,0
102858$_$6,37,49,text,0
_gzYkdjNvPc$_$1,38,0,text,0
_gzYkdjNvPc$_$1,38,1,text,2
_gzYkdjNvPc$_$1,38,2,text,2
_gzYkdjNvPc$_$1,38,3,text,2
_gzYkdjNvPc$_$1,38,4,text,2
_gzYkdjNvPc$_$1,38,5,text,2
_gzYkdjNvPc$_$1,38,6,text,2
_gzYkdjNvPc$_$1,38,7,text,2
_gzYkdjNvPc$_$1,38,8,text,2
_gzYkdjNvPc$_$1,38,9,text,2
_gzYkdjNvPc$_$1,38,10,text,2
_gzYkdjNvPc$_$1,38,11,text,2
_gzYkdjNvPc$_$1,38,12,text,2
_gzYkdjNvPc$_$1,38,13,text,2
_gzYkdjNvPc$_$1,38,14,text,2
_gzYkdjNvPc$_$1,38,15,text,2
_gzYkdjNvPc$_$1,38,16,text,2
_gzYkdjNvPc$_$1,38,17,text,2
_gzYkdjNvPc$_$1,38,18,text,2
_gzYkdjNvPc$_$1,38,19,text,2
_gzYkdjNvPc$_$1,38,20,text,2
_gzYkdjNvPc$_$1,38,21,text,2
_gzYkdjNvPc$_$1,38,22,text,2
_gzYkdjNvPc$_$1,38,23,text,2
_gzYkdjNvPc$_$1,38,24,text,2
_gzYkdjNvPc$_$1,38,25,text,2
_gzYkdjNvPc$_$1,38,26,text,2
_gzYkdjNvPc$_$1,38,27,text,0
_gzYkdjNvPc$_$1,38,28,text,0
_gzYkdjNvPc$_$1,38,29,text,0
_gzYkdjNvPc$_$1,38,30,text,0
_gzYkdjNvPc$_$1,38,31,text,0
_gzYkdjNvPc$_$1,38,32,text,0
_gzYkdjNvPc$_$1,38,33,text,0
_gzYkdjNvPc$_$1,38,34,text,0
_gzYkdjNvPc$_$1,38,35,text,0
_gzYkdjNvPc$_$1,38,36,text,0
_gzYkdjNvPc$_$1,38,37,text,0
_gzYkdjNvPc$_$1,38,38,text,0
_gzYkdjNvPc$_$1,38,39,text,0
_gzYkdjNvPc$_$1,38,40,text,0
_gzYkdjNvPc$_$1,38,41,text,0
_gzYkdjNvPc$_$1,38,42,text,0
_gzYkdjNvPc$_$1,38,43,text,0
_gzYkdjNvPc$_$1,38,44,text,0
_gzYkdjNvPc$_$1,38,45,text,0
_gzYkdjNvPc$_$1,38,46,text,0
_gzYkdjNvPc$_$1,38,47,text,0
_gzYkdjNvPc$_$1,38,48,text,0
_gzYkdjNvPc$_$1,38,49,text,0
236021$_$1,39,0,text,0
236021$_$1,39,1,text,2
236021$_$1,39,2,text,2
236021$_$1,39,3,text,2
236021$_$1,39,4,text,2
236021$_$1,39,5,text,2
236021$_$1,39,6,text,2
236021$_$1,39,7,text,2
236021$_$1,39,8,text,2
236021$_$1,39,9,text,2
236021$_$1,39,10,text,2
236021$_$1,39,11,text,2
236021$_$1,39,12,text,2
236021$_$1,39,13,text,2
236021$_$1,39,14,text,2
236021$_$1,39,15,text,2
236021$_$1,39,16,text,2
236021$_$1,39,17,text,2
236021$_$1,39,18,text,2
236021$_$1,39,19,text,2
236021$_$1,39,20,text,2
236021$_$1,39,21,text,2
236021$_$1,39,22,text,2
236021$_$1,39,23,text,2
236021$_$1,39,24,text,2
236021$_$1,39,25,text,2
236021$_$1,39,26,text,2
236021$_$1,39,27,text,2
236021$_$1,39,28,text,0
236021$_$1,39,29,text,0
236021$_$1,39,30,text,0
236021$_$1,39,31,text,0
236021$_$1,39,32,text,0
236021$_$1,39,33,text,0
236021$_$1,39,34,text,0
236021$_$1,39,35,text,0
236021$_$1,39,36,text,0
236021$_$1,39,37,text,0
236021$_$1,39,38,text,0
236021$_$1,39,39,text,0
236021$_$1,39,40,text,0
236021$_$1,39,41,text,0
236021$_$1,39,42,text,0
236021$_$1,39,43,text,0
236021$_$1,39,44,text,0
236021$_$1,39,45,text,0
236021$_$1,39,46,text,0
236021$_$1,39,47,text,0
236021$_$1,39,48,text,0
236021$_$1,39,49,text,0
mHGaQ_nv9UY$_$4,40,0,text,0
mHGaQ_nv9UY$_$4,40,1,text,2
mHGaQ_nv9UY$_$4,40,2,text,2
mHGaQ_nv9UY$_$4,40,3,text,2
mHGaQ_nv9UY$_$4,40,4,text,2
mHGaQ_nv9UY$_$4,40,5,text,2
mHGaQ_nv9UY$_$4,40,6,text,2
mHGaQ_nv9UY$_$4,40,7,text,2
mHGaQ_nv9UY$_$4,40,8,text,2
mHGaQ_nv9UY$_$4,40,9,text,2
mHGaQ_nv9UY$_$4,40,10,text,2
mHGaQ_nv9UY$_$4,40,11,text,2
mHGaQ_nv9UY$_$4,40,12,text,2
mHGaQ_nv9UY$_$4,40,13,text,2
mHGaQ_nv9UY$_$4,40,14,text,2
mHGaQ_nv9UY$_$4,40,15,text,2
mHGaQ_nv9UY$_$4,40,16,text,2
mHGaQ_nv9UY$_$4,40,17,text,2
mHGaQ_nv9UY$_$4,40,18,text,2
mHGaQ_nv9UY$_$4,40,19,text,2
mHGaQ_nv9UY$_$4,40,20,text,2
mHGaQ_nv9UY$_$4,40,21,text,2
mHGaQ_nv9UY$_$4,40,22,text,2
mHGaQ_nv9UY$_$4,40,23,text,2
mHGaQ_nv9UY$_$4,40,24,text,2
mHGaQ_nv9UY$_$4,40,25,text,2
mHGaQ_nv9UY$_$4,40,26,text,2
mHGaQ_nv9UY$_$4,40,27,text,2
mHGaQ_nv9UY$_$4,40,28,text,0
mHGaQ_nv9UY$_$4,40,29,text,0
mHGaQ_nv9UY$_$4,40,30,text,0
mHGaQ_nv9UY$_$4,40,31,text,0
mHGaQ_nv9UY$_$4,40,32,text,0
mHGaQ_nv9UY$_$4,40,33,text,0
mHGaQ_nv9UY$_$4,40,34,text,0
mHGaQ_nv9UY$_$4,40,35,text,0
mHGaQ_nv9UY$_$4,40,36,text,0
mHGaQ_nv9UY$_$4,40,37,text,0
mHGaQ_nv9UY$_$4,40,38,text,0
mHGaQ_nv9UY$_$4,40,39,text,0
mHGaQ_nv9UY$_$4,40,40,text,0
mHGaQ_nv9UY$_$4,40,41,text,0
mHGaQ_nv9UY$_$4,40,42,text,0
mHGaQ_nv9UY$_$4,40,43,text,0
mHGaQ_nv9UY$_$4,40,44,text,0
mHGaQ_nv9UY$_$4,40,45,text,0
mHGaQ_nv9UY$_$4,40,46,text,0
mHGaQ_nv9UY$_$4,40,47,text,0
mHGaQ_nv9UY$_$4,40,48,text,0
mHGaQ_nv9UY$_$4,40,49,text,0
Wrcf2xtqbkQ$_$9,41,0,text,0
Wrcf2xtqbkQ$_$9,41,1,text,2
Wrcf2xtqbkQ$_$9,41,2,text,2
Wrcf2xtqbkQ$_$9,41,3,text,2
Wrcf2xtqbkQ$_$9,41,4,text,2
Wrcf2xtqbkQ$_$9,41,5,text,2
Wrcf2xtqbkQ$_$9,41,6,text,2
Wrcf2xtqbkQ$_$9,41,7,text,2
Wrcf2xtqbkQ$_$9,41,8,text,2
Wrcf2xtqbkQ$_$9,41,9,text,2
Wrcf2xtqbkQ$_$9,41,10,text,2
Wrcf2xtqbkQ$_$9,41,11,text,2
Wrcf2xtqbkQ$_$9,41,12,text,2
Wrcf2xtqbkQ$_$9,41,13,text,2
Wrcf2xtqbkQ$_$9,41,14,text,2
Wrcf2xtqbkQ$_$9,41,15,text,2
Wrcf2xtqbkQ$_$9,41,16,text,2
Wrcf2xtqbkQ$_$9,41,17,text,2
Wrcf2xtqbkQ$_$9,41,18,text,2
Wrcf2xtqbkQ$_$9,41,19,text,2
Wrcf2xtqbkQ$_$9,41,20,text,2
Wrcf2xtqbkQ$_$9,41,21,text,2
Wrcf2xtqbkQ$_$9,41,22,text,2
Wrcf2xtqbkQ$_$9,41,23,text,2
Wrcf2xtqbkQ$_$9,41,24,text,2
Wrcf2xtqbkQ$_$9,41,25,text,2
Wrcf2xtqbkQ$_$9,41,26,text,2
Wrcf2xtqbkQ$_$9,41,27,text,2
Wrcf2xtqbkQ$_$9,41,28,text,2
Wrcf2xtqbkQ$_$9,41,29,text,0
Wrcf2xtqbkQ$_$9,41,30,text,0
Wrcf2xtqbkQ$_$9,41,31,text,0
Wrcf2xtqbkQ$_$9,41,32,text,0
Wrcf2xtqbkQ$_$9,41,33,text,0
Wrcf2xtqbkQ$_$9,41,34,text,0
Wrcf2xtqbkQ$_$9,41,35,text,0
Wrcf2xtqbkQ$_$9,41,36,text,0
Wrcf2xtqbkQ$_$9,41,37,text,0
Wrcf2xtqbkQ$_$9,41,38,text,0
Wrcf2xtqbkQ$_$9,41,39,text,0
Wrcf2xtqbkQ$_$9,41,40,text,0
Wrcf2xtqbkQ$_$9,41,41,text,0
Wrcf2xtqbkQ$_$9,41,42,text,0
Wrcf2xtqbkQ$_$9,41,43,text,0
Wrcf2xtqbkQ$_$9,41,44,text,0
Wrcf2xtqbkQ$_$9,41,45,text,0
Wrcf2xtqbkQ$_$9,41,46,text,0
Wrcf2xtqbkQ$_$9,41,47,text,0
Wrcf2xtqbkQ$_$9,41,48,text,0
Wrcf2xtqbkQ$_$9,41,49,text,0
TYJzg5IJN8o$_$14,42,0,text,0
TYJzg5IJN8o$_$14,42,1,text,2
TYJzg5IJN8o$_$14,42,2,text,2
TYJzg5IJN8o$_$14,42,3,text,2
TYJzg5IJN8o$_$14,42,4,text,2
TYJzg5IJN8o$_$14,42,5,text,2
TYJzg5IJN8o$_$14,42,6,text,2
TYJzg5IJN8o$_$14,42,7,text,2
TYJzg5IJN8o$_$14,42,8,text,2
TYJzg5IJN8o$_$14,42,9,text,2
TYJzg5IJN8o$_$14,42,10,text,2
TYJzg5IJN8o$_$14,42,11,text,2
TYJzg5IJN8o$_$14,42,12,text,2
TYJzg5IJN8o$_$14,42,13,text,2
TYJzg5IJN8o$_$14,42,14,text,2
TYJzg5IJN8o$_$14,42,15,text,2
TYJzg5IJN8o$_$14,42,16,text,2
TYJzg5IJN8o$_$14,42,17,text,2
TYJzg5IJN8o$_$14,42,18,text,2
TYJzg5IJN8o$_$14,42,19,text,2
TYJzg5IJN8o$_$14,42,20,text,2
TYJzg5IJN8o$_$14,42,21,text,2
TYJzg5IJN8o$_$14,42,22,text,2
TYJzg5IJN8o$_$14,42,23,text,2
TYJzg5IJN8o$_$14,42,24,text,2
TYJzg5IJN8o$_$14,42,25,text,2
TYJzg5IJN8o$_$14,42,26,text,2
TYJzg5IJN8o$_$14,42,27,text,2
TYJzg5IJN8o$_$14,42,28,text,2
TYJzg5IJN8o$_$14,42,29,text,2
TYJzg5IJN8o$_$14,42,30,text,0
TYJzg5IJN8o$_$14,42,31,text,0
TYJzg5IJN8o$_$14,42,32,text,0
TYJzg5IJN8o$_$14,42,33,text,0
TYJzg5IJN8o$_$14,42,34,text,0
TYJzg5IJN8o$_$14,42,35,text,0
TYJzg5IJN8o$_$14,42,36,text,0
TYJzg5IJN8o$_$14,42,37,text,0
TYJzg5IJN8o$_$14,42,38,text,0
TYJzg5IJN8o$_$14,42,39,text,0
TYJzg5IJN8o$_$14,42,40,text,0
TYJzg5IJN8o$_$14,42,41,text,0
TYJzg5IJN8o$_$14,42,42,text,0
TYJzg5IJN8o$_$14,42,43,text,0
TYJzg5IJN8o$_$14,42,44,text,0
TYJzg5IJN8o$_$14,42,45,text,0
TYJzg5IJN8o$_$14,42,46,text,0
TYJzg5IJN8o$_$14,42,47,text,0
TYJzg5IJN8o$_$14,42,48,text,0
TYJzg5IJN8o$_$14,42,49,text,0
188343$_$9,43,0,text,0
188343$_$9,43,1,text,2
188343$_$9,43,2,text,2
188343$_$9,43,3,text,2
188343$_$9,43,4,text,2
188343$_$9,43,5,text,2
188343$_$9,43,6,text,2
188343$_$9,43,7,text,2
188343$_$9,43,8,text,2
188343$_$9,43,9,text,2
188343$_$9,43,10,text,2
188343$_$9,43,11,text,2
188343$_$9,43,12,text,2
188343$_$9,43,13,text,2
188343$_$9,43,14,text,2
188343$_$9,43,15,text,2
188343$_$9,43,16,text,2
188343$_$9,43,17,text,2
188343$_$9,43,18,text,2
188343$_$9,43,19,text,2
188343$_$9,43,20,text,2
188343$_$9,43,21,text,2
188343$_$9,43,22,text,2
188343$_$9,43,23,text,2
188343$_$9,43,24,text,2
188343$_$9,43,25,text,2
188343$_$9,43,26,text,2
188343$_$9,43,27,text,2
188343$_$9,43,28,text,2
188343$_$9,43,29,text,2
188343$_$9,43,30,text,2
188343$_$9,43,31,text,0
188343$_$9,43,32,text,0
188343$_$9,43,33,text,0
188343$_$9,43,34,text,0
188343$_$9,43,35,text,0
188343$_$9,43,36,text,0
188343$_$9,43,37,text,0
188343$_$9,43,38,text,0
188343$_$9,43,39,text,0
188343$_$9,43,40,text,0
188343$_$9,43,41,text,0
188343$_$9,43,42,text,0
188343$_$9,43,43,text,0
188343$_$9,43,44,text,0
188343$_$9,43,45,text,0
188343$_$9,43,46,text,0
188343$_$9,43,47,text,0
188343$_$9,43,48,text,0
188343$_$9,43,49,text,0
6uPGcKTpC4I$_$2,44,0,text,0
6uPGcKTpC4I$_$2,44,1,text,2
6uPGcKTpC4I$_$2,44,2,text,2
6uPGcKTpC4I$_$2,44,3,text,2
6uPGcKTpC4I$_$2,44,4,text,2
6uPGcKTpC4I$_$2,44,5,text,2
6uPGcKTpC4I$_$2,44,6,text,2
6uPGcKTpC4I$_$2,44,7,text,2
6uPGcKTpC4I$_$2,44,8,text,2
6uPGcKTpC4I$_$2,44,9,text,2
6uPGcKTpC4I$_$2,44,10,text,2
6uPGcKTpC4I$_$2,44,11,text,2
6uPGcKTpC4I$_$2,44,12,text,2
6uPGcKTpC4I$_$2,44,13,text,2
6uPGcKTpC4I$_$2,44,14,text,2
6uPGcKTpC4I$_$2,44,15,text,2
6uPGcKTpC4I$_$2,44,16,text,2
6uPGcKTpC4I$_$2,44,17,text,2
6uPGcKTpC4I$_$2,44,18,text,2
6uPGcKTpC4I$_$2,44,19,text,2
6uPGcKTpC4I$_$2,44,20,text,2
6uPGcKTpC4I$_$2,44,21,text,2
6uPGcKTpC4I$_$2,44,22,text,2
6uPGcKTpC4I$_$2,44,23,text,2
6uPGcKTpC4I$_$2,44,24,text,2
6uPGcKTpC4I$_$2,44,25,text,2
6uPGcKTpC4I$_$2,44,26,text,2
6uPGcKTpC4I$_$2,44,27,text,2
6uPGcKTpC4I$_$2,44,28,text,2
6uPGcKTpC4I$_$2,44,29,text,2
6uPGcKTpC4I$_$2,44,30,text,2
6uPGcKTpC4I$_$2,44,31,text,2
6uPGcKTpC4I$_$2,44,32,text,0
6uPGcKTpC4I$_$2,44,33,text,0
6uPGcKTpC4I$_$2,44,34,text,0
6uPGcKTpC4I$_$2,44,35,text,0
6uPGcKTpC4I$_$2,44,36,text,0
6uPGcKTpC4I$_$2,44,37,text,0
6uPGcKTpC4I$_$2,44,38,text,0
6uPGcKTpC4I$_$2,44,39,text,0
6uPGcKTpC4I$_$2,44,40,text,0
6uPGcKTpC4I$_$2,44,41,text,0
6uPGcKTpC4I$_$2,44,42,text,0
6uPGcKTpC4I$_$2,44,43,text,0
6uPGcKTpC4I$_$2,44,44,text,0
6uPGcKTpC4I$_$2,44,45,text,0
6uPGcKTpC4I$_$2,44,46,text,0
6uPGcKTpC4I$_$2,44,47,text,0
6uPGcKTpC4I$_$2,44,48,text,0
6uPGcKTpC4I$_$2,44,49,text,0
Arh2TKRi_mg$_$16,45,0,text,0
Arh2TKRi_mg$_$16,45,1,text,2
Arh2TKRi_mg$_$16,45,2,text,2
Arh2TKRi_mg$_$16,45,3,text,2
Arh2TKRi_mg$_$16,45,4,text,2
Arh2TKRi_mg$_$16,45,5,text,2
Arh2TKRi_mg$_$16,45,6,text,2
Arh2TKRi_mg$_$16,45,7,text,2
Arh2TKRi_mg$_$16,45,8,text,2
Arh2TKRi_mg$_$16,45,9,text,2
Arh2TKRi_mg$_$16,45,10,text,2
Arh2TKRi_mg$_$16,45,11,text,2
Arh2TKRi_mg$_$16,45,12,text,2
Arh2TKRi_mg$_$16,45,13,text,2
Arh2TKRi_mg$_$16,45,14,text,2
Arh2TKRi_mg$_$16,45,15,text,2
Arh2TKRi_mg$_$16,45,16,text,2
Arh2TKRi_mg$_$16,45,17,text,2
Arh2TKRi_mg$_$16,45,18,text,2
Arh2TKRi_mg$_$16,45,19,text,2
Arh2TKRi_mg$_$16,45,20,text,2
Arh2TKRi_mg$_$16,45,21,text,2
Arh2TKRi_mg$_$16,45,22,text,2
Arh2TKRi_mg$_$16,45,23,text,2
Arh2TKRi_mg$_$16,45,24,text,2
Arh2TKRi_mg$_$16,45,25,text,2
Arh2TKRi_mg$_$16,45,26,text,2
Arh2TKRi_mg$_$16,45,27,text,2
Arh2TKRi_mg$_$16,45,28,text,2
Arh2TKRi_mg$_$16,45,29,text,2
Arh2TKRi_mg$_$16,45,30,text,2
Arh2TKRi_mg$_$16,45,31,text,2
Arh2TKRi_mg$_$16,45,32,text,2
Arh2TKRi_mg$_$16,45,33,text,0
Arh2TKRi_mg$_$16,45,34,text,0
Arh2TKRi_mg$_$16,45,35,text,0
Arh2TKRi_mg$_$16,45,36,text,0
Arh2TKRi_mg$_$16,45,37,text,0
Arh2TKRi_mg$_$16,45,38,text,0
Arh2TKRi_mg$_$16,45,39,text,0
Arh2TKRi_mg$_$16,45,40,text,0
Arh2TKRi_mg$_$16,45,41,text,0
Arh2TKRi_mg$_$16,45,42,text,0
Arh2TKRi_mg$_$16,45,43,text,0
Arh2TKRi_mg$_$16,45,44,text,0
Arh2TKRi_mg$_$16,45,45,text,0
Arh2TKRi_mg$_$16,45,46,text,0
Arh2TKRi_mg$_$16,45,47,text,0
Arh2TKRi_mg$_$16,45,48,text,0
Arh2TKRi_mg$_$16,45,49,text,0
aFhc2ddipoM$_$14,46,0,text,0
aFhc2ddipoM$_$14,46,1,text,2
aFhc2ddipoM$_$14,46,2,text,2
aFhc2ddipoM$_$14,46,3,text,2
aFhc2ddipoM$_$14,46,4,text,2
aFhc2ddipoM$_$14,46,5,text,2
aFhc2ddipoM$_$14,46,6,text,2
aFhc2ddipoM$_$14,46,7,text,2
aFhc2ddipoM$_$14,46,8,text,2
aFhc2ddipoM$_$14,46,9,text,2
aFhc2ddipoM$_$14,46,10,text,2
aFhc2ddipoM$_$14,46,11,text,2
aFhc2ddipoM$_$14,46,12,text,2
aFhc2ddipoM$_$14,46,13,text,2
aFhc2ddipoM$_$14,46,14,text,2
aFhc2ddipoM$_$14,46,15,text,2
aFhc2ddipoM$_$14,46,16,text,2
aFhc2ddipoM$_$14,46,17,text,2
aFhc2ddipoM$_$14,46,18,text,2
aFhc2ddipoM$_$14,46,19,text,2
aFhc2ddipoM$_$14,46,20,text,2
aFhc2ddipoM$_$14,46,21,text,2
aFhc2ddipoM$_$14,46,22,text,2
aFhc2ddipoM$_$14,46,23,text,2
aFhc2ddipoM$_$14,46,24,text,2
aFhc2ddipoM$_$14,46,25,text,2
aFhc2ddipoM$_$14,46,26,text,2
aFhc2ddipoM$_$14,46,27,text,2
aFhc2ddipoM$_$14,46,28,text,2
aFhc2ddipoM$_$14,46,29,text,2
aFhc2ddipoM$_$14,46,30,text,2
aFhc2ddipoM$_$14,46,31,text,2
aFhc2ddipoM$_$14,46,32,text,2
aFhc2ddipoM$_$14,46,33,text,0
aFhc2ddipoM$_$14,46,34,text,0
aFhc2ddipoM$_$14,46,35,text,0
aFhc2ddipoM$_$14,46,36,text,0
aFhc2ddipoM$_$14,46,37,text,0
aFhc2ddipoM$_$14,46,38,text,0
aFhc2ddipoM$_$14,46,39,text,0
aFhc2ddipoM$_$14,46,40,text,0
aFhc2ddipoM$_$14,46,41,text,0
aFhc2ddipoM$_$14,46,42,text,0
aFhc2ddipoM$_$14,46,43,text,0
aFhc2ddipoM$_$14,46,44,text,0
aFhc2ddipoM$_$14,46,45,text,0
aFhc2ddipoM$_$14,46,46,text,0
aFhc2ddipoM$_$14,46,47,text,0
aFhc2ddipoM$_$14,46,48,text,0
aFhc2ddipoM$_$14,46,49,text,0
3MFNIag0wNE$_$14,47,0,text,0
3MFNIag0wNE$_$14,47,1,text,2
3MFNIag0wNE$_$14,47,2,text,2
3MFNIag0wNE$_$14,47,3,text,2
3MFNIag0wNE$_$14,47,4,text,2
3MFNIag0wNE$_$14,47,5,text,2
3MFNIag0wNE$_$14,47,6,text,2
3MFNIag0wNE$_$14,47,7,text,2
3MFNIag0wNE$_$14,47,8,text,2
3MFNIag0wNE$_$14,47,9,text,2
3MFNIag0wNE$_$14,47,10,text,2
3MFNIag0wNE$_$14,47,11,text,2
3MFNIag0wNE$_$14,47,12,text,2
3MFNIag0wNE$_$14,47,13,text,2
3MFNIag0wNE$_$14,47,14,text,2
3MFNIag0wNE$_$14,47,15,text,2
3MFNIag0wNE$_$14,47,16,text,2
3MFNIag0wNE$_$14,47,17,text,2
3MFNIag0wNE$_$14,47,18,text,2
3MFNIag0wNE$_$14,47,19,text,2
3MFNIag0wNE$_$14,47,20,text,2
3MFNIag0wNE$_$14,47,21,text,2
3MFNIag0wNE$_$14,47,22,text,2
3MFNIag0wNE$_$14,47,23,text,2
3MFNIag0wNE$_$14,47,24,text,2
3MFNIag0wNE$_$14,47,25,text,2
3MFNIag0wNE$_$14,47,26,text,2
3MFNIag0wNE$_$14,47,27,text,2
3MFNIag0wNE$_$14,47,28,text,2
3MFNIag0wNE$_$14,47,29,text,2
3MFNIag0wNE$_$14,47,30,text,2
3MFNIag0wNE$_$14,47,31,text,2
3MFNIag0wNE$_$14,47,32,text,2
3MFNIag0wNE$_$14,47,33,text,2
3MFNIag0wNE$_$14,47,34,text,0
3MFNIag0wNE$_$14,47,35,text,0
3MFNIag0wNE$_$14,47,36,text,0
3MFNIag0wNE$_$14,47,37,text,0
3MFNIag0wNE$_$14,47,38,text,0
3MFNIag0wNE$_$14,47,39,text,0
3MFNIag0wNE$_$14,47,40,text,0
3MFNIag0wNE$_$14,47,41,text,0
3MFNIag0wNE$_$14,47,42,text,0
3MFNIag0wNE$_$14,47,43,text,0
3MFNIag0wNE$_$14,47,44,text,0
3MFNIag0wNE$_$14,47,45,text,0
3MFNIag0wNE$_$14,47,46,text,0
3MFNIag0wNE$_$14,47,47,text,0
3MFNIag0wNE$_$14,47,48,text,0
3MFNIag0wNE$_$14,47,49,text,0
33170$_$3,48,0,text,0
33170$_$3,48,1,text,2
33170$_$3,48,2,text,2
33170$_$3,48,3,text,2
33170$_$3,48,4,text,2
33170$_$3,48,5,text,2
33170$_$3,48,6,text,2
33170$_$3,48,7,text,2
33170$_$3,48,8,text,2
33170$_$3,48,9,text,2
33170$_$3,48,10,text,2
33170$_$3,48,11,text,2
33170$_$3,48,12,text,2
33170$_$3,48,13,text,2
33170$_$3,48,14,text,2
33170$_$3,48,15,text,2
33170$_$3,48,16,text,2
33170$_$3,48,17,text,2
33170$_$3,48,18,text,2
33170$_$3,48,19,text,2
33170$_$3,48,20,text,2
33170$_$3,48,21,text,2
33170$_$3,48,22,text,2
33170$_$3,48,23,text,2
33170$_$3,48,24,text,2
33170$_$3,48,25,text,2
33170$_$3,48,26,text,2
33170$_$3,48,27,text,2
33170$_$3,48,28,text,2
33170$_$3,48,29,text,2
33170$_$3,48,30,text,2
33170$_$3,48,31,text,2
33170$_$3,48,32,text,2
33170$_$3,48,33,text,2
33170$_$3,48,34,text,2
33170$_$3,48,35,text,0
33170$_$3,48,36,text,0
33170$_$3,48,37,text,0
33170$_$3,48,38,text,0
33170$_$3,48,39,text,0
33170$_$3,48,40,text,0
33170$_$3,48,41,text,0
33170$_$3,48,42,text,0
33170$_$3,48,43,text,0
33170$_$3,48,44,text,0
33170$_$3,48,45,text,0
33170$_$3,48,46,text,0
33170$_$3,48,47,text,0
33170$_$3,48,48,text,0
33170$_$3,48,49,text,0
ROcTx5VEn7o$_$11,49,0,text,0
ROcTx5VEn7o$_$11,49,1,text,2
ROcTx5VEn7o$_$11,49,2,text,2
ROcTx5VEn7o$_$11,49,3,text,2
ROcTx5VEn7o$_$11,49,4,text,2
ROcTx5VEn7o$_$11,49,5,text,2
ROcTx5VEn7o$_$11,49,6,text,2
ROcTx5VEn7o$_$11,49,7,text,2
ROcTx5VEn7o$_$11,49,8,text,2
ROcTx5VEn7o$_$11,49,9,text,2
ROcTx5VEn7o$_$11,49,10,text,2
ROcTx5VEn7o$_$11,49,11,text,2
ROcTx5VEn7o$_$11,49,12,text,2
ROcTx5VEn7o$_$11,49,13,text,2
ROcTx5VEn7o$_$11,49,14,text,2
ROcTx5VEn7o$_$11,49,15,text,2
ROcTx5VEn7o$_$11,49,16,text,2
ROcTx5VEn7o$_$11,49,17,text,2
ROcTx5VEn7o$_$11,49,18,text,2
ROcTx5VEn7o$_$11,49,19,text,2
ROcTx5VEn7o$_$11,49,20,text,2
ROcTx5VEn7o$_$11,49,21,text,2
ROcTx5VEn7o$_$11,49,22,text,2
ROcTx5VEn7o$_$11,49,23,text,2
ROcTx5VEn7o$_$11,49,24,text,2
ROcTx5VEn7o$_$11,49,25,text,2
ROcTx5VEn7o$_$11,49,26,text,2
ROcTx5VEn7o$_$11,49,27,text,2
ROcTx5VEn7o$_$11,49,28,text,2
ROcTx5VEn7o$_$11,49,29,text,2
ROcTx5VEn7o$_$11,49,30,text,2
ROcTx5VEn7o$_$11,49,31,text,2
ROcTx5VEn7o$_$11,49,32,text,2
ROcTx5VEn7o$_$11,49,33,text,2
ROcTx5VEn7o$_$11,49,34,text,2
ROcTx5VEn7o$_$11,49,35,text,2
ROcTx5VEn7o$_$11,49,36,text,0
ROcTx5VEn7o$_$11,49,37,text,0
ROcTx5VEn7o$_$11,49,38,text,0
ROcTx5VEn7o$_$11,49,39,text,0
ROcTx5VEn7o$_$11,49,40,text,0
ROcTx5VEn7o$_$11,49,41,text,0
ROcTx5VEn7o$_$11,49,42,text,0
ROcTx5VEn7o$_$11,49,43,text,0
ROcTx5VEn7o$_$11,49,44,text,0
ROcTx5VEn7o$_$11,49,45,text,0
ROcTx5VEn7o$_$11,49,46,text,0
ROcTx5VEn7o$_$11,49,47,text,0
ROcTx5VEn7o$_$11,49,48,text,0
ROcTx5VEn7o$_$11,49,49,text,0
6KvG5VbLalY$_$9,50,0,text,0
6KvG5VbLalY$_$9,50,1,text,2
6KvG5VbLalY$_$9,50,2,text,2
6KvG5VbLalY$_$9,50,3,text,2
6KvG5VbLalY$_$9,50,4,text,2
6KvG5VbLalY$_$9,50,5,text,2
6KvG5VbLalY$_$9,50,6,text,2
6KvG5VbLalY$_$9,50,7,text,2
6KvG5VbLalY$_$9,50,8,text,2
6KvG5VbLalY$_$9,50,9,text,2
6KvG5VbLalY$_$9,50,10,text,2
6KvG5VbLalY$_$9,50,11,text,2
6KvG5VbLalY$_$9,50,12,text,2
6KvG5VbLalY$_$9,50,13,text,2
6KvG5VbLalY$_$9,50,14,text,2
6KvG5VbLalY$_$9,50,15,text,2
6KvG5VbLalY$_$9,50,16,text,2
6KvG5VbLalY$_$9,50,17,text,2
6KvG5VbLalY$_$9,50,18,text,2
6KvG5VbLalY$_$9,50,19,text,2
6KvG5VbLalY$_$9,50,20,text,2
6KvG5VbLalY$_$9,50,21,text,2
6KvG5VbLalY$_$9,50,22,text,2
6KvG5VbLalY$_$9,50,23,text,2
6KvG5VbLalY$_$9,50,24,text,2
6KvG5VbLalY$_$9,50,25,text,2
6KvG5VbLalY$_$9,50,26,text,2
6KvG5VbLalY$_$9,50,27,text,2
6KvG5VbLalY$_$9,50,28,text,2
6KvG5VbLalY$_$9,50,29,text,2
6KvG5VbLalY$_$9,50,30,text,2
6KvG5VbLalY$_$9,50,31,text,2
6KvG5VbLalY$_$9,50,32,text,2
6KvG5VbLalY$_$9,50,33,text,2
6KvG5VbLalY$_$9,50,34,text,2
6KvG5VbLalY$_$9,50,35,text,2
6KvG5VbLalY$_$9,50,36,text,2
6KvG5VbLalY$_$9,50,37,text,2
6KvG5VbLalY$_$9,50,38,text,0
6KvG5VbLalY$_$9,50,39,text,0
6KvG5VbLalY$_$9,50,40,text,0
6KvG5VbLalY$_$9,50,41,text,0
6KvG5VbLalY$_$9,50,42,text,0
6KvG5VbLalY$_$9,50,43,text,0
6KvG5VbLalY$_$9,50,44,text,0
6KvG5VbLalY$_$9,50,45,text,0
6KvG5VbLalY$_$9,50,46,text,0
6KvG5VbLalY$_$9,50,47,text,0
6KvG5VbLalY$_$9,50,48,text,0
6KvG5VbLalY$_$9,50,49,text,0
TWszOxkOV0w$_$1,51,0,text,0
TWszOxkOV0w$_$1,51,1,text,2
TWszOxkOV0w$_$1,51,2,text,2
TWszOxkOV0w$_$1,51,3,text,2
TWszOxkOV0w$_$1,51,4,text,2
TWszOxkOV0w$_$1,51,5,text,2
TWszOxkOV0w$_$1,51,6,text,2
TWszOxkOV0w$_$1,51,7,text,2
TWszOxkOV0w$_$1,51,8,text,2
TWszOxkOV0w$_$1,51,9,text,2
TWszOxkOV0w$_$1,51,10,text,2
TWszOxkOV0w$_$1,51,11,text,2
TWszOxkOV0w$_$1,51,12,text,2
TWszOxkOV0w$_$1,51,13,text,2
TWszOxkOV0w$_$1,51,14,text,2
TWszOxkOV0w$_$1,51,15,text,2
TWszOxkOV0w$_$1,51,16,text,2
TWszOxkOV0w$_$1,51,17,text,2
TWszOxkOV0w$_$1,51,18,text,2
TWszOxkOV0w$_$1,51,19,text,2
TWszOxkOV0w$_$1,51,20,text,2
TWszOxkOV0w$_$1,51,21,text,2
TWszOxkOV0w$_$1,51,22,text,2
TWszOxkOV0w$_$1,51,23,text,2
TWszOxkOV0w$_$1,51,24,text,2
TWszOxkOV0w$_$1,51,25,text,2
TWszOxkOV0w$_$1,51,26,text,2
TWszOxkOV0w$_$1,51,27,text,2
TWszOxkOV0w$_$1,51,28,text,2
TWszOxkOV0w$_$1,51,29,text,2
TWszOxkOV0w$_$1,51,30,text,2
TWszOxkOV0w$_$1,51,31,text,2
TWszOxkOV0w$_$1,51,32,text,2
TWszOxkOV0w$_$1,51,33,text,2
TWszOxkOV0w$_$1,51,34,text,2
TWszOxkOV0w$_$1,51,35,text,2
TWszOxkOV0w$_$1,51,36,text,2
TWszOxkOV0w$_$1,51,37,text,2
TWszOxkOV0w$_$1,51,38,text,2
TWszOxkOV0w$_$1,51,39,text,0
TWszOxkOV0w$_$1,51,40,text,0
TWszOxkOV0w$_$1,51,41,text,0
TWszOxkOV0w$_$1,51,42,text,0
TWszOxkOV0w$_$1,51,43,text,0
TWszOxkOV0w$_$1,51,44,text,0
TWszOxkOV0w$_$1,51,45,text,0
TWszOxkOV0w$_$1,51,46,text,0
TWszOxkOV0w$_$1,51,47,text,0
TWszOxkOV0w$_$1,51,48,text,0
TWszOxkOV0w$_$1,51,49,text,0
ioupaiAuRr0$_$4,52,0,text,0
ioupaiAuRr0$_$4,52,1,text,2
ioupaiAuRr0$_$4,52,2,text,2
ioupaiAuRr0$_$4,52,3,text,2
ioupaiAuRr0$_$4,52,4,text,2
ioupaiAuRr0$_$4,52,5,text,2
ioupaiAuRr0$_$4,52,6,text,2
ioupaiAuRr0$_$4,52,7,text,2
ioupaiAuRr0$_$4,52,8,text,2
ioupaiAuRr0$_$4,52,9,text,2
ioupaiAuRr0$_$4,52,10,text,2
ioupaiAuRr0$_$4,52,11,text,2
ioupaiAuRr0$_$4,52,12,text,2
ioupaiAuRr0$_$4,52,13,text,2
ioupaiAuRr0$_$4,52,14,text,2
ioupaiAuRr0$_$4,52,15,text,2
ioupaiAuRr0$_$4,52,16,text,2
ioupaiAuRr0$_$4,52,17,text,2
ioupaiAuRr0$_$4,52,18,text,2
ioupaiAuRr0$_$4,52,19,text,2
ioupaiAuRr0$_$4,52,20,text,2
ioupaiAuRr0$_$4,52,21,text,2
ioupaiAuRr0$_$4,52,22,text,2
ioupaiAuRr0$_$4,52,23,text,2
ioupaiAuRr0$_$4,52,24,text,2
ioupaiAuRr0$_$4,52,25,text,2
ioupaiAuRr0$_$4,52,26,text,2
ioupaiAuRr0$_$4,52,27,text,2
ioupaiAuRr0$_$4,52,28,text,2
ioupaiAuRr0$_$4,52,29,text,2
ioupaiAuRr0$_$4,52,30,text,2
ioupaiAuRr0$_$4,52,31,text,2
ioupaiAuRr0$_$4,52,32,text,2
ioupaiAuRr0$_$4,52,33,text,2
ioupaiAuRr0$_$4,52,34,text,2
ioupaiAuRr0$_$4,52,35,text,2
ioupaiAuRr0$_$4,52,36,text,2
ioupaiAuRr0$_$4,52,37,text,2
ioupaiAuRr0$_$4,52,38,text,2
ioupaiAuRr0$_$4,52,39,text,2
ioupaiAuRr0$_$4,52,40,text,2
ioupaiAuRr0$_$4,52,41,text,0
ioupaiAuRr0$_$4,52,42,text,0
ioupaiAuRr0$_$4,52,43,text,0
ioupaiAuRr0$_$4,52,44,text,0
ioupaiAuRr0$_$4,52,45,text,0
ioupaiAuRr0$_$4,52,46,text,0
ioupaiAuRr0$_$4,52,47,text,0
ioupaiAuRr0$_$4,52,48,text,0
ioupaiAuRr0$_$4,52,49,text,0
272624$_$8,53,0,text,0
272624$_$8,53,1,text,2
272624$_$8,53,2,text,2
272624$_$8,53,3,text,2
272624$_$8,53,4,text,2
272624$_$8,53,5,text,2
272624$_$8,53,6,text,2
272624$_$8,53,7,text,2
272624$_$8,53,8,text,2
272624$_$8,53,9,text,2
272624$_$8,53,10,text,2
272624$_$8,53,11,text,2
272624$_$8,53,12,text,2
272624$_$8,53,13,text,2
272624$_$8,53,14,text,2
272624$_$8,53,15,text,2
272624$_$8,53,16,text,2
272624$_$8,53,17,text,2
272624$_$8,53,18,text,2
272624$_$8,53,19,text,2
272624$_$8,53,20,text,2
272624$_$8,53,21,text,2
272624$_$8,53,22,text,2
272624$_$8,53,23,text,2
272624$_$8,53,24,text,2
272624$_$8,53,25,text,2
272624$_$8,53,26,text,2
272624$_$8,53,27,text,2
272624$_$8,53,28,text,2
272624$_$8,53,29,text,2
272624$_$8,53,30,text,2
272624$_$8,53,31,text,2
272624$_$8,53,32,text,2
272624$_$8,53,33,text,2
272624$_$8,53,34,text,2
272624$_$8,53,35,text,2
272624$_$8,53,36,text,2
272624$_$8,53,37,text,2
272624$_$8,53,38,text,2
272624$_$8,53,39,text,2
272624$_$8,53,40,text,2
272624$_$8,53,41,text,2
272624$_$8,53,42,text,2
272624$_$8,53,43,text,2
272624$_$8,53,44,text,0
272624$_$8,53,45,text,0
272624$_$8,53,46,text,0
272624$_$8,53,47,text,0
272624$_$8,53,48,text,0
272624$_$8,53,49,text,0
PwapK9d8IGk$_$4,54,0,text,0
PwapK9d8IGk$_$4,54,1,text,2
PwapK9d8IGk$_$4,54,2,text,2
PwapK9d8IGk$_$4,54,3,text,2
PwapK9d8IGk$_$4,54,4,text,2
PwapK9d8IGk$_$4,54,5,text,2
PwapK9d8IGk$_$4,54,6,text,2
PwapK9d8IGk$_$4,54,7,text,2
PwapK9d8IGk$_$4,54,8,text,2
PwapK9d8IGk$_$4,54,9,text,2
PwapK9d8IGk$_$4,54,10,text,2
PwapK9d8IGk$_$4,54,11,text,2
PwapK9d8IGk$_$4,54,12,text,2
PwapK9d8IGk$_$4,54,13,text,2
PwapK9d8IGk$_$4,54,14,text,2
PwapK9d8IGk$_$4,54,15,text,2
PwapK9d8IGk$_$4,54,16,text,2
PwapK9d8IGk$_$4,54,17,text,2
PwapK9d8IGk$_$4,54,18,text,2
PwapK9d8IGk$_$4,54,19,text,2
PwapK9d8IGk$_$4,54,20,text,2
PwapK9d8IGk$_$4,54,21,text,2
PwapK9d8IGk$_$4,54,22,text,2
PwapK9d8IGk$_$4,54,23,text,2
PwapK9d8IGk$_$4,54,24,text,2
PwapK9d8IGk$_$4,54,25,text,2
PwapK9d8IGk$_$4,54,26,text,2
PwapK9d8IGk$_$4,54,27,text,2
PwapK9d8IGk$_$4,54,28,text,2
PwapK9d8IGk$_$4,54,29,text,2
PwapK9d8IGk$_$4,54,30,text,2
PwapK9d8IGk$_$4,54,31,text,2
PwapK9d8IGk$_$4,54,32,text,2
PwapK9d8IGk$_$4,54,33,text,2
PwapK9d8IGk$_$4,54,34,text,2
PwapK9d8IGk$_$4,54,35,text,2
PwapK9d8IGk$_$4,54,36,text,2
PwapK9d8IGk$_$4,54,37,text,2
PwapK9d8IGk$_$4,54,38,text,2
PwapK9d8IGk$_$4,54,39,text,2
PwapK9d8IGk$_$4,54,40,text,2
PwapK9d8IGk$_$4,54,41,text,2
PwapK9d8IGk$_$4,54,42,text,2
PwapK9d8IGk$_$4,54,43,text,2
PwapK9d8IGk$_$4,54,44,text,2
PwapK9d8IGk$_$4,54,45,text,2
PwapK9d8IGk$_$4,54,46,text,0
PwapK9d8IGk$_$4,54,47,text,0
PwapK9d8IGk$_$4,54,48,text,0
PwapK9d8IGk$_$4,54,49,text,0
8x_nCOh6Wmc$_$6,55,0,text,0
8x_nCOh6Wmc$_$6,55,1,text,2
8x_nCOh6Wmc$_$6,55,2,text,2
8x_nCOh6Wmc$_$6,55,3,text,2
8x_nCOh6Wmc$_$6,55,4,text,2
8x_nCOh6Wmc$_$6,55,5,text,2
8x_nCOh6Wmc$_$6,55,6,text,2
8x_nCOh6Wmc$_$6,55,7,text,2
8x_nCOh6Wmc$_$6,55,8,text,2
8x_nCOh6Wmc$_$6,55,9,text,2
8x_nCOh6Wmc$_$6,55,10,text,2
8x_nCOh6Wmc$_$6,55,11,text,2
8x_nCOh6Wmc$_$6,55,12,text,2
8x_nCOh6Wmc$_$6,55,13,text,2
8x_nCOh6Wmc$_$6,55,14,text,2
8x_nCOh6Wmc$_$6,55,15,text,2
8x_nCOh6Wmc$_$6,55,16,text,2
8x_nCOh6Wmc$_$6,55,17,text,2
8x_nCOh6Wmc$_$6,55,18,text,2
8x_nCOh6Wmc$_$6,55,19,text,2
8x_nCOh6Wmc$_$6,55,20,text,2
8x_nCOh6Wmc$_$6,55,21,text,2
8x_nCOh6Wmc$_$6,55,22,text,2
8x_nCOh6Wmc$_$6,55,23,text,2
8x_nCOh6Wmc$_$6,55,24,text,2
8x_nCOh6Wmc$_$6,55,25,text,2
8x_nCOh6Wmc$_$6,55,26,text,2
8x_nCOh6Wmc$_$6,55,27,text,2
8x_nCOh6Wmc$_$6,55,28,text,2
8x_nCOh6Wmc$_$6,55,29,text,2
8x_nCOh6Wmc$_$6,55,30,text,2
8x_nCOh6Wmc$_$6,55,31,text,2
8x_nCOh6Wmc$_$6,55,32,text,2
8x_nCOh6Wmc$_$6,55,33,text,2
8x_nCOh6Wmc$_$6,55,34,text,2
8x_nCOh6Wmc$_$6,55,35,text,2
8x_nCOh6Wmc$_$6,55,36,text,2
8x_nCOh6Wmc$_$6,55,37,text,2
8x_nCOh6Wmc$_$6,55,38,text,2
8x_nCOh6Wmc$_$6,55,39,text,2
8x_nCOh6Wmc$_$6,55,40,text,2
8x_nCOh6Wmc$_$6,55,41,text,2
8x_nCOh6Wmc$_$6,55,42,text,2
8x_nCOh6Wmc$_$6,55,43,text,2
8x_nCOh6Wmc$_$6,55,44,text,2
8x_nCOh6Wmc$_$6,55,45,text,2
8x_nCOh6Wmc$_$6,55,46,text,2
8x_nCOh6Wmc$_$6,55,47,text,2
8x_nCOh6Wmc$_$6,55,48,text,0
8x_nCOh6Wmc$_$6,55,49,text,0
241629$_$8,56,0,text,0
241629$_$8,56,1,text,2
241629$_$8,56,2,text,2
241629$_$8,56,3,text,2
241629$_$8,56,4,text,2
241629$_$8,56,5,text,2
241629$_$8,56,6,text,2
241629$_$8,56,7,text,2
241629$_$8,56,8,text,2
241629$_$8,56,9,text,2
241629$_$8,56,10,text,2
241629$_$8,56,11,text,2
241629$_$8,56,12,text,2
241629$_$8,56,13,text,2
241629$_$8,56,14,text,2
241629$_$8,56,15,text,2
241629$_$8,56,16,text,2
241629$_$8,56,17,text,2
241629$_$8,56,18,text,2
241629$_$8,56,19,text,2
241629$_$8,56,20,text,2
241629$_$8,56,21,text,2
241629$_$8,56,22,text,2
241629$_$8,56,23,text,2
241629$_$8,56,24,text,2
241629$_$8,56,25,text,2
241629$_$8,56,26,text,2
241629$_$8,56,27,text,2
241629$_$8,56,28,text,2
241629$_$8,56,29,text,2
241629$_$8,56,30,text,2
241629$_$8,56,31,text,2
241629$_$8,56,32,text,2
241629$_$8,56,33,text,2
241629$_$8,56,34,text,2
241629$_$8,56,35,text,2
241629$_$8,56,36,text,2
241629$_$8,56,37,text,2
241629$_$8,56,38,text,2
241629$_$8,56,39,text,2
241629$_$8,56,40,text,2
241629$_$8,56,41,text,2
241629$_$8,56,42,text,2
241629$_$8,56,43,text,2
241629$_$8,56,44,text,2
241629$_$8,56,45,text,2
241629$_$8,56,46,text,2
241629$_$8,56,47,text,2
241629$_$8,56,48,text,2
241629$_$8,56,49,text,0
5kaCGzjYukM$_$7,57,0,text,0
5kaCGzjYukM$_$7,57,1,text,2
5kaCGzjYukM$_$7,57,2,text,2
5kaCGzjYukM$_$7,57,3,text,2
5kaCGzjYukM$_$7,57,4,text,2
5kaCGzjYukM$_$7,57,5,text,2
5kaCGzjYukM$_$7,57,6,text,2
5kaCGzjYukM$_$7,57,7,text,2
5kaCGzjYukM$_$7,57,8,text,2
5kaCGzjYukM$_$7,57,9,text,2
5kaCGzjYukM$_$7,57,10,text,2
5kaCGzjYukM$_$7,57,11,text,2
5kaCGzjYukM$_$7,57,12,text,2
5kaCGzjYukM$_$7,57,13,text,2
5kaCGzjYukM$_$7,57,14,text,2
5kaCGzjYukM$_$7,57,15,text,2
5kaCGzjYukM$_$7,57,16,text,2
5kaCGzjYukM$_$7,57,17,text,2
5kaCGzjYukM$_$7,57,18,text,2
5kaCGzjYukM$_$7,57,19,text,2
5kaCGzjYukM$_$7,57,20,text,2
5kaCGzjYukM$_$7,57,21,text,2
5kaCGzjYukM$_$7,57,22,text,2
5kaCGzjYukM$_$7,57,23,text,2
5kaCGzjYukM$_$7,57,24,text,2
5kaCGzjYukM$_$7,57,25,text,2
5kaCGzjYukM$_$7,57,26,text,2
5kaCGzjYukM$_$7,57,27,text,2
5kaCGzjYukM$_$7,57,28,text,2
5kaCGzjYukM$_$7,57,29,text,2
5kaCGzjYukM$_$7,57,30,text,2
5kaCGzjYukM$_$7,57,31,text,2
5kaCGzjYukM$_$7,57,32,text,2
5kaCGzjYukM$_$7,57,33,text,2
5kaCGzjYukM$_$7,57,34,text,2
5kaCGzjYukM$_$7,57,35,text,2
5kaCGzjYukM$_$7,57,36,text,2
5kaCGzjYukM$_$7,57,37,text,2
5kaCGzjYukM$_$7,57,38,text,2
5kaCGzjYukM$_$7,57,39,text,2
5kaCGzjYukM$_$7,57,40,text,2
5kaCGzjYukM$_$7,57,41,text,2
5kaCGzjYukM$_$7,57,42,text,2
5kaCGzjYukM$_$7,57,43,text,2
5kaCGzjYukM$_$7,57,44,text,2
5kaCGzjYukM$_$7,57,45,text,2
5kaCGzjYukM$_$7,57,46,text,2
5kaCGzjYukM$_$7,57,47,text,2
5kaCGzjYukM$_$7,57,48,text,2
5kaCGzjYukM$_$7,57,49,text,0
eOiC1kb17P4$_$0,58,0,text,0
eOiC1kb17P4$_$0,58,1,text,2
eOiC1kb17P4$_$0,58,2,text,2
eOiC1kb17P4$_$0,58,3,text,2
eOiC1kb17P4$_$0,58,4,text,2
eOiC1kb17P4$_$0,58,5,text,2
eOiC1kb17P4$_$0,58,6,text,2
eOiC1kb17P4$_$0,58,7,text,2
eOiC1kb17P4$_$0,58,8,text,2
eOiC1kb17P4$_$0,58,9,text,2
eOiC1kb17P4$_$0,58,10,text,2
eOiC1kb17P4$_$0,58,11,text,2
eOiC1kb17P4$_$0,58,12,text,2
eOiC1kb17P4$_$0,58,13,text,2
eOiC1kb17P4$_$0,58,14,text,2
eOiC1kb17P4$_$0,58,15,text,2
eOiC1kb17P4$_$0,58,16,text,2
eOiC1kb17P4$_$0,58,17,text,2
eOiC1kb17P4$_$0,58,18,text,2
eOiC1kb17P4$_$0,58,19,text,2
eOiC1kb17P4$_$0,58,20,text,2
eOiC1kb17P4$_$0,58,21,text,2
eOiC1kb17P4$_$0,58,22,text,2
eOiC1kb17P4$_$0,58,23,text,2
eOiC1kb17P4$_$0,58,24,text,2
eOiC1kb17P4$_$0,58,25,text,2
eOiC1kb17P4$_$0,58,26,text,2
eOiC1kb17P4$_$0,58,27,text,2
eOiC1kb17P4$_$0,58,28,text,2
eOiC1kb17P4$_$0,58,29,text,2
eOiC1kb17P4$_$0,58,30,text,2
eOiC1kb17P4$_$0,58,31,text,2
eOiC1kb17P4$_$0,58,32,text,2
eOiC1kb17P4$_$0,58,33,text,2
eOiC1kb17P4$_$0,58,34,text,2
eOiC1kb17P4$_$0,58,35,text,2
eOiC1kb17P4$_$0,58,36,text,2
eOiC1kb17P4$_$0,58,37,text,2
eOiC1kb17P4$_$0,58,38,text,2
eOiC1kb17P4$_$0,58,39,text,2
eOiC1kb17P4$_$0,58,40,text,2
eOiC1kb17P4$_$0,58,41,text,2
eOiC1kb17P4$_$0,58,42,text,2
eOiC1kb17P4$_$0,58,43,text,2
eOiC1kb17P4$_$0,58,44,text,2
eOiC1kb17P4$_$0,58,45,text,2
eOiC1kb17P4$_$0,58,46,text,2
eOiC1kb17P4$_$0,58,47,text,2
eOiC1kb17P4$_$0,58,48,text,2
eOiC1kb17P4$_$0,58,49,text,0
xjsaS-LeZ14$_$6,59,0,text,0
xjsaS-LeZ14$_$6,59,1,text,2
xjsaS-LeZ14$_$6,59,2,text,2
xjsaS-LeZ14$_$6,59,3,text,2
xjsaS-LeZ14$_$6,59,4,text,2
xjsaS-LeZ14$_$6,59,5,text,2
xjsaS-LeZ14$_$6,59,6,text,2
xjsaS-LeZ14$_$6,59,7,text,2
xjsaS-LeZ14$_$6,59,8,text,2
xjsaS-LeZ14$_$6,59,9,text,2
xjsaS-LeZ14$_$6,59,10,text,2
xjsaS-LeZ14$_$6,59,11,text,2
xjsaS-LeZ14$_$6,59,12,text,2
xjsaS-LeZ14$_$6,59,13,text,2
xjsaS-LeZ14$_$6,59,14,text,2
xjsaS-LeZ14$_$6,59,15,text,2
xjsaS-LeZ14$_$6,59,16,text,2
xjsaS-LeZ14$_$6,59,17,text,2
xjsaS-LeZ14$_$6,59,18,text,2
xjsaS-LeZ14$_$6,59,19,text,2
xjsaS-LeZ14$_$6,59,20,text,2
xjsaS-LeZ14$_$6,59,21,text,2
xjsaS-LeZ14$_$6,59,22,text,2
xjsaS-LeZ14$_$6,59,23,text,2
xjsaS-LeZ14$_$6,59,24,text,2
xjsaS-LeZ14$_$6,59,25,text,2
xjsaS-LeZ14$_$6,59,26,text,2
xjsaS-LeZ14$_$6,59,27,text,2
xjsaS-LeZ14$_$6,59,28,text,2
xjsaS-LeZ14$_$6,59,29,text,2
xjsaS-LeZ14$_$6,59,30,text,2
xjsaS-LeZ14$_$6,59,31,text,2
xjsaS-LeZ14$_$6,59,32,text,2
xjsaS-LeZ14$_$6,59,33,text,2
xjsaS-LeZ14$_$6,59,34,text,2
xjsaS-LeZ14$_$6,59,35,text,2
xjsaS-LeZ14$_$6,59,36,text,2
xjsaS-LeZ14$_$6,59,37,text,2
xjsaS-LeZ14$_$6,59,38,text,2
xjsaS-LeZ14$_$6,59,39,text,2
xjsaS-LeZ14$_$6,59,40,text,2
xjsaS-LeZ14$_$6,59,41,text,2
xjsaS-LeZ14$_$6,59,42,text,2
xjsaS-LeZ14$_$6,59,43,text,2
xjsaS-LeZ14$_$6,59,44,text,2
xjsaS-LeZ14$_$6,59,45,text,2
xjsaS-LeZ14$_$6,59,46,text,2
xjsaS-LeZ14$_$6,59,47,text,2
xjsaS-LeZ14$_$6,59,48,text,2
xjsaS-LeZ14$_$6,59,49,text,0
112433$_$10,0,0,audio,0
112433$_$10,0,1,audio,2
112433$_$10,0,2,audio,0
112433$_$10,0,3,audio,0
112433$_$10,0,4,audio,0
112433$_$10,0,5,audio,0
112433$_$10,0,6,audio,0
112433$_$10,0,7,audio,0
112433$_$10,0,8,audio,0
112433$_$10,0,9,audio,0
112433$_$10,0,10,audio,0
112433$_$10,0,11,audio,0
112433$_$10,0,12,audio,0
112433$_$10,0,13,audio,0
112433$_$10,0,14,audio,0
112433$_$10,0,15,audio,0
112433$_$10,0,16,audio,0
112433$_$10,0,17,audio,0
112433$_$10,0,18,audio,0
112433$_$10,0,19,audio,0
112433$_$10,0,20,audio,0
112433$_$10,0,21,audio,0
112433$_$10,0,22,audio,0
112433$_$10,0,23,audio,0
112433$_$10,0,24,audio,0
112433$_$10,0,25,audio,0
112433$_$10,0,26,audio,0
112433$_$10,0,27,audio,0
112433$_$10,0,28,audio,0
112433$_$10,0,29,audio,0
112433$_$10,0,30,audio,0
112433$_$10,0,31,audio,0
112433$_$10,0,32,audio,0
112433$_$10,0,33,audio,0
112433$_$10,0,34,audio,0
112433$_$10,0,35,audio,0
112433$_$10,0,36,audio,0
112433$_$10,0,37,audio,0
112433$_$10,0,38,audio,0
112433$_$10,0,39,audio,0
112433$_$10,0,40,audio,0
112433$_$10,0,41,audio,0
112433$_$10,0,42,audio,0
112433$_$10,0,43,audio,0
112433$_$10,0,44,audio,0
112433$_$10,0,45,audio,0
112433$_$10,0,46,audio,0
112433$_$10,0,47,audio,0
112433$_$10,0,48,audio,0
112433$_$10,0,49,audio,0
80855$_$2,1,0,audio,0
80855$_$2,1,1,audio,2
80855$_$2,1,2,audio,2
80855$_$2,1,3,audio,2
80855$_$2,1,4,audio,2
80855$_$2,1,5,audio,2
80855$_$2,1,6,audio,0
80855$_$2,1,7,audio,0
80855$_$2,1,8,audio,0
80855$_$2,1,9,audio,0
80855$_$2,1,10,audio,0
80855$_$2,1,11,audio,0
80855$_$2,1,12,audio,0
80855$_$2,1,13,audio,0
80855$_$2,1,14,audio,0
80855$_$2,1,15,audio,0
80855$_$2,1,16,audio,0
80855$_$2,1,17,audio,0
80855$_$2,1,18,audio,0
80855$_$2,1,19,audio,0
80855$_$2,1,20,audio,0
80855$_$2,1,21,audio,0
80855$_$2,1,22,audio,0
80855$_$2,1,23,audio,0
80855$_$2,1,24,audio,0
80855$_$2,1,25,audio,0
80855$_$2,1,26,audio,0
80855$_$2,1,27,audio,0
80855$_$2,1,28,audio,0
80855$_$2,1,29,audio,0
80855$_$2,1,30,audio,0
80855$_$2,1,31,audio,0
80855$_$2,1,32,audio,0
80855$_$2,1,33,audio,0
80855$_$2,1,34,audio,0
80855$_$2,1,35,audio,0
80855$_$2,1,36,audio,0
80855$_$2,1,37,audio,0
80855$_$2,1,38,audio,0
80855$_$2,1,39,audio,0
80855$_$2,1,40,audio,0
80855$_$2,1,41,audio,0
80855$_$2,1,42,audio,0
80855$_$2,1,43,audio,0
80855$_$2,1,44,audio,0
80855$_$2,1,45,audio,0
80855$_$2,1,46,audio,0
80855$_$2,1,47,audio,0
80855$_$2,1,48,audio,0
80855$_$2,1,49,audio,0
sPremsknoLM$_$1,2,0,audio,0
sPremsknoLM$_$1,2,1,audio,2
sPremsknoLM$_$1,2,2,audio,2
sPremsknoLM$_$1,2,3,audio,2
sPremsknoLM$_$1,2,4,audio,2
sPremsknoLM$_$1,2,5,audio,2
sPremsknoLM$_$1,2,6,audio,2
sPremsknoLM$_$1,2,7,audio,0
sPremsknoLM$_$1,2,8,audio,0
sPremsknoLM$_$1,2,9,audio,0
sPremsknoLM$_$1,2,10,audio,0
sPremsknoLM$_$1,2,11,audio,0
sPremsknoLM$_$1,2,12,audio,0
sPremsknoLM$_$1,2,13,audio,0
sPremsknoLM$_$1,2,14,audio,0
sPremsknoLM$_$1,2,15,audio,0
sPremsknoLM$_$1,2,16,audio,0
sPremsknoLM$_$1,2,17,audio,0
sPremsknoLM$_$1,2,18,audio,0
sPremsknoLM$_$1,2,19,audio,0
sPremsknoLM$_$1,2,20,audio,0
sPremsknoLM$_$1,2,21,audio,0
sPremsknoLM$_$1,2,22,audio,0
sPremsknoLM$_$1,2,23,audio,0
sPremsknoLM$_$1,2,24,audio,0
sPremsknoLM$_$1,2,25,audio,0
sPremsknoLM$_$1,2,26,audio,0
sPremsknoLM$_$1,2,27,audio,0
sPremsknoLM$_$1,2,28,audio,0
sPremsknoLM$_$1,2,29,audio,0
sPremsknoLM$_$1,2,30,audio,0
sPremsknoLM$_$1,2,31,audio,0
sPremsknoLM$_$1,2,32,audio,0
sPremsknoLM$_$1,2,33,audio,0
sPremsknoLM$_$1,2,34,audio,0
sPremsknoLM$_$1,2,35,audio,0
sPremsknoLM$_$1,2,36,audio,0
sPremsknoLM$_$1,2,37,audio,0
sPremsknoLM$_$1,2,38,audio,0
sPremsknoLM$_$1,2,39,audio,0
sPremsknoLM$_$1,2,40,audio,0
sPremsknoLM$_$1,2,41,audio,0
sPremsknoLM$_$1,2,42,audio,0
sPremsknoLM$_$1,2,43,audio,0
sPremsknoLM$_$1,2,44,audio,0
sPremsknoLM$_$1,2,45,audio,0
sPremsknoLM$_$1,2,46,audio,0
sPremsknoLM$_$1,2,47,audio,0
sPremsknoLM$_$1,2,48,audio,0
sPremsknoLM$_$1,2,49,audio,0
d8BR6hsvzoY$_$0,3,0,audio,0
d8BR6hsvzoY$_$0,3,1,audio,2
d8BR6hsvzoY$_$0,3,2,audio,2
d8BR6hsvzoY$_$0,3,3,audio,2
d8BR6hsvzoY$_$0,3,4,audio,2
d8BR6hsvzoY$_$0,3,5,audio,2
d8BR6hsvzoY$_$0,3,6,audio,2
d8BR6hsvzoY$_$0,3,7,audio,2
d8BR6hsvzoY$_$0,3,8,audio,0
d8BR6hsvzoY$_$0,3,9,audio,0
d8BR6hsvzoY$_$0,3,10,audio,0
d8BR6hsvzoY$_$0,3,11,audio,0
d8BR6hsvzoY$_$0,3,12,audio,0
d8BR6hsvzoY$_$0,3,13,audio,0
d8BR6hsvzoY$_$0,3,14,audio,0
d8BR6hsvzoY$_$0,3,15,audio,0
d8BR6hsvzoY$_$0,3,16,audio,0
d8BR6hsvzoY$_$0,3,17,audio,0
d8BR6hsvzoY$_$0,3,18,audio,0
d8BR6hsvzoY$_$0,3,19,audio,0
d8BR6hsvzoY$_$0,3,20,audio,0
d8BR6hsvzoY$_$0,3,21,audio,0
d8BR6hsvzoY$_$0,3,22,audio,0
d8BR6hsvzoY$_$0,3,23,audio,0
d8BR6hsvzoY$_$0,3,24,audio,0
d8BR6hsvzoY$_$0,3,25,audio,0
d8BR6hsvzoY$_$0,3,26,audio,0
d8BR6hsvzoY$_$0,3,27,audio,0
d8BR6hsvzoY$_$0,3,28,audio,0
d8BR6hsvzoY$_$0,3,29,audio,0
d8BR6hsvzoY$_$0,3,30,audio,0
d8BR6hsvzoY$_$0,3,31,audio,0
d8BR6hsvzoY$_$0,3,32,audio,0
d8BR6hsvzoY$_$0,3,33,audio,0
d8BR6hsvzoY$_$0,3,34,audio,0
d8BR6hsvzoY$_$0,3,35,audio,0
d8BR6hsvzoY$_$0,3,36,audio,0
d8BR6hsvzoY$_$0,3,37,audio,0
d8BR6hsvzoY$_$0,3,38,audio,0
d8BR6hsvzoY$_$0,3,39,audio,0
d8BR6hsvzoY$_$0,3,40,audio,0
d8BR6hsvzoY$_$0,3,41,audio,0
d8BR6hsvzoY$_$0,3,42,audio,0
d8BR6hsvzoY$_$0,3,43,audio,0
d8BR6hsvzoY$_$0,3,44,audio,0
d8BR6hsvzoY$_$0,3,45,audio,0
d8BR6hsvzoY$_$0,3,46,audio,0
d8BR6hsvzoY$_$0,3,47,audio,0
d8BR6hsvzoY$_$0,3,48,audio,0
d8BR6hsvzoY$_$0,3,49,audio,0
RArhIHk4Qs4$_$8,4,0,audio,0
RArhIHk4Qs4$_$8,4,1,audio,2
RArhIHk4Qs4$_$8,4,2,audio,2
RArhIHk4Qs4$_$8,4,3,audio,2
RArhIHk4Qs4$_$8,4,4,audio,2
RArhIHk4Qs4$_$8,4,5,audio,2
RArhIHk4Qs4$_$8,4,6,audio,2
RArhIHk4Qs4$_$8,4,7,audio,2
RArhIHk4Qs4$_$8,4,8,audio,2
RArhIHk4Qs4$_$8,4,9,audio,0
RArhIHk4Qs4$_$8,4,10,audio,0
RArhIHk4Qs4$_$8,4,11,audio,0
RArhIHk4Qs4$_$8,4,12,audio,0
RArhIHk4Qs4$_$8,4,13,audio,0
RArhIHk4Qs4$_$8,4,14,audio,0
RArhIHk4Qs4$_$8,4,15,audio,0
RArhIHk4Qs4$_$8,4,16,audio,0
RArhIHk4Qs4$_$8,4,17,audio,0
RArhIHk4Qs4$_$8,4,18,audio,0
RArhIHk4Qs4$_$8,4,19,audio,0
RArhIHk4Qs4$_$8,4,20,audio,0
RArhIHk4Qs4$_$8,4,21,audio,0
RArhIHk4Qs4$_$8,4,22,audio,0
RArhIHk4Qs4$_$8,4,23,audio,0
RArhIHk4Qs4$_$8,4,24,audio,0
RArhIHk4Qs4$_$8,4,25,audio,0
RArhIHk4Qs4$_$8,4,26,audio,0
RArhIHk4Qs4$_$8,4,27,audio,0
RArhIHk4Qs4$_$8,4,28,audio,0
RArhIHk4Qs4$_$8,4,29,audio,0
RArhIHk4Qs4$_$8,4,30,audio,0
RArhIHk4Qs4$_$8,4,31,audio,0
RArhIHk4Qs4$_$8,4,32,audio,0
RArhIHk4Qs4$_$8,4,33,audio,0
RArhIHk4Qs4$_$8,4,34,audio,0
RArhIHk4Qs4$_$8,4,35,audio,0
RArhIHk4Qs4$_$8,4,36,audio,0
RArhIHk4Qs4$_$8,4,37,audio,0
RArhIHk4Qs4$_$8,4,38,audio,0
RArhIHk4Qs4$_$8,4,39,audio,0
RArhIHk4Qs4$_$8,4,40,audio,0
RArhIHk4Qs4$_$8,4,41,audio,0
RArhIHk4Qs4$_$8,4,42,audio,0
RArhIHk4Qs4$_$8,4,43,audio,0
RArhIHk4Qs4$_$8,4,44,audio,0
RArhIHk4Qs4$_$8,4,45,audio,0
RArhIHk4Qs4$_$8,4,46,audio,0
RArhIHk4Qs4$_$8,4,47,audio,0
RArhIHk4Qs4$_$8,4,48,audio,0
RArhIHk4Qs4$_$8,4,49,audio,0
N5xfBtD6rLY$_$7,5,0,audio,0
N5xfBtD6rLY$_$7,5,1,audio,2
N5xfBtD6rLY$_$7,5,2,audio,2
N5xfBtD6rLY$_$7,5,3,audio,2
N5xfBtD6rLY$_$7,5,4,audio,2
N5xfBtD6rLY$_$7,5,5,audio,2
N5xfBtD6rLY$_$7,5,6,audio,2
N5xfBtD6rLY$_$7,5,7,audio,2
N5xfBtD6rLY$_$7,5,8,audio,2
N5xfBtD6rLY$_$7,5,9,audio,2
N5xfBtD6rLY$_$7,5,10,audio,0
N5xfBtD6rLY$_$7,5,11,audio,0
N5xfBtD6rLY$_$7,5,12,audio,0
N5xfBtD6rLY$_$7,5,13,audio,0
N5xfBtD6rLY$_$7,5,14,audio,0
N5xfBtD6rLY$_$7,5,15,audio,0
N5xfBtD6rLY$_$7,5,16,audio,0
N5xfBtD6rLY$_$7,5,17,audio,0
N5xfBtD6rLY$_$7,5,18,audio,0
N5xfBtD6rLY$_$7,5,19,audio,0
N5xfBtD6rLY$_$7,5,20,audio,0
N5xfBtD6rLY$_$7,5,21,audio,0
N5xfBtD6rLY$_$7,5,22,audio,0
N5xfBtD6rLY$_$7,5,23,audio,0
N5xfBtD6rLY$_$7,5,24,audio,0
N5xfBtD6rLY$_$7,5,25,audio,0
N5xfBtD6rLY$_$7,5,26,audio,0
N5xfBtD6rLY$_$7,5,27,audio,0
N5xfBtD6rLY$_$7,5,28,audio,0
N5xfBtD6rLY$_$7,5,29,audio,0
N5xfBtD6rLY$_$7,5,30,audio,0
N5xfBtD6rLY$_$7,5,31,audio,0
N5xfBtD6rLY$_$7,5,32,audio,0
N5xfBtD6rLY$_$7,5,33,audio,0
N5xfBtD6rLY$_$7,5,34,audio,0
N5xfBtD6rLY$_$7,5,35,audio,0
N5xfBtD6rLY$_$7,5,36,audio,0
N5xfBtD6rLY$_$7,5,37,audio,0
N5xfBtD6rLY$_$7,5,38,audio,0
N5xfBtD6rLY$_$7,5,39,audio,0
N5xfBtD6rLY$_$7,5,40,audio,0
N5xfBtD6rLY$_$7,5,41,audio,0
N5xfBtD6rLY$_$7,5,42,audio,0
N5xfBtD6rLY$_$7,5,43,audio,0
N5xfBtD6rLY$_$7,5,44,audio,0
N5xfBtD6rLY$_$7,5,45,audio,0
N5xfBtD6rLY$_$7,5,46,audio,0
N5xfBtD6rLY$_$7,5,47,audio,0
N5xfBtD6rLY$_$7,5,48,audio,0
N5xfBtD6rLY$_$7,5,49,audio,0
RArhIHk4Qs4$_$19,6,0,audio,0
RArhIHk4Qs4$_$19,6,1,audio,2
RArhIHk4Qs4$_$19,6,2,audio,2
RArhIHk4Qs4$_$19,6,3,audio,2
RArhIHk4Qs4$_$19,6,4,audio,2
RArhIHk4Qs4$_$19,6,5,audio,2
RArhIHk4Qs4$_$19,6,6,audio,2
RArhIHk4Qs4$_$19,6,7,audio,2
RArhIHk4Qs4$_$19,6,8,audio,2
RArhIHk4Qs4$_$19,6,9,audio,2
RArhIHk4Qs4$_$19,6,10,audio,2
RArhIHk4Qs4$_$19,6,11,audio,0
RArhIHk4Qs4$_$19,6,12,audio,0
RArhIHk4Qs4$_$19,6,13,audio,0
RArhIHk4Qs4$_$19,6,14,audio,0
RArhIHk4Qs4$_$19,6,15,audio,0
RArhIHk4Qs4$_$19,6,16,audio,0
RArhIHk4Qs4$_$19,6,17,audio,0
RArhIHk4Qs4$_$19,6,18,audio,0
RArhIHk4Qs4$_$19,6,19,audio,0
RArhIHk4Qs4$_$19,6,20,audio,0
RArhIHk4Qs4$_$19,6,21,audio,0
RArhIHk4Qs4$_$19,6,22,audio,0
RArhIHk4Qs4$_$19,6,23,audio,0
RArhIHk4Qs4$_$19,6,24,audio,0
RArhIHk4Qs4$_$19,6,25,audio,0
RArhIHk4Qs4$_$19,6,26,audio,0
RArhIHk4Qs4$_$19,6,27,audio,0
RArhIHk4Qs4$_$19,6,28,audio,0
RArhIHk4Qs4$_$19,6,29,audio,0
RArhIHk4Qs4$_$19,6,30,audio,0
RArhIHk4Qs4$_$19,6,31,audio,0
RArhIHk4Qs4$_$19,6,32,audio,0
RArhIHk4Qs4$_$19,6,33,audio,0
RArhIHk4Qs4$_$19,6,34,audio,0
RArhIHk4Qs4$_$19,6,35,audio,0
RArhIHk4Qs4$_$19,6,36,audio,0
RArhIHk4Qs4$_$19,6,37,audio,0
RArhIHk4Qs4$_$19,6,38,audio,0
RArhIHk4Qs4$_$19,6,39,audio,0
RArhIHk4Qs4$_$19,6,40,audio,0
RArhIHk4Qs4$_$19,6,41,audio,0
RArhIHk4Qs4$_$19,6,42,audio,0
RArhIHk4Qs4$_$19,6,43,audio,0
RArhIHk4Qs4$_$19,6,44,audio,0
RArhIHk4Qs4$_$19,6,45,audio,0
RArhIHk4Qs4$_$19,6,46,audio,0
RArhIHk4Qs4$_$19,6,47,audio,0
RArhIHk4Qs4$_$19,6,48,audio,0
RArhIHk4Qs4$_$19,6,49,audio,0
266791$_$8,7,0,audio,0
266791$_$8,7,1,audio,2
266791$_$8,7,2,audio,2
266791$_$8,7,3,audio,2
266791$_$8,7,4,audio,2
266791$_$8,7,5,audio,2
266791$_$8,7,6,audio,2
266791$_$8,7,7,audio,2
266791$_$8,7,8,audio,2
266791$_$8,7,9,audio,2
266791$_$8,7,10,audio,2
266791$_$8,7,11,audio,2
266791$_$8,7,12,audio,0
266791$_$8,7,13,audio,0
266791$_$8,7,14,audio,0
266791$_$8,7,15,audio,0
266791$_$8,7,16,audio,0
266791$_$8,7,17,audio,0
266791$_$8,7,18,audio,0
266791$_$8,7,19,audio,0
266791$_$8,7,20,audio,0
266791$_$8,7,21,audio,0
266791$_$8,7,22,audio,0
266791$_$8,7,23,audio,0
266791$_$8,7,24,audio,0
266791$_$8,7,25,audio,0
266791$_$8,7,26,audio,0
266791$_$8,7,27,audio,0
266791$_$8,7,28,audio,0
266791$_$8,7,29,audio,0
266791$_$8,7,30,audio,0
266791$_$8,7,31,audio,0
266791$_$8,7,32,audio,0
266791$_$8,7,33,audio,0
266791$_$8,7,34,audio,0
266791$_$8,7,35,audio,0
266791$_$8,7,36,audio,0
266791$_$8,7,37,audio,0
266791$_$8,7,38,audio,0
266791$_$8,7,39,audio,0
266791$_$8,7,40,audio,0
266791$_$8,7,41,audio,0
266791$_$8,7,42,audio,0
266791$_$8,7,43,audio,0
266791$_$8,7,44,audio,0
266791$_$8,7,45,audio,0
266791$_$8,7,46,audio,0
266791$_$8,7,47,audio,0
266791$_$8,7,48,audio,0
266791$_$8,7,49,audio,0
3j94B0pzSVs$_$12,8,0,audio,0
3j94B0pzSVs$_$12,8,1,audio,2
3j94B0pzSVs$_$12,8,2,audio,2
3j94B0pzSVs$_$12,8,3,audio,2
3j94B0pzSVs$_$12,8,4,audio,2
3j94B0pzSVs$_$12,8,5,audio,2
3j94B0pzSVs$_$12,8,6,audio,2
3j94B0pzSVs$_$12,8,7,audio,2
3j94B0pzSVs$_$12,8,8,audio,2
3j94B0pzSVs$_$12,8,9,audio,2
3j94B0pzSVs$_$12,8,10,audio,2
3j94B0pzSVs$_$12,8,11,audio,2
3j94B0pzSVs$_$12,8,12,audio,2
3j94B0pzSVs$_$12,8,13,audio,0
3j94B0pzSVs$_$12,8,14,audio,0
3j94B0pzSVs$_$12,8,15,audio,0
3j94B0pzSVs$_$12,8,16,audio,0
3j94B0pzSVs$_$12,8,17,audio,0
3j94B0pzSVs$_$12,8,18,audio,0
3j94B0pzSVs$_$12,8,19,audio,0
3j94B0pzSVs$_$12,8,20,audio,0
3j94B0pzSVs$_$12,8,21,audio,0
3j94B0pzSVs$_$12,8,22,audio,0
3j94B0pzSVs$_$12,8,23,audio,0
3j94B0pzSVs$_$12,8,24,audio,0
3j94B0pzSVs$_$12,8,25,audio,0
3j94B0pzSVs$_$12,8,26,audio,0
3j94B0pzSVs$_$12,8,27,audio,0
3j94B0pzSVs$_$12,8,28,audio,0
3j94B0pzSVs$_$12,8,29,audio,0
3j94B0pzSVs$_$12,8,30,audio,0
3j94B0pzSVs$_$12,8,31,audio,0
3j94B0pzSVs$_$12,8,32,audio,0
3j94B0pzSVs$_$12,8,33,audio,0
3j94B0pzSVs$_$12,8,34,audio,0
3j94B0pzSVs$_$12,8,35,audio,0
3j94B0pzSVs$_$12,8,36,audio,0
3j94B0pzSVs$_$12,8,37,audio,0
3j94B0pzSVs$_$12,8,38,audio,0
3j94B0pzSVs$_$12,8,39,audio,0
3j94B0pzSVs$_$12,8,40,audio,0
3j94B0pzSVs$_$12,8,41,audio,0
3j94B0pzSVs$_$12,8,42,audio,0
3j94B0pzSVs$_$12,8,43,audio,0
3j94B0pzSVs$_$12,8,44,audio,0
3j94B0pzSVs$_$12,8,45,audio,0
3j94B0pzSVs$_$12,8,46,audio,0
3j94B0pzSVs$_$12,8,47,audio,0
3j94B0pzSVs$_$12,8,48,audio,0
3j94B0pzSVs$_$12,8,49,audio,0
v2Rr-EsJda8$_$6,9,0,audio,0
v2Rr-EsJda8$_$6,9,1,audio,2
v2Rr-EsJda8$_$6,9,2,audio,2
v2Rr-EsJda8$_$6,9,3,audio,2
v2Rr-EsJda8$_$6,9,4,audio,2
v2Rr-EsJda8$_$6,9,5,audio,2
v2Rr-EsJda8$_$6,9,6,audio,2
v2Rr-EsJda8$_$6,9,7,audio,2
v2Rr-EsJda8$_$6,9,8,audio,2
v2Rr-EsJda8$_$6,9,9,audio,2
v2Rr-EsJda8$_$6,9,10,audio,2
v2Rr-EsJda8$_$6,9,11,audio,2
v2Rr-EsJda8$_$6,9,12,audio,2
v2Rr-EsJda8$_$6,9,13,audio,0
v2Rr-EsJda8$_$6,9,14,audio,0
v2Rr-EsJda8$_$6,9,15,audio,0
v2Rr-EsJda8$_$6,9,16,audio,0
v2Rr-EsJda8$_$6,9,17,audio,0
v2Rr-EsJda8$_$6,9,18,audio,0
v2Rr-EsJda8$_$6,9,19,audio,0
v2Rr-EsJda8$_$6,9,20,audio,0
v2Rr-EsJda8$_$6,9,21,audio,0
v2Rr-EsJda8$_$6,9,22,audio,0
v2Rr-EsJda8$_$6,9,23,audio,0
v2Rr-EsJda8$_$6,9,24,audio,0
v2Rr-EsJda8$_$6,9,25,audio,0
v2Rr-EsJda8$_$6,9,26,audio,0
v2Rr-EsJda8$_$6,9,27,audio,0
v2Rr-EsJda8$_$6,9,28,audio,0
v2Rr-EsJda8$_$6,9,29,audio,0
v2Rr-EsJda8$_$6,9,30,audio,0
v2Rr-EsJda8$_$6,9,31,audio,0
v2Rr-EsJda8$_$6,9,32,audio,0
v2Rr-EsJda8$_$6,9,33,audio,0
v2Rr-EsJda8$_$6,9,34,audio,0
v2Rr-EsJda8$_$6,9,35,audio,0
v2Rr-EsJda8$_$6,9,36,audio,0
v2Rr-EsJda8$_$6,9,37,audio,0
v2Rr-EsJda8$_$6,9,38,audio,0
v2Rr-EsJda8$_$6,9,39,audio,0
v2Rr-EsJda8$_$6,9,40,audio,0
v2Rr-EsJda8$_$6,9,41,audio,0
v2Rr-EsJda8$_$6,9,42,audio,0
v2Rr-EsJda8$_$6,9,43,audio,0
v2Rr-EsJda8$_$6,9,44,audio,0
v2Rr-EsJda8$_$6,9,45,audio,0
v2Rr-EsJda8$_$6,9,46,audio,0
v2Rr-EsJda8$_$6,9,47,audio,0
v2Rr-EsJda8$_$6,9,48,audio,0
v2Rr-EsJda8$_$6,9,49,audio,0
ET1cU5_A2YM$_$3,10,0,audio,0
ET1cU5_A2YM$_$3,10,1,audio,2
ET1cU5_A2YM$_$3,10,2,audio,2
ET1cU5_A2YM$_$3,10,3,audio,2
ET1cU5_A2YM$_$3,10,4,audio,2
ET1cU5_A2YM$_$3,10,5,audio,2
ET1cU5_A2YM$_$3,10,6,audio,2
ET1cU5_A2YM$_$3,10,7,audio,2
ET1cU5_A2YM$_$3,10,8,audio,2
ET1cU5_A2YM$_$3,10,9,audio,2
ET1cU5_A2YM$_$3,10,10,audio,2
ET1cU5_A2YM$_$3,10,11,audio,2
ET1cU5_A2YM$_$3,10,12,audio,2
ET1cU5_A2YM$_$3,10,13,audio,2
ET1cU5_A2YM$_$3,10,14,audio,0
ET1cU5_A2YM$_$3,10,15,audio,0
ET1cU5_A2YM$_$3,10,16,audio,0
ET1cU5_A2YM$_$3,10,17,audio,0
ET1cU5_A2YM$_$3,10,18,audio,0
ET1cU5_A2YM$_$3,10,19,audio,0
ET1cU5_A2YM$_$3,10,20,audio,0
ET1cU5_A2YM$_$3,10,21,audio,0
ET1cU5_A2YM$_$3,10,22,audio,0
ET1cU5_A2YM$_$3,10,23,audio,0
ET1cU5_A2YM$_$3,10,24,audio,0
ET1cU5_A2YM$_$3,10,25,audio,0
ET1cU5_A2YM$_$3,10,26,audio,0
ET1cU5_A2YM$_$3,10,27,audio,0
ET1cU5_A2YM$_$3,10,28,audio,0
ET1cU5_A2YM$_$3,10,29,audio,0
ET1cU5_A2YM$_$3,10,30,audio,0
ET1cU5_A2YM$_$3,10,31,audio,0
ET1cU5_A2YM$_$3,10,32,audio,0
ET1cU5_A2YM$_$3,10,33,audio,0
ET1cU5_A2YM$_$3,10,34,audio,0
ET1cU5_A2YM$_$3,10,35,audio,0
ET1cU5_A2YM$_$3,10,36,audio,0
ET1cU5_A2YM$_$3,10,37,audio,0
ET1cU5_A2YM$_$3,10,38,audio,0
ET1cU5_A2YM$_$3,10,39,audio,0
ET1cU5_A2YM$_$3,10,40,audio,0
ET1cU5_A2YM$_$3,10,41,audio,0
ET1cU5_A2YM$_$3,10,42,audio,0
ET1cU5_A2YM$_$3,10,43,audio,0
ET1cU5_A2YM$_$3,10,44,audio,0
ET1cU5_A2YM$_$3,10,45,audio,0
ET1cU5_A2YM$_$3,10,46,audio,0
ET1cU5_A2YM$_$3,10,47,audio,0
ET1cU5_A2YM$_$3,10,48,audio,0
ET1cU5_A2YM$_$3,10,49,audio,0
_7HVhnSYX1Y$_$31,11,0,audio,0
_7HVhnSYX1Y$_$31,11,1,audio,2
_7HVhnSYX1Y$_$31,11,2,audio,2
_7HVhnSYX1Y$_$31,11,3,audio,2
_7HVhnSYX1Y$_$31,11,4,audio,2
_7HVhnSYX1Y$_$31,11,5,audio,2
_7HVhnSYX1Y$_$31,11,6,audio,2
_7HVhnSYX1Y$_$31,11,7,audio,2
_7HVhnSYX1Y$_$31,11,8,audio,2
_7HVhnSYX1Y$_$31,11,9,audio,2
_7HVhnSYX1Y$_$31,11,10,audio,2
_7HVhnSYX1Y$_$31,11,11,audio,2
_7HVhnSYX1Y$_$31,11,12,audio,2
_7HVhnSYX1Y$_$31,11,13,audio,2
_7HVhnSYX1Y$_$31,11,14,audio,0
_7HVhnSYX1Y$_$31,11,15,audio,0
_7HVhnSYX1Y$_$31,11,16,audio,0
_7HVhnSYX1Y$_$31,11,17,audio,0
_7HVhnSYX1Y$_$31,11,18,audio,0
_7HVhnSYX1Y$_$31,11,19,audio,0
_7HVhnSYX1Y$_$31,11,20,audio,0
_7HVhnSYX1Y$_$31,11,21,audio,0
_7HVhnSYX1Y$_$31,11,22,audio,0
_7HVhnSYX1Y$_$31,11,23,audio,0
_7HVhnSYX1Y$_$31,11,24,audio,0
_7HVhnSYX1Y$_$31,11,25,audio,0
_7HVhnSYX1Y$_$31,11,26,audio,0
_7HVhnSYX1Y$_$31,11,27,audio,0
_7HVhnSYX1Y$_$31,11,28,audio,0
_7HVhnSYX1Y$_$31,11,29,audio,0
_7HVhnSYX1Y$_$31,11,30,audio,0
_7HVhnSYX1Y$_$31,11,31,audio,0
_7HVhnSYX1Y$_$31,11,32,audio,0
_7HVhnSYX1Y$_$31,11,33,audio,0
_7HVhnSYX1Y$_$31,11,34,audio,0
_7HVhnSYX1Y$_$31,11,35,audio,0
_7HVhnSYX1Y$_$31,11,36,audio,0
_7HVhnSYX1Y$_$31,11,37,audio,0
_7HVhnSYX1Y$_$31,11,38,audio,0
_7HVhnSYX1Y$_$31,11,39,audio,0
_7HVhnSYX1Y$_$31,11,40,audio,0
_7HVhnSYX1Y$_$31,11,41,audio,0
_7HVhnSYX1Y$_$31,11,42,audio,0
_7HVhnSYX1Y$_$31,11,43,audio,0
_7HVhnSYX1Y$_$31,11,44,audio,0
_7HVhnSYX1Y$_$31,11,45,audio,0
_7HVhnSYX1Y$_$31,11,46,audio,0
_7HVhnSYX1Y$_$31,11,47,audio,0
_7HVhnSYX1Y$_$31,11,48,audio,0
_7HVhnSYX1Y$_$31,11,49,audio,0
80566$_$2,12,0,audio,0
80566$_$2,12,1,audio,2
80566$_$2,12,2,audio,2
80566$_$2,12,3,audio,2
80566$_$2,12,4,audio,2
80566$_$2,12,5,audio,2
80566$_$2,12,6,audio,2
80566$_$2,12,7,audio,2
80566$_$2,12,8,audio,2
80566$_$2,12,9,audio,2
80566$_$2,12,10,audio,2
80566$_$2,12,11,audio,2
80566$_$2,12,12,audio,2
80566$_$2,12,13,audio,2
80566$_$2,12,14,audio,2
80566$_$2,12,15,audio,0
80566$_$2,12,16,audio,0
80566$_$2,12,17,audio,0
80566$_$2,12,18,audio,0
80566$_$2,12,19,audio,0
80566$_$2,12,20,audio,0
80566$_$2,12,21,audio,0
80566$_$2,12,22,audio,0
80566$_$2,12,23,audio,0
80566$_$2,12,24,audio,0
80566$_$2,12,25,audio,0
80566$_$2,12,26,audio,0
80566$_$2,12,27,audio,0
80566$_$2,12,28,audio,0
80566$_$2,12,29,audio,0
80566$_$2,12,30,audio,0
80566$_$2,12,31,audio,0
80566$_$2,12,32,audio,0
80566$_$2,12,33,audio,0
80566$_$2,12,34,audio,0
80566$_$2,12,35,audio,0
80566$_$2,12,36,audio,0
80566$_$2,12,37,audio,0
80566$_$2,12,38,audio,0
80566$_$2,12,39,audio,0
80566$_$2,12,40,audio,0
80566$_$2,12,41,audio,0
80566$_$2,12,42,audio,0
80566$_$2,12,43,audio,0
80566$_$2,12,44,audio,0
80566$_$2,12,45,audio,0
80566$_$2,12,46,audio,0
80566$_$2,12,47,audio,0
80566$_$2,12,48,audio,0
80566$_$2,12,49,audio,0
jPrEKz1rAno$_$11,13,0,audio,0
jPrEKz1rAno$_$11,13,1,audio,2
jPrEKz1rAno$_$11,13,2,audio,2
jPrEKz1rAno$_$11,13,3,audio,2
jPrEKz1rAno$_$11,13,4,audio,2
jPrEKz1rAno$_$11,13,5,audio,2
jPrEKz1rAno$_$11,13,6,audio,2
jPrEKz1rAno$_$11,13,7,audio,2
jPrEKz1rAno$_$11,13,8,audio,2
jPrEKz1rAno$_$11,13,9,audio,2
jPrEKz1rAno$_$11,13,10,audio,2
jPrEKz1rAno$_$11,13,11,audio,2
jPrEKz1rAno$_$11,13,12,audio,2
jPrEKz1rAno$_$11,13,13,audio,2
jPrEKz1rAno$_$11,13,14,audio,2
jPrEKz1rAno$_$11,13,15,audio,0
jPrEKz1rAno$_$11,13,16,audio,0
jPrEKz1rAno$_$11,13,17,audio,0
jPrEKz1rAno$_$11,13,18,audio,0
jPrEKz1rAno$_$11,13,19,audio,0
jPrEKz1rAno$_$11,13,20,audio,0
jPrEKz1rAno$_$11,13,21,audio,0
jPrEKz1rAno$_$11,13,22,audio,0
jPrEKz1rAno$_$11,13,23,audio,0
jPrEKz1rAno$_$11,13,24,audio,0
jPrEKz1rAno$_$11,13,25,audio,0
jPrEKz1rAno$_$11,13,26,audio,0
jPrEKz1rAno$_$11,13,27,audio,0
jPrEKz1rAno$_$11,13,28,audio,0
jPrEKz1rAno$_$11,13,29,audio,0
jPrEKz1rAno$_$11,13,30,audio,0
jPrEKz1rAno$_$11,13,31,audio,0
jPrEKz1rAno$_$11,13,32,audio,0
jPrEKz1rAno$_$11,13,33,audio,0
jPrEKz1rAno$_$11,13,34,audio,0
jPrEKz1rAno$_$11,13,35,audio,0
jPrEKz1rAno$_$11,13,36,audio,0
jPrEKz1rAno$_$11,13,37,audio,0
jPrEKz1rAno$_$11,13,38,audio,0
jPrEKz1rAno$_$11,13,39,audio,0
jPrEKz1rAno$_$11,13,40,audio,0
jPrEKz1rAno$_$11,13,41,audio,0
jPrEKz1rAno$_$11,13,42,audio,0
jPrEKz1rAno$_$11,13,43,audio,0
jPrEKz1rAno$_$11,13,44,audio,0
jPrEKz1rAno$_$11,13,45,audio,0
jPrEKz1rAno$_$11,13,46,audio,0
jPrEKz1rAno$_$11,13,47,audio,0
jPrEKz1rAno$_$11,13,48,audio,0
jPrEKz1rAno$_$11,13,49,audio,0
80855$_$11,14,0,audio,0
80855$_$11,14,1,audio,2
80855$_$11,14,2,audio,2
80855$_$11,14,3,audio,2
80855$_$11,14,4,audio,2
80855$_$11,14,5,audio,2
80855$_$11,14,6,audio,2
80855$_$11,14,7,audio,2
80855$_$11,14,8,audio,2
80855$_$11,14,9,audio,2
80855$_$11,14,10,audio,2
80855$_$11,14,11,audio,2
80855$_$11,14,12,audio,2
80855$_$11,14,13,audio,2
80855$_$11,14,14,audio,2
80855$_$11,14,15,audio,2
80855$_$11,14,16,audio,0
80855$_$11,14,17,audio,0
80855$_$11,14,18,audio,0
80855$_$11,14,19,audio,0
80855$_$11,14,20,audio,0
80855$_$11,14,21,audio,0
80855$_$11,14,22,audio,0
80855$_$11,14,23,audio,0
80855$_$11,14,24,audio,0
80855$_$11,14,25,audio,0
80855$_$11,14,26,audio,0
80855$_$11,14,27,audio,0
80855$_$11,14,28,audio,0
80855$_$11,14,29,audio,0
80855$_$11,14,30,audio,0
80855$_$11,14,31,audio,0
80855$_$11,14,32,audio,0
80855$_$11,14,33,audio,0
80855$_$11,14,34,audio,0
80855$_$11,14,35,audio,0
80855$_$11,14,36,audio,0
80855$_$11,14,37,audio,0
80855$_$11,14,38,audio,0
80855$_$11,14,39,audio,0
80855$_$11,14,40,audio,0
80855$_$11,14,41,audio,0
80855$_$11,14,42,audio,0
80855$_$11,14,43,audio,0
80855$_$11,14,44,audio,0
80855$_$11,14,45,audio,0
80855$_$11,14,46,audio,0
80855$_$11,14,47,audio,0
80855$_$11,14,48,audio,0
80855$_$11,14,49,audio,0
YbuG8xyUO-o$_$2,15,0,audio,0
YbuG8xyUO-o$_$2,15,1,audio,2
YbuG8xyUO-o$_$2,15,2,audio,2
YbuG8xyUO-o$_$2,15,3,audio,2
YbuG8xyUO-o$_$2,15,4,audio,2
YbuG8xyUO-o$_$2,15,5,audio,2
YbuG8xyUO-o$_$2,15,6,audio,2
YbuG8xyUO-o$_$2,15,7,audio,2
YbuG8xyUO-o$_$2,15,8,audio,2
YbuG8xyUO-o$_$2,15,9,audio,2
YbuG8xyUO-o$_$2,15,10,audio,2
YbuG8xyUO-o$_$2,15,11,audio,2
YbuG8xyUO-o$_$2,15,12,audio,2
YbuG8xyUO-o$_$2,15,13,audio,2
YbuG8xyUO-o$_$2,15,14,audio,2
YbuG8xyUO-o$_$2,15,15,audio,2
YbuG8xyUO-o$_$2,15,16,audio,0
YbuG8xyUO-o$_$2,15,17,audio,0
YbuG8xyUO-o$_$2,15,18,audio,0
YbuG8xyUO-o$_$2,15,19,audio,0
YbuG8xyUO-o$_$2,15,20,audio,0
YbuG8xyUO-o$_$2,15,21,audio,0
YbuG8xyUO-o$_$2,15,22,audio,0
YbuG8xyUO-o$_$2,15,23,audio,0
YbuG8xyUO-o$_$2,15,24,audio,0
YbuG8xyUO-o$_$2,15,25,audio,0
YbuG8xyUO-o$_$2,15,26,audio,0
YbuG8xyUO-o$_$2,15,27,audio,0
YbuG8xyUO-o$_$2,15,28,audio,0
YbuG8xyUO-o$_$2,15,29,audio,0
YbuG8xyUO-o$_$2,15,30,audio,0
YbuG8xyUO-o$_$2,15,31,audio,0
YbuG8xyUO-o$_$2,15,32,audio,0
YbuG8xyUO-o$_$2,15,33,audio,0
YbuG8xyUO-o$_$2,15,34,audio,0
YbuG8xyUO-o$_$2,15,35,audio,0
YbuG8xyUO-o$_$2,15,36,audio,0
YbuG8xyUO-o$_$2,15,37,audio,0
YbuG8xyUO-o$_$2,15,38,audio,0
YbuG8xyUO-o$_$2,15,39,audio,0
YbuG8xyUO-o$_$2,15,40,audio,0
YbuG8xyUO-o$_$2,15,41,audio,0
YbuG8xyUO-o$_$2,15,42,audio,0
YbuG8xyUO-o$_$2,15,43,audio,0
YbuG8xyUO-o$_$2,15,44,audio,0
YbuG8xyUO-o$_$2,15,45,audio,0
YbuG8xyUO-o$_$2,15,46,audio,0
YbuG8xyUO-o$_$2,15,47,audio,0
YbuG8xyUO-o$_$2,15,48,audio,0
YbuG8xyUO-o$_$2,15,49,audio,0
266791$_$24,16,0,audio,0
266791$_$24,16,1,audio,2
266791$_$24,16,2,audio,2
266791$_$24,16,3,audio,2
266791$_$24,16,4,audio,2
266791$_$24,16,5,audio,2
266791$_$24,16,6,audio,2
266791$_$24,16,7,audio,2
266791$_$24,16,8,audio,2
266791$_$24,16,9,audio,2
266791$_$24,16,10,audio,2
266791$_$24,16,11,audio,2
266791$_$24,16,12,audio,2
266791$_$24,16,13,audio,2
266791$_$24,16,14,audio,2
266791$_$24,16,15,audio,2
266791$_$24,16,16,audio,2
266791$_$24,16,17,audio,0
266791$_$24,16,18,audio,0
266791$_$24,16,19,audio,0
266791$_$24,16,20,audio,0
266791$_$24,16,21,audio,0
266791$_$24,16,22,audio,0
266791$_$24,16,23,audio,0
266791$_$24,16,24,audio,0
266791$_$24,16,25,audio,0
266791$_$24,16,26,audio,0
266791$_$24,16,27,audio,0
266791$_$24,16,28,audio,0
266791$_$24,16,29,audio,0
266791$_$24,16,30,audio,0
266791$_$24,16,31,audio,0
266791$_$24,16,32,audio,0
266791$_$24,16,33,audio,0
266791$_$24,16,34,audio,0
266791$_$24,16,35,audio,0
266791$_$24,16,36,audio,0
266791$_$24,16,37,audio,0
266791$_$24,16,38,audio,0
266791$_$24,16,39,audio,0
266791$_$24,16,40,audio,0
266791$_$24,16,41,audio,0
266791$_$24,16,42,audio,0
266791$_$24,16,43,audio,0
266791$_$24,16,44,audio,0
266791$_$24,16,45,audio,0
266791$_$24,16,46,audio,0
266791$_$24,16,47,audio,0
266791$_$24,16,48,audio,0
266791$_$24,16,49,audio,0
DdUJojoFU_c$_$15,17,0,audio,0
DdUJojoFU_c$_$15,17,1,audio,2
DdUJojoFU_c$_$15,17,2,audio,2
DdUJojoFU_c$_$15,17,3,audio,2
DdUJojoFU_c$_$15,17,4,audio,2
DdUJojoFU_c$_$15,17,5,audio,2
DdUJojoFU_c$_$15,17,6,audio,2
DdUJojoFU_c$_$15,17,7,audio,2
DdUJojoFU_c$_$15,17,8,audio,2
DdUJojoFU_c$_$15,17,9,audio,2
DdUJojoFU_c$_$15,17,10,audio,2
DdUJojoFU_c$_$15,17,11,audio,2
DdUJojoFU_c$_$15,17,12,audio,2
DdUJojoFU_c$_$15,17,13,audio,2
DdUJojoFU_c$_$15,17,14,audio,2
DdUJojoFU_c$_$15,17,15,audio,2
DdUJojoFU_c$_$15,17,16,audio,2
DdUJojoFU_c$_$15,17,17,audio,0
DdUJojoFU_c$_$15,17,18,audio,0
DdUJojoFU_c$_$15,17,19,audio,0
DdUJojoFU_c$_$15,17,20,audio,0
DdUJojoFU_c$_$15,17,21,audio,0
DdUJojoFU_c$_$15,17,22,audio,0
DdUJojoFU_c$_$15,17,23,audio,0
DdUJojoFU_c$_$15,17,24,audio,0
DdUJojoFU_c$_$15,17,25,audio,0
DdUJojoFU_c$_$15,17,26,audio,0
DdUJojoFU_c$_$15,17,27,audio,0
DdUJojoFU_c$_$15,17,28,audio,0
DdUJojoFU_c$_$15,17,29,audio,0
DdUJojoFU_c$_$15,17,30,audio,0
DdUJojoFU_c$_$15,17,31,audio,0
DdUJojoFU_c$_$15,17,32,audio,0
DdUJojoFU_c$_$15,17,33,audio,0
DdUJojoFU_c$_$15,17,34,audio,0
DdUJojoFU_c$_$15,17,35,audio,0
DdUJojoFU_c$_$15,17,36,audio,0
DdUJojoFU_c$_$15,17,37,audio,0
DdUJojoFU_c$_$15,17,38,audio,0
DdUJojoFU_c$_$15,17,39,audio,0
DdUJojoFU_c$_$15,17,40,audio,0
DdUJojoFU_c$_$15,17,41,audio,0
DdUJojoFU_c$_$15,17,42,audio,0
DdUJojoFU_c$_$15,17,43,audio,0
DdUJojoFU_c$_$15,17,44,audio,0
DdUJojoFU_c$_$15,17,45,audio,0
DdUJojoFU_c$_$15,17,46,audio,0
DdUJojoFU_c$_$15,17,47,audio,0
DdUJojoFU_c$_$15,17,48,audio,0
DdUJojoFU_c$_$15,17,49,audio,0
_7HVhnSYX1Y$_$26,18,0,audio,0
_7HVhnSYX1Y$_$26,18,1,audio,2
_7HVhnSYX1Y$_$26,18,2,audio,2
_7HVhnSYX1Y$_$26,18,3,audio,2
_7HVhnSYX1Y$_$26,18,4,audio,2
_7HVhnSYX1Y$_$26,18,5,audio,2
_7HVhnSYX1Y$_$26,18,6,audio,2
_7HVhnSYX1Y$_$26,18,7,audio,2
_7HVhnSYX1Y$_$26,18,8,audio,2
_7HVhnSYX1Y$_$26,18,9,audio,2
_7HVhnSYX1Y$_$26,18,10,audio,2
_7HVhnSYX1Y$_$26,18,11,audio,2
_7HVhnSYX1Y$_$26,18,12,audio,2
_7HVhnSYX1Y$_$26,18,13,audio,2
_7HVhnSYX1Y$_$26,18,14,audio,2
_7HVhnSYX1Y$_$26,18,15,audio,2
_7HVhnSYX1Y$_$26,18,16,audio,2
_7HVhnSYX1Y$_$26,18,17,audio,0
_7HVhnSYX1Y$_$26,18,18,audio,0
_7HVhnSYX1Y$_$26,18,19,audio,0
_7HVhnSYX1Y$_$26,18,20,audio,0
_7HVhnSYX1Y$_$26,18,21,audio,0
_7HVhnSYX1Y$_$26,18,22,audio,0
_7HVhnSYX1Y$_$26,18,23,audio,0
_7HVhnSYX1Y$_$26,18,24,audio,0
_7HVhnSYX1Y$_$26,18,25,audio,0
_7HVhnSYX1Y$_$26,18,26,audio,0
_7HVhnSYX1Y$_$26,18,27,audio,0
_7HVhnSYX1Y$_$26,18,28,audio,0
_7HVhnSYX1Y$_$26,18,29,audio,0
_7HVhnSYX1Y$_$26,18,30,audio,0
_7HVhnSYX1Y$_$26,18,31,audio,0
_7HVhnSYX1Y$_$26,18,32,audio,0
_7HVhnSYX1Y$_$26,18,33,audio,0
_7HVhnSYX1Y$_$26,18,34,audio,0
_7HVhnSYX1Y$_$26,18,35,audio,0
_7HVhnSYX1Y$_$26,18,36,audio,0
_7HVhnSYX1Y$_$26,18,37,audio,0
_7HVhnSYX1Y$_$26,18,38,audio,0
_7HVhnSYX1Y$_$26,18,39,audio,0
_7HVhnSYX1Y$_$26,18,40,audio,0
_7HVhnSYX1Y$_$26,18,41,audio,0
_7HVhnSYX1Y$_$26,18,42,audio,0
_7HVhnSYX1Y$_$26,18,43,audio,0
_7HVhnSYX1Y$_$26,18,44,audio,0
_7HVhnSYX1Y$_$26,18,45,audio,0
_7HVhnSYX1Y$_$26,18,46,audio,0
_7HVhnSYX1Y$_$26,18,47,audio,0
_7HVhnSYX1Y$_$26,18,48,audio,0
_7HVhnSYX1Y$_$26,18,49,audio,0
1HK7Nea0PFo$_$1,19,0,audio,0
1HK7Nea0PFo$_$1,19,1,audio,2
1HK7Nea0PFo$_$1,19,2,audio,2
1HK7Nea0PFo$_$1,19,3,audio,2
1HK7Nea0PFo$_$1,19,4,audio,2
1HK7Nea0PFo$_$1,19,5,audio,2
1HK7Nea0PFo$_$1,19,6,audio,2
1HK7Nea0PFo$_$1,19,7,audio,2
1HK7Nea0PFo$_$1,19,8,audio,2
1HK7Nea0PFo$_$1,19,9,audio,2
1HK7Nea0PFo$_$1,19,10,audio,2
1HK7Nea0PFo$_$1,19,11,audio,2
1HK7Nea0PFo$_$1,19,12,audio,2
1HK7Nea0PFo$_$1,19,13,audio,2
1HK7Nea0PFo$_$1,19,14,audio,2
1HK7Nea0PFo$_$1,19,15,audio,2
1HK7Nea0PFo$_$1,19,16,audio,2
1HK7Nea0PFo$_$1,19,17,audio,2
1HK7Nea0PFo$_$1,19,18,audio,0
1HK7Nea0PFo$_$1,19,19,audio,0
1HK7Nea0PFo$_$1,19,20,audio,0
1HK7Nea0PFo$_$1,19,21,audio,0
1HK7Nea0PFo$_$1,19,22,audio,0
1HK7Nea0PFo$_$1,19,23,audio,0
1HK7Nea0PFo$_$1,19,24,audio,0
1HK7Nea0PFo$_$1,19,25,audio,0
1HK7Nea0PFo$_$1,19,26,audio,0
1HK7Nea0PFo$_$1,19,27,audio,0
1HK7Nea0PFo$_$1,19,28,audio,0
1HK7Nea0PFo$_$1,19,29,audio,0
1HK7Nea0PFo$_$1,19,30,audio,0
1HK7Nea0PFo$_$1,19,31,audio,0
1HK7Nea0PFo$_$1,19,32,audio,0
1HK7Nea0PFo$_$1,19,33,audio,0
1HK7Nea0PFo$_$1,19,34,audio,0
1HK7Nea0PFo$_$1,19,35,audio,0
1HK7Nea0PFo$_$1,19,36,audio,0
1HK7Nea0PFo$_$1,19,37,audio,0
1HK7Nea0PFo$_$1,19,38,audio,0
1HK7Nea0PFo$_$1,19,39,audio,0
1HK7Nea0PFo$_$1,19,40,audio,0
1HK7Nea0PFo$_$1,19,41,audio,0
1HK7Nea0PFo$_$1,19,42,audio,0
1HK7Nea0PFo$_$1,19,43,audio,0
1HK7Nea0PFo$_$1,19,44,audio,0
1HK7Nea0PFo$_$1,19,45,audio,0
1HK7Nea0PFo$_$1,19,46,audio,0
1HK7Nea0PFo$_$1,19,47,audio,0
1HK7Nea0PFo$_$1,19,48,audio,0
1HK7Nea0PFo$_$1,19,49,audio,0
OrYBtyO0aPI$_$1,20,0,audio,0
OrYBtyO0aPI$_$1,20,1,audio,2
OrYBtyO0aPI$_$1,20,2,audio,2
OrYBtyO0aPI$_$1,20,3,audio,2
OrYBtyO0aPI$_$1,20,4,audio,2
OrYBtyO0aPI$_$1,20,5,audio,2
OrYBtyO0aPI$_$1,20,6,audio,2
OrYBtyO0aPI$_$1,20,7,audio,2
OrYBtyO0aPI$_$1,20,8,audio,2
OrYBtyO0aPI$_$1,20,9,audio,2
OrYBtyO0aPI$_$1,20,10,audio,2
OrYBtyO0aPI$_$1,20,11,audio,2
OrYBtyO0aPI$_$1,20,12,audio,2
OrYBtyO0aPI$_$1,20,13,audio,2
OrYBtyO0aPI$_$1,20,14,audio,2
OrYBtyO0aPI$_$1,20,15,audio,2
OrYBtyO0aPI$_$1,20,16,audio,2
OrYBtyO0aPI$_$1,20,17,audio,2
OrYBtyO0aPI$_$1,20,18,audio,0
OrYBtyO0aPI$_$1,20,19,audio,0
OrYBtyO0aPI$_$1,20,20,audio,0
OrYBtyO0aPI$_$1,20,21,audio,0
OrYBtyO0aPI$_$1,20,22,audio,0
OrYBtyO0aPI$_$1,20,23,audio,0
OrYBtyO0aPI$_$1,20,24,audio,0
OrYBtyO0aPI$_$1,20,25,audio,0
OrYBtyO0aPI$_$1,20,26,audio,0
OrYBtyO0aPI$_$1,20,27,audio,0
OrYBtyO0aPI$_$1,20,28,audio,0
OrYBtyO0aPI$_$1,20,29,audio,0
OrYBtyO0aPI$_$1,20,30,audio,0
OrYBtyO0aPI$_$1,20,31,audio,0
OrYBtyO0aPI$_$1,20,32,audio,0
OrYBtyO0aPI$_$1,20,33,audio,0
OrYBtyO0aPI$_$1,20,34,audio,0
OrYBtyO0aPI$_$1,20,35,audio,0
OrYBtyO0aPI$_$1,20,36,audio,0
OrYBtyO0aPI$_$1,20,37,audio,0
OrYBtyO0aPI$_$1,20,38,audio,0
OrYBtyO0aPI$_$1,20,39,audio,0
OrYBtyO0aPI$_$1,20,40,audio,0
OrYBtyO0aPI$_$1,20,41,audio,0
OrYBtyO0aPI$_$1,20,42,audio,0
OrYBtyO0aPI$_$1,20,43,audio,0
OrYBtyO0aPI$_$1,20,44,audio,0
OrYBtyO0aPI$_$1,20,45,audio,0
OrYBtyO0aPI$_$1,20,46,audio,0
OrYBtyO0aPI$_$1,20,47,audio,0
OrYBtyO0aPI$_$1,20,48,audio,0
OrYBtyO0aPI$_$1,20,49,audio,0
128763$_$12,21,0,audio,0
128763$_$12,21,1,audio,2
128763$_$12,21,2,audio,2
128763$_$12,21,3,audio,2
128763$_$12,21,4,audio,2
128763$_$12,21,5,audio,2
128763$_$12,21,6,audio,2
128763$_$12,21,7,audio,2
128763$_$12,21,8,audio,2
128763$_$12,21,9,audio,2
128763$_$12,21,10,audio,2
128763$_$12,21,11,audio,2
128763$_$12,21,12,audio,2
128763$_$12,21,13,audio,2
128763$_$12,21,14,audio,2
128763$_$12,21,15,audio,2
128763$_$12,21,16,audio,2
128763$_$12,21,17,audio,2
128763$_$12,21,18,audio,2
128763$_$12,21,19,audio,0
128763$_$12,21,20,audio,0
128763$_$12,21,21,audio,0
128763$_$12,21,22,audio,0
128763$_$12,21,23,audio,0
128763$_$12,21,24,audio,0
128763$_$12,21,25,audio,0
128763$_$12,21,26,audio,0
128763$_$12,21,27,audio,0
128763$_$12,21,28,audio,0
128763$_$12,21,29,audio,0
128763$_$12,21,30,audio,0
128763$_$12,21,31,audio,0
128763$_$12,21,32,audio,0
128763$_$12,21,33,audio,0
128763$_$12,21,34,audio,0
128763$_$12,21,35,audio,0
128763$_$12,21,36,audio,0
128763$_$12,21,37,audio,0
128763$_$12,21,38,audio,0
128763$_$12,21,39,audio,0
128763$_$12,21,40,audio,0
128763$_$12,21,41,audio,0
128763$_$12,21,42,audio,0
128763$_$12,21,43,audio,0
128763$_$12,21,44,audio,0
128763$_$12,21,45,audio,0
128763$_$12,21,46,audio,0
128763$_$12,21,47,audio,0
128763$_$12,21,48,audio,0
128763$_$12,21,49,audio,0
E8MuzHUhUHk$_$14,22,0,audio,0
E8MuzHUhUHk$_$14,22,1,audio,2
E8MuzHUhUHk$_$14,22,2,audio,2
E8MuzHUhUHk$_$14,22,3,audio,2
E8MuzHUhUHk$_$14,22,4,audio,2
E8MuzHUhUHk$_$14,22,5,audio,2
E8MuzHUhUHk$_$14,22,6,audio,2
E8MuzHUhUHk$_$14,22,7,audio,2
E8MuzHUhUHk$_$14,22,8,audio,2
E8MuzHUhUHk$_$14,22,9,audio,2
E8MuzHUhUHk$_$14,22,10,audio,2
E8MuzHUhUHk$_$14,22,11,audio,2
E8MuzHUhUHk$_$14,22,12,audio,2
E8MuzHUhUHk$_$14,22,13,audio,2
E8MuzHUhUHk$_$14,22,14,audio,2
E8MuzHUhUHk$_$14,22,15,audio,2
E8MuzHUhUHk$_$14,22,16,audio,2
E8MuzHUhUHk$_$14,22,17,audio,2
E8MuzHUhUHk$_$14,22,18,audio,2
E8MuzHUhUHk$_$14,22,19,audio,0
E8MuzHUhUHk$_$14,22,20,audio,0
E8MuzHUhUHk$_$14,22,21,audio,0
E8MuzHUhUHk$_$14,22,22,audio,0
E8MuzHUhUHk$_$14,22,23,audio,0
E8MuzHUhUHk$_$14,22,24,audio,0
E8MuzHUhUHk$_$14,22,25,audio,0
E8MuzHUhUHk$_$14,22,26,audio,0
E8MuzHUhUHk$_$14,22,27,audio,0
E8MuzHUhUHk$_$14,22,28,audio,0
E8MuzHUhUHk$_$14,22,29,audio,0
E8MuzHUhUHk$_$14,22,30,audio,0
E8MuzHUhUHk$_$14,22,31,audio,0
E8MuzHUhUHk$_$14,22,32,audio,0
E8MuzHUhUHk$_$14,22,33,audio,0
E8MuzHUhUHk$_$14,22,34,audio,0
E8MuzHUhUHk$_$14,22,35,audio,0
E8MuzHUhUHk$_$14,22,36,audio,0
E8MuzHUhUHk$_$14,22,37,audio,0
E8MuzHUhUHk$_$14,22,38,audio,0
E8MuzHUhUHk$_$14,22,39,audio,0
E8MuzHUhUHk$_$14,22,40,audio,0
E8MuzHUhUHk$_$14,22,41,audio,0
E8MuzHUhUHk$_$14,22,42,audio,0
E8MuzHUhUHk$_$14,22,43,audio,0
E8MuzHUhUHk$_$14,22,44,audio,0
E8MuzHUhUHk$_$14,22,45,audio,0
E8MuzHUhUHk$_$14,22,46,audio,0
E8MuzHUhUHk$_$14,22,47,audio,0
E8MuzHUhUHk$_$14,22,48,audio,0
E8MuzHUhUHk$_$14,22,49,audio,0
bWunvAd96zI$_$1,23,0,audio,0
bWunvAd96zI$_$1,23,1,audio,2
bWunvAd96zI$_$1,23,2,audio,2
bWunvAd96zI$_$1,23,3,audio,2
bWunvAd96zI$_$1,23,4,audio,2
bWunvAd96zI$_$1,23,5,audio,2
bWunvAd96zI$_$1,23,6,audio,2
bWunvAd96zI$_$1,23,7,audio,2
bWunvAd96zI$_$1,23,8,audio,2
bWunvAd96zI$_$1,23,9,audio,2
bWunvAd96zI$_$1,23,10,audio,2
bWunvAd96zI$_$1,23,11,audio,2
bWunvAd96zI$_$1,23,12,audio,2
bWunvAd96zI$_$1,23,13,audio,2
bWunvAd96zI$_$1,23,14,audio,2
bWunvAd96zI$_$1,23,15,audio,2
bWunvAd96zI$_$1,23,16,audio,2
bWunvAd96zI$_$1,23,17,audio,2
bWunvAd96zI$_$1,23,18,audio,2
bWunvAd96zI$_$1,23,19,audio,0
bWunvAd96zI$_$1,23,20,audio,0
bWunvAd96zI$_$1,23,21,audio,0
bWunvAd96zI$_$1,23,22,audio,0
bWunvAd96zI$_$1,23,23,audio,0
bWunvAd96zI$_$1,23,24,audio,0
bWunvAd96zI$_$1,23,25,audio,0
bWunvAd96zI$_$1,23,26,audio,0
bWunvAd96zI$_$1,23,27,audio,0
bWunvAd96zI$_$1,23,28,audio,0
bWunvAd96zI$_$1,23,29,audio,0
bWunvAd96zI$_$1,23,30,audio,0
bWunvAd96zI$_$1,23,31,audio,0
bWunvAd96zI$_$1,23,32,audio,0
bWunvAd96zI$_$1,23,33,audio,0
bWunvAd96zI$_$1,23,34,audio,0
bWunvAd96zI$_$1,23,35,audio,0
bWunvAd96zI$_$1,23,36,audio,0
bWunvAd96zI$_$1,23,37,audio,0
bWunvAd96zI$_$1,23,38,audio,0
bWunvAd96zI$_$1,23,39,audio,0
bWunvAd96zI$_$1,23,40,audio,0
bWunvAd96zI$_$1,23,41,audio,0
bWunvAd96zI$_$1,23,42,audio,0
bWunvAd96zI$_$1,23,43,audio,0
bWunvAd96zI$_$1,23,44,audio,0
bWunvAd96zI$_$1,23,45,audio,0
bWunvAd96zI$_$1,23,46,audio,0
bWunvAd96zI$_$1,23,47,audio,0
bWunvAd96zI$_$1,23,48,audio,0
bWunvAd96zI$_$1,23,49,audio,0
3MFNIag0wNE$_$7,24,0,audio,0
3MFNIag0wNE$_$7,24,1,audio,2
3MFNIag0wNE$_$7,24,2,audio,2
3MFNIag0wNE$_$7,24,3,audio,2
3MFNIag0wNE$_$7,24,4,audio,2
3MFNIag0wNE$_$7,24,5,audio,2
3MFNIag0wNE$_$7,24,6,audio,2
3MFNIag0wNE$_$7,24,7,audio,2
3MFNIag0wNE$_$7,24,8,audio,2
3MFNIag0wNE$_$7,24,9,audio,2
3MFNIag0wNE$_$7,24,10,audio,2
3MFNIag0wNE$_$7,24,11,audio,2
3MFNIag0wNE$_$7,24,12,audio,2
3MFNIag0wNE$_$7,24,13,audio,2
3MFNIag0wNE$_$7,24,14,audio,2
3MFNIag0wNE$_$7,24,15,audio,2
3MFNIag0wNE$_$7,24,16,audio,2
3MFNIag0wNE$_$7,24,17,audio,2
3MFNIag0wNE$_$7,24,18,audio,2
3MFNIag0wNE$_$7,24,19,audio,2
3MFNIag0wNE$_$7,24,20,audio,0
3MFNIag0wNE$_$7,24,21,audio,0
3MFNIag0wNE$_$7,24,22,audio,0
3MFNIag0wNE$_$7,24,23,audio,0
3MFNIag0wNE$_$7,24,24,audio,0
3MFNIag0wNE$_$7,24,25,audio,0
3MFNIag0wNE$_$7,24,26,audio,0
3MFNIag0wNE$_$7,24,27,audio,0
3MFNIag0wNE$_$7,24,28,audio,0
3MFNIag0wNE$_$7,24,29,audio,0
3MFNIag0wNE$_$7,24,30,audio,0
3MFNIag0wNE$_$7,24,31,audio,0
3MFNIag0wNE$_$7,24,32,audio,0
3MFNIag0wNE$_$7,24,33,audio,0
3MFNIag0wNE$_$7,24,34,audio,0
3MFNIag0wNE$_$7,24,35,audio,0
3MFNIag0wNE$_$7,24,36,audio,0
3MFNIag0wNE$_$7,24,37,audio,0
3MFNIag0wNE$_$7,24,38,audio,0
3MFNIag0wNE$_$7,24,39,audio,0
3MFNIag0wNE$_$7,24,40,audio,0
3MFNIag0wNE$_$7,24,41,audio,0
3MFNIag0wNE$_$7,24,42,audio,0
3MFNIag0wNE$_$7,24,43,audio,0
3MFNIag0wNE$_$7,24,44,audio,0
3MFNIag0wNE$_$7,24,45,audio,0
3MFNIag0wNE$_$7,24,46,audio,0
3MFNIag0wNE$_$7,24,47,audio,0
3MFNIag0wNE$_$7,24,48,audio,0
3MFNIag0wNE$_$7,24,49,audio,0
goMtnNHQ_z4$_$2,25,0,audio,0
goMtnNHQ_z4$_$2,25,1,audio,2
goMtnNHQ_z4$_$2,25,2,audio,2
goMtnNHQ_z4$_$2,25,3,audio,2
goMtnNHQ_z4$_$2,25,4,audio,2
goMtnNHQ_z4$_$2,25,5,audio,2
goMtnNHQ_z4$_$2,25,6,audio,2
goMtnNHQ_z4$_$2,25,7,audio,2
goMtnNHQ_z4$_$2,25,8,audio,2
goMtnNHQ_z4$_$2,25,9,audio,2
goMtnNHQ_z4$_$2,25,10,audio,2
goMtnNHQ_z4$_$2,25,11,audio,2
goMtnNHQ_z4$_$2,25,12,audio,2
goMtnNHQ_z4$_$2,25,13,audio,2
goMtnNHQ_z4$_$2,25,14,audio,2
goMtnNHQ_z4$_$2,25,15,audio,2
goMtnNHQ_z4$_$2,25,16,audio,2
goMtnNHQ_z4$_$2,25,17,audio,2
goMtnNHQ_z4$_$2,25,18,audio,2
goMtnNHQ_z4$_$2,25,19,audio,2
goMtnNHQ_z4$_$2,25,20,audio,0
goMtnNHQ_z4$_$2,25,21,audio,0
goMtnNHQ_z4$_$2,25,22,audio,0
goMtnNHQ_z4$_$2,25,23,audio,0
goMtnNHQ_z4$_$2,25,24,audio,0
goMtnNHQ_z4$_$2,25,25,audio,0
goMtnNHQ_z4$_$2,25,26,audio,0
goMtnNHQ_z4$_$2,25,27,audio,0
goMtnNHQ_z4$_$2,25,28,audio,0
goMtnNHQ_z4$_$2,25,29,audio,0
goMtnNHQ_z4$_$2,25,30,audio,0
goMtnNHQ_z4$_$2,25,31,audio,0
goMtnNHQ_z4$_$2,25,32,audio,0
goMtnNHQ_z4$_$2,25,33,audio,0
goMtnNHQ_z4$_$2,25,34,audio,0
goMtnNHQ_z4$_$2,25,35,audio,0
goMtnNHQ_z4$_$2,25,36,audio,0
goMtnNHQ_z4$_$2,25,37,audio,0
goMtnNHQ_z4$_$2,25,38,audio,0
goMtnNHQ_z4$_$2,25,39,audio,0
goMtnNHQ_z4$_$2,25,40,audio,0
goMtnNHQ_z4$_$2,25,41,audio,0
goMtnNHQ_z4$_$2,25,42,audio,0
goMtnNHQ_z4$_$2,25,43,audio,0
goMtnNHQ_z4$_$2,25,44,audio,0
goMtnNHQ_z4$_$2,25,45,audio,0
goMtnNHQ_z4$_$2,25,46,audio,0
goMtnNHQ_z4$_$2,25,47,audio,0
goMtnNHQ_z4$_$2,25,48,audio,0
goMtnNHQ_z4$_$2,25,49,audio,0
2S00zYaVrtc$_$4,26,0,audio,0
2S00zYaVrtc$_$4,26,1,audio,2
2S00zYaVrtc$_$4,26,2,audio,2
2S00zYaVrtc$_$4,26,3,audio,2
2S00zYaVrtc$_$4,26,4,audio,2
2S00zYaVrtc$_$4,26,5,audio,2
2S00zYaVrtc$_$4,26,6,audio,2
2S00zYaVrtc$_$4,26,7,audio,2
2S00zYaVrtc$_$4,26,8,audio,2
2S00zYaVrtc$_$4,26,9,audio,2
2S00zYaVrtc$_$4,26,10,audio,2
2S00zYaVrtc$_$4,26,11,audio,2
2S00zYaVrtc$_$4,26,12,audio,2
2S00zYaVrtc$_$4,26,13,audio,2
2S00zYaVrtc$_$4,26,14,audio,2
2S00zYaVrtc$_$4,26,15,audio,2
2S00zYaVrtc$_$4,26,16,audio,2
2S00zYaVrtc$_$4,26,17,audio,2
2S00zYaVrtc$_$4,26,18,audio,2
2S00zYaVrtc$_$4,26,19,audio,2
2S00zYaVrtc$_$4,26,20,audio,2
2S00zYaVrtc$_$4,26,21,audio,0
2S00zYaVrtc$_$4,26,22,audio,0
2S00zYaVrtc$_$4,26,23,audio,0
2S00zYaVrtc$_$4,26,24,audio,0
2S00zYaVrtc$_$4,26,25,audio,0
2S00zYaVrtc$_$4,26,26,audio,0
2S00zYaVrtc$_$4,26,27,audio,0
2S00zYaVrtc$_$4,26,28,audio,0
2S00zYaVrtc$_$4,26,29,audio,0
2S00zYaVrtc$_$4,26,30,audio,0
2S00zYaVrtc$_$4,26,31,audio,0
2S00zYaVrtc$_$4,26,32,audio,0
2S00zYaVrtc$_$4,26,33,audio,0
2S00zYaVrtc$_$4,26,34,audio,0
2S00zYaVrtc$_$4,26,35,audio,0
2S00zYaVrtc$_$4,26,36,audio,0
2S00zYaVrtc$_$4,26,37,audio,0
2S00zYaVrtc$_$4,26,38,audio,0
2S00zYaVrtc$_$4,26,39,audio,0
2S00zYaVrtc$_$4,26,40,audio,0
2S00zYaVrtc$_$4,26,41,audio,0
2S00zYaVrtc$_$4,26,42,audio,0
2S00zYaVrtc$_$4,26,43,audio,0
2S00zYaVrtc$_$4,26,44,audio,0
2S00zYaVrtc$_$4,26,45,audio,0
2S00zYaVrtc$_$4,26,46,audio,0
2S00zYaVrtc$_$4,26,47,audio,0
2S00zYaVrtc$_$4,26,48,audio,0
2S00zYaVrtc$_$4,26,49,audio,0
TXCXFYIc3Yo$_$2,27,0,audio,0
TXCXFYIc3Yo$_$2,27,1,audio,2
TXCXFYIc3Yo$_$2,27,2,audio,2
TXCXFYIc3Yo$_$2,27,3,audio,2
TXCXFYIc3Yo$_$2,27,4,audio,2
TXCXFYIc3Yo$_$2,27,5,audio,2
TXCXFYIc3Yo$_$2,27,6,audio,2
TXCXFYIc3Yo$_$2,27,7,audio,2
TXCXFYIc3Yo$_$2,27,8,audio,2
TXCXFYIc3Yo$_$2,27,9,audio,2
TXCXFYIc3Yo$_$2,27,10,audio,2
TXCXFYIc3Yo$_$2,27,11,audio,2
TXCXFYIc3Yo$_$2,27,12,audio,2
TXCXFYIc3Yo$_$2,27,13,audio,2
TXCXFYIc3Yo$_$2,27,14,audio,2
TXCXFYIc3Yo$_$2,27,15,audio,2
TXCXFYIc3Yo$_$2,27,16,audio,2
TXCXFYIc3Yo$_$2,27,17,audio,2
TXCXFYIc3Yo$_$2,27,18,audio,2
TXCXFYIc3Yo$_$2,27,19,audio,2
TXCXFYIc3Yo$_$2,27,20,audio,2
TXCXFYIc3Yo$_$2,27,21,audio,0
TXCXFYIc3Yo$_$2,27,22,audio,0
TXCXFYIc3Yo$_$2,27,23,audio,0
TXCXFYIc3Yo$_$2,27,24,audio,0
TXCXFYIc3Yo$_$2,27,25,audio,0
TXCXFYIc3Yo$_$2,27,26,audio,0
TXCXFYIc3Yo$_$2,27,27,audio,0
TXCXFYIc3Yo$_$2,27,28,audio,0
TXCXFYIc3Yo$_$2,27,29,audio,0
TXCXFYIc3Yo$_$2,27,30,audio,0
TXCXFYIc3Yo$_$2,27,31,audio,0
TXCXFYIc3Yo$_$2,27,32,audio,0
TXCXFYIc3Yo$_$2,27,33,audio,0
TXCXFYIc3Yo$_$2,27,34,audio,0
TXCXFYIc3Yo$_$2,27,35,audio,0
TXCXFYIc3Yo$_$2,27,36,audio,0
TXCXFYIc3Yo$_$2,27,37,audio,0
TXCXFYIc3Yo$_$2,27,38,audio,0
TXCXFYIc3Yo$_$2,27,39,audio,0
TXCXFYIc3Yo$_$2,27,40,audio,0
TXCXFYIc3Yo$_$2,27,41,audio,0
TXCXFYIc3Yo$_$2,27,42,audio,0
TXCXFYIc3Yo$_$2,27,43,audio,0
TXCXFYIc3Yo$_$2,27,44,audio,0
TXCXFYIc3Yo$_$2,27,45,audio,0
TXCXFYIc3Yo$_$2,27,46,audio,0
TXCXFYIc3Yo$_$2,27,47,audio,0
TXCXFYIc3Yo$_$2,27,48,audio,0
TXCXFYIc3Yo$_$2,27,49,audio,0
EEjCkc82oyk$_$9,28,0,audio,0
EEjCkc82oyk$_$9,28,1,audio,2
EEjCkc82oyk$_$9,28,2,audio,2
EEjCkc82oyk$_$9,28,3,audio,2
EEjCkc82oyk$_$9,28,4,audio,2
EEjCkc82oyk$_$9,28,5,audio,2
EEjCkc82oyk$_$9,28,6,audio,2
EEjCkc82oyk$_$9,28,7,audio,2
EEjCkc82oyk$_$9,28,8,audio,2
EEjCkc82oyk$_$9,28,9,audio,2
EEjCkc82oyk$_$9,28,10,audio,2
EEjCkc82oyk$_$9,28,11,audio,2
EEjCkc82oyk$_$9,28,12,audio,2
EEjCkc82oyk$_$9,28,13,audio,2
EEjCkc82oyk$_$9,28,14,audio,2
EEjCkc82oyk$_$9,28,15,audio,2
EEjCkc82oyk$_$9,28,16,audio,2
EEjCkc82oyk$_$9,28,17,audio,2
EEjCkc82oyk$_$9,28,18,audio,2
EEjCkc82oyk$_$9,28,19,audio,2
EEjCkc82oyk$_$9,28,20,audio,2
EEjCkc82oyk$_$9,28,21,audio,2
EEjCkc82oyk$_$9,28,22,audio,0
EEjCkc82oyk$_$9,28,23,audio,0
EEjCkc82oyk$_$9,28,24,audio,0
EEjCkc82oyk$_$9,28,25,audio,0
EEjCkc82oyk$_$9,28,26,audio,0
EEjCkc82oyk$_$9,28,27,audio,0
EEjCkc82oyk$_$9,28,28,audio,0
EEjCkc82oyk$_$9,28,29,audio,0
EEjCkc82oyk$_$9,28,30,audio,0
EEjCkc82oyk$_$9,28,31,audio,0
EEjCkc82oyk$_$9,28,32,audio,0
EEjCkc82oyk$_$9,28,33,audio,0
EEjCkc82oyk$_$9,28,34,audio,0
EEjCkc82oyk$_$9,28,35,audio,0
EEjCkc82oyk$_$9,28,36,audio,0
EEjCkc82oyk$_$9,28,37,audio,0
EEjCkc82oyk$_$9,28,38,audio,0
EEjCkc82oyk$_$9,28,39,audio,0
EEjCkc82oyk$_$9,28,40,audio,0
EEjCkc82oyk$_$9,28,41,audio,0
EEjCkc82oyk$_$9,28,42,audio,0
EEjCkc82oyk$_$9,28,43,audio,0
EEjCkc82oyk$_$9,28,44,audio,0
EEjCkc82oyk$_$9,28,45,audio,0
EEjCkc82oyk$_$9,28,46,audio,0
EEjCkc82oyk$_$9,28,47,audio,0
EEjCkc82oyk$_$9,28,48,audio,0
EEjCkc82oyk$_$9,28,49,audio,0
goMtnNHQ_z4$_$13,29,0,audio,0
goMtnNHQ_z4$_$13,29,1,audio,2
goMtnNHQ_z4$_$13,29,2,audio,2
goMtnNHQ_z4$_$13,29,3,audio,2
goMtnNHQ_z4$_$13,29,4,audio,2
goMtnNHQ_z4$_$13,29,5,audio,2
goMtnNHQ_z4$_$13,29,6,audio,2
goMtnNHQ_z4$_$13,29,7,audio,2
goMtnNHQ_z4$_$13,29,8,audio,2
goMtnNHQ_z4$_$13,29,9,audio,2
goMtnNHQ_z4$_$13,29,10,audio,2
goMtnNHQ_z4$_$13,29,11,audio,2
goMtnNHQ_z4$_$13,29,12,audio,2
goMtnNHQ_z4$_$13,29,13,audio,2
goMtnNHQ_z4$_$13,29,14,audio,2
goMtnNHQ_z4$_$13,29,15,audio,2
goMtnNHQ_z4$_$13,29,16,audio,2
goMtnNHQ_z4$_$13,29,17,audio,2
goMtnNHQ_z4$_$13,29,18,audio,2
goMtnNHQ_z4$_$13,29,19,audio,2
goMtnNHQ_z4$_$13,29,20,audio,2
goMtnNHQ_z4$_$13,29,21,audio,2
goMtnNHQ_z4$_$13,29,22,audio,0
goMtnNHQ_z4$_$13,29,23,audio,0
goMtnNHQ_z4$_$13,29,24,audio,0
goMtnNHQ_z4$_$13,29,25,audio,0
goMtnNHQ_z4$_$13,29,26,audio,0
goMtnNHQ_z4$_$13,29,27,audio,0
goMtnNHQ_z4$_$13,29,28,audio,0
goMtnNHQ_z4$_$13,29,29,audio,0
goMtnNHQ_z4$_$13,29,30,audio,0
goMtnNHQ_z4$_$13,29,31,audio,0
goMtnNHQ_z4$_$13,29,32,audio,0
goMtnNHQ_z4$_$13,29,33,audio,0
goMtnNHQ_z4$_$13,29,34,audio,0
goMtnNHQ_z4$_$13,29,35,audio,0
goMtnNHQ_z4$_$13,29,36,audio,0
goMtnNHQ_z4$_$13,29,37,audio,0
goMtnNHQ_z4$_$13,29,38,audio,0
goMtnNHQ_z4$_$13,29,39,audio,0
goMtnNHQ_z4$_$13,29,40,audio,0
goMtnNHQ_z4$_$13,29,41,audio,0
goMtnNHQ_z4$_$13,29,42,audio,0
goMtnNHQ_z4$_$13,29,43,audio,0
goMtnNHQ_z4$_$13,29,44,audio,0
goMtnNHQ_z4$_$13,29,45,audio,0
goMtnNHQ_z4$_$13,29,46,audio,0
goMtnNHQ_z4$_$13,29,47,audio,0
goMtnNHQ_z4$_$13,29,48,audio,0
goMtnNHQ_z4$_$13,29,49,audio,0
3j94B0pzSVs$_$17,30,0,audio,0
3j94B0pzSVs$_$17,30,1,audio,2
3j94B0pzSVs$_$17,30,2,audio,2
3j94B0pzSVs$_$17,30,3,audio,2
3j94B0pzSVs$_$17,30,4,audio,2
3j94B0pzSVs$_$17,30,5,audio,2
3j94B0pzSVs$_$17,30,6,audio,2
3j94B0pzSVs$_$17,30,7,audio,2
3j94B0pzSVs$_$17,30,8,audio,2
3j94B0pzSVs$_$17,30,9,audio,2
3j94B0pzSVs$_$17,30,10,audio,2
3j94B0pzSVs$_$17,30,11,audio,2
3j94B0pzSVs$_$17,30,12,audio,2
3j94B0pzSVs$_$17,30,13,audio,2
3j94B0pzSVs$_$17,30,14,audio,2
3j94B0pzSVs$_$17,30,15,audio,2
3j94B0pzSVs$_$17,30,16,audio,2
3j94B0pzSVs$_$17,30,17,audio,2
3j94B0pzSVs$_$17,30,18,audio,2
3j94B0pzSVs$_$17,30,19,audio,2
3j94B0pzSVs$_$17,30,20,audio,2
3j94B0pzSVs$_$17,30,21,audio,2
3j94B0pzSVs$_$17,30,22,audio,2
3j94B0pzSVs$_$17,30,23,audio,0
3j94B0pzSVs$_$17,30,24,audio,0
3j94B0pzSVs$_$17,30,25,audio,0
3j94B0pzSVs$_$17,30,26,audio,0
3j94B0pzSVs$_$17,30,27,audio,0
3j94B0pzSVs$_$17,30,28,audio,0
3j94B0pzSVs$_$17,30,29,audio,0
3j94B0pzSVs$_$17,30,30,audio,0
3j94B0pzSVs$_$17,30,31,audio,0
3j94B0pzSVs$_$17,30,32,audio,0
3j94B0pzSVs$_$17,30,33,audio,0
3j94B0pzSVs$_$17,30,34,audio,0
3j94B0pzSVs$_$17,30,35,audio,0
3j94B0pzSVs$_$17,30,36,audio,0
3j94B0pzSVs$_$17,30,37,audio,0
3j94B0pzSVs$_$17,30,38,audio,0
3j94B0pzSVs$_$17,30,39,audio,0
3j94B0pzSVs$_$17,30,40,audio,0
3j94B0pzSVs$_$17,30,41,audio,0
3j94B0pzSVs$_$17,30,42,audio,0
3j94B0pzSVs$_$17,30,43,audio,0
3j94B0pzSVs$_$17,30,44,audio,0
3j94B0pzSVs$_$17,30,45,audio,0
3j94B0pzSVs$_$17,30,46,audio,0
3j94B0pzSVs$_$17,30,47,audio,0
3j94B0pzSVs$_$17,30,48,audio,0
3j94B0pzSVs$_$17,30,49,audio,0
ooAF6I-fmTg$_$7,31,0,audio,0
ooAF6I-fmTg$_$7,31,1,audio,2
ooAF6I-fmTg$_$7,31,2,audio,2
ooAF6I-fmTg$_$7,31,3,audio,2
ooAF6I-fmTg$_$7,31,4,audio,2
ooAF6I-fmTg$_$7,31,5,audio,2
ooAF6I-fmTg$_$7,31,6,audio,2
ooAF6I-fmTg$_$7,31,7,audio,2
ooAF6I-fmTg$_$7,31,8,audio,2
ooAF6I-fmTg$_$7,31,9,audio,2
ooAF6I-fmTg$_$7,31,10,audio,2
ooAF6I-fmTg$_$7,31,11,audio,2
ooAF6I-fmTg$_$7,31,12,audio,2
ooAF6I-fmTg$_$7,31,13,audio,2
ooAF6I-fmTg$_$7,31,14,audio,2
ooAF6I-fmTg$_$7,31,15,audio,2
ooAF6I-fmTg$_$7,31,16,audio,2
ooAF6I-fmTg$_$7,31,17,audio,2
ooAF6I-fmTg$_$7,31,18,audio,2
ooAF6I-fmTg$_$7,31,19,audio,2
ooAF6I-fmTg$_$7,31,20,audio,2
ooAF6I-fmTg$_$7,31,21,audio,2
ooAF6I-fmTg$_$7,31,22,audio,2
ooAF6I-fmTg$_$7,31,23,audio,0
ooAF6I-fmTg$_$7,31,24,audio,0
ooAF6I-fmTg$_$7,31,25,audio,0
ooAF6I-fmTg$_$7,31,26,audio,0
ooAF6I-fmTg$_$7,31,27,audio,0
ooAF6I-fmTg$_$7,31,28,audio,0
ooAF6I-fmTg$_$7,31,29,audio,0
ooAF6I-fmTg$_$7,31,30,audio,0
ooAF6I-fmTg$_$7,31,31,audio,0
ooAF6I-fmTg$_$7,31,32,audio,0
ooAF6I-fmTg$_$7,31,33,audio,0
ooAF6I-fmTg$_$7,31,34,audio,0
ooAF6I-fmTg$_$7,31,35,audio,0
ooAF6I-fmTg$_$7,31,36,audio,0
ooAF6I-fmTg$_$7,31,37,audio,0
ooAF6I-fmTg$_$7,31,38,audio,0
ooAF6I-fmTg$_$7,31,39,audio,0
ooAF6I-fmTg$_$7,31,40,audio,0
ooAF6I-fmTg$_$7,31,41,audio,0
ooAF6I-fmTg$_$7,31,42,audio,0
ooAF6I-fmTg$_$7,31,43,audio,0
ooAF6I-fmTg$_$7,31,44,audio,0
ooAF6I-fmTg$_$7,31,45,audio,0
ooAF6I-fmTg$_$7,31,46,audio,0
ooAF6I-fmTg$_$7,31,47,audio,0
ooAF6I-fmTg$_$7,31,48,audio,0
ooAF6I-fmTg$_$7,31,49,audio,0
70280$_$11,32,0,audio,0
70280$_$11,32,1,audio,2
70280$_$11,32,2,audio,2
70280$_$11,32,3,audio,2
70280$_$11,32,4,audio,2
70280$_$11,32,5,audio,2
70280$_$11,32,6,audio,2
70280$_$11,32,7,audio,2
70280$_$11,32,8,audio,2
70280$_$11,32,9,audio,2
70280$_$11,32,10,audio,2
70280$_$11,32,11,audio,2
70280$_$11,32,12,audio,2
70280$_$11,32,13,audio,2
70280$_$11,32,14,audio,2
70280$_$11,32,15,audio,2
70280$_$11,32,16,audio,2
70280$_$11,32,17,audio,2
70280$_$11,32,18,audio,2
70280$_$11,32,19,audio,2
70280$_$11,32,20,audio,2
70280$_$11,32,21,audio,2
70280$_$11,32,22,audio,2
70280$_$11,32,23,audio,2
70280$_$11,32,24,audio,0
70280$_$11,32,25,audio,0
70280$_$11,32,26,audio,0
70280$_$11,32,27,audio,0
70280$_$11,32,28,audio,0
70280$_$11,32,29,audio,0
70280$_$11,32,30,audio,0
70280$_$11,32,31,audio,0
70280$_$11,32,32,audio,0
70280$_$11,32,33,audio,0
70280$_$11,32,34,audio,0
70280$_$11,32,35,audio,0
70280$_$11,32,36,audio,0
70280$_$11,32,37,audio,0
70280$_$11,32,38,audio,0
70280$_$11,32,39,audio,0
70280$_$11,32,40,audio,0
70280$_$11,32,41,audio,0
70280$_$11,32,42,audio,0
70280$_$11,32,43,audio,0
70280$_$11,32,44,audio,0
70280$_$11,32,45,audio,0
70280$_$11,32,46,audio,0
70280$_$11,32,47,audio,0
70280$_$11,32,48,audio,0
70280$_$11,32,49,audio,0
mLW-jn67gRE$_$5,33,0,audio,0
mLW-jn67gRE$_$5,33,1,audio,2
mLW-jn67gRE$_$5,33,2,audio,2
mLW-jn67gRE$_$5,33,3,audio,2
mLW-jn67gRE$_$5,33,4,audio,2
mLW-jn67gRE$_$5,33,5,audio,2
mLW-jn67gRE$_$5,33,6,audio,2
mLW-jn67gRE$_$5,33,7,audio,2
mLW-jn67gRE$_$5,33,8,audio,2
mLW-jn67gRE$_$5,33,9,audio,2
mLW-jn67gRE$_$5,33,10,audio,2
mLW-jn67gRE$_$5,33,11,audio,2
mLW-jn67gRE$_$5,33,12,audio,2
mLW-jn67gRE$_$5,33,13,audio,2
mLW-jn67gRE$_$5,33,14,audio,2
mLW-jn67gRE$_$5,33,15,audio,2
mLW-jn67gRE$_$5,33,16,audio,2
mLW-jn67gRE$_$5,33,17,audio,2
mLW-jn67gRE$_$5,33,18,audio,2
mLW-jn67gRE$_$5,33,19,audio,2
mLW-jn67gRE$_$5,33,20,audio,2
mLW-jn67gRE$_$5,33,21,audio,2
mLW-jn67gRE$_$5,33,22,audio,2
mLW-jn67gRE$_$5,33,23,audio,2
mLW-jn67gRE$_$5,33,24,audio,0
mLW-jn67gRE$_$5,33,25,audio,0
mLW-jn67gRE$_$5,33,26,audio,0
mLW-jn67gRE$_$5,33,27,audio,0
mLW-jn67gRE$_$5,33,28,audio,0
mLW-jn67gRE$_$5,33,29,audio,0
mLW-jn67gRE$_$5,33,30,audio,0
mLW-jn67gRE$_$5,33,31,audio,0
mLW-jn67gRE$_$5,33,32,audio,0
mLW-jn67gRE$_$5,33,33,audio,0
mLW-jn67gRE$_$5,33,34,audio,0
mLW-jn67gRE$_$5,33,35,audio,0
mLW-jn67gRE$_$5,33,36,audio,0
mLW-jn67gRE$_$5,33,37,audio,0
mLW-jn67gRE$_$5,33,38,audio,0
mLW-jn67gRE$_$5,33,39,audio,0
mLW-jn67gRE$_$5,33,40,audio,0
mLW-jn67gRE$_$5,33,41,audio,0
mLW-jn67gRE$_$5,33,42,audio,0
mLW-jn67gRE$_$5,33,43,audio,0
mLW-jn67gRE$_$5,33,44,audio,0
mLW-jn67gRE$_$5,33,45,audio,0
mLW-jn67gRE$_$5,33,46,audio,0
mLW-jn67gRE$_$5,33,47,audio,0
mLW-jn67gRE$_$5,33,48,audio,0
mLW-jn67gRE$_$5,33,49,audio,0
2Xt31_d0XEE$_$2,34,0,audio,0
2Xt31_d0XEE$_$2,34,1,audio,2
2Xt31_d0XEE$_$2,34,2,audio,2
2Xt31_d0XEE$_$2,34,3,audio,2
2Xt31_d0XEE$_$2,34,4,audio,2
2Xt31_d0XEE$_$2,34,5,audio,2
2Xt31_d0XEE$_$2,34,6,audio,2
2Xt31_d0XEE$_$2,34,7,audio,2
2Xt31_d0XEE$_$2,34,8,audio,2
2Xt31_d0XEE$_$2,34,9,audio,2
2Xt31_d0XEE$_$2,34,10,audio,2
2Xt31_d0XEE$_$2,34,11,audio,2
2Xt31_d0XEE$_$2,34,12,audio,2
2Xt31_d0XEE$_$2,34,13,audio,2
2Xt31_d0XEE$_$2,34,14,audio,2
2Xt31_d0XEE$_$2,34,15,audio,2
2Xt31_d0XEE$_$2,34,16,audio,2
2Xt31_d0XEE$_$2,34,17,audio,2
2Xt31_d0XEE$_$2,34,18,audio,2
2Xt31_d0XEE$_$2,34,19,audio,2
2Xt31_d0XEE$_$2,34,20,audio,2
2Xt31_d0XEE$_$2,34,21,audio,2
2Xt31_d0XEE$_$2,34,22,audio,2
2Xt31_d0XEE$_$2,34,23,audio,2
2Xt31_d0XEE$_$2,34,24,audio,2
2Xt31_d0XEE$_$2,34,25,audio,0
2Xt31_d0XEE$_$2,34,26,audio,0
2Xt31_d0XEE$_$2,34,27,audio,0
2Xt31_d0XEE$_$2,34,28,audio,0
2Xt31_d0XEE$_$2,34,29,audio,0
2Xt31_d0XEE$_$2,34,30,audio,0
2Xt31_d0XEE$_$2,34,31,audio,0
2Xt31_d0XEE$_$2,34,32,audio,0
2Xt31_d0XEE$_$2,34,33,audio,0
2Xt31_d0XEE$_$2,34,34,audio,0
2Xt31_d0XEE$_$2,34,35,audio,0
2Xt31_d0XEE$_$2,34,36,audio,0
2Xt31_d0XEE$_$2,34,37,audio,0
2Xt31_d0XEE$_$2,34,38,audio,0
2Xt31_d0XEE$_$2,34,39,audio,0
2Xt31_d0XEE$_$2,34,40,audio,0
2Xt31_d0XEE$_$2,34,41,audio,0
2Xt31_d0XEE$_$2,34,42,audio,0
2Xt31_d0XEE$_$2,34,43,audio,0
2Xt31_d0XEE$_$2,34,44,audio,0
2Xt31_d0XEE$_$2,34,45,audio,0
2Xt31_d0XEE$_$2,34,46,audio,0
2Xt31_d0XEE$_$2,34,47,audio,0
2Xt31_d0XEE$_$2,34,48,audio,0
2Xt31_d0XEE$_$2,34,49,audio,0
d8BR6hsvzoY$_$1,35,0,audio,0
d8BR6hsvzoY$_$1,35,1,audio,2
d8BR6hsvzoY$_$1,35,2,audio,2
d8BR6hsvzoY$_$1,35,3,audio,2
d8BR6hsvzoY$_$1,35,4,audio,2
d8BR6hsvzoY$_$1,35,5,audio,2
d8BR6hsvzoY$_$1,35,6,audio,2
d8BR6hsvzoY$_$1,35,7,audio,2
d8BR6hsvzoY$_$1,35,8,audio,2
d8BR6hsvzoY$_$1,35,9,audio,2
d8BR6hsvzoY$_$1,35,10,audio,2
d8BR6hsvzoY$_$1,35,11,audio,2
d8BR6hsvzoY$_$1,35,12,audio,2
d8BR6hsvzoY$_$1,35,13,audio,2
d8BR6hsvzoY$_$1,35,14,audio,2
d8BR6hsvzoY$_$1,35,15,audio,2
d8BR6hsvzoY$_$1,35,16,audio,2
d8BR6hsvzoY$_$1,35,17,audio,2
d8BR6hsvzoY$_$1,35,18,audio,2
d8BR6hsvzoY$_$1,35,19,audio,2
d8BR6hsvzoY$_$1,35,20,audio,2
d8BR6hsvzoY$_$1,35,21,audio,2
d8BR6hsvzoY$_$1,35,22,audio,2
d8BR6hsvzoY$_$1,35,23,audio,2
d8BR6hsvzoY$_$1,35,24,audio,2
d8BR6hsvzoY$_$1,35,25,audio,0
d8BR6hsvzoY$_$1,35,26,audio,0
d8BR6hsvzoY$_$1,35,27,audio,0
d8BR6hsvzoY$_$1,35,28,audio,0
d8BR6hsvzoY$_$1,35,29,audio,0
d8BR6hsvzoY$_$1,35,30,audio,0
d8BR6hsvzoY$_$1,35,31,audio,0
d8BR6hsvzoY$_$1,35,32,audio,0
d8BR6hsvzoY$_$1,35,33,audio,0
d8BR6hsvzoY$_$1,35,34,audio,0
d8BR6hsvzoY$_$1,35,35,audio,0
d8BR6hsvzoY$_$1,35,36,audio,0
d8BR6hsvzoY$_$1,35,37,audio,0
d8BR6hsvzoY$_$1,35,38,audio,0
d8BR6hsvzoY$_$1,35,39,audio,0
d8BR6hsvzoY$_$1,35,40,audio,0
d8BR6hsvzoY$_$1,35,41,audio,0
d8BR6hsvzoY$_$1,35,42,audio,0
d8BR6hsvzoY$_$1,35,43,audio,0
d8BR6hsvzoY$_$1,35,44,audio,0
d8BR6hsvzoY$_$1,35,45,audio,0
d8BR6hsvzoY$_$1,35,46,audio,0
d8BR6hsvzoY$_$1,35,47,audio,0
d8BR6hsvzoY$_$1,35,48,audio,0
d8BR6hsvzoY$_$1,35,49,audio,0
IM6HW1HwHhM$_$17,36,0,audio,0
IM6HW1HwHhM$_$17,36,1,audio,2
IM6HW1HwHhM$_$17,36,2,audio,2
IM6HW1HwHhM$_$17,36,3,audio,2
IM6HW1HwHhM$_$17,36,4,audio,2
IM6HW1HwHhM$_$17,36,5,audio,2
IM6HW1HwHhM$_$17,36,6,audio,2
IM6HW1HwHhM$_$17,36,7,audio,2
IM6HW1HwHhM$_$17,36,8,audio,2
IM6HW1HwHhM$_$17,36,9,audio,2
IM6HW1HwHhM$_$17,36,10,audio,2
IM6HW1HwHhM$_$17,36,11,audio,2
IM6HW1HwHhM$_$17,36,12,audio,2
IM6HW1HwHhM$_$17,36,13,audio,2
IM6HW1HwHhM$_$17,36,14,audio,2
IM6HW1HwHhM$_$17,36,15,audio,2
IM6HW1HwHhM$_$17,36,16,audio,2
IM6HW1HwHhM$_$17,36,17,audio,2
IM6HW1HwHhM$_$17,36,18,audio,2
IM6HW1HwHhM$_$17,36,19,audio,2
IM6HW1HwHhM$_$17,36,20,audio,2
IM6HW1HwHhM$_$17,36,21,audio,2
IM6HW1HwHhM$_$17,36,22,audio,2
IM6HW1HwHhM$_$17,36,23,audio,2
IM6HW1HwHhM$_$17,36,24,audio,2
IM6HW1HwHhM$_$17,36,25,audio,2
IM6HW1HwHhM$_$17,36,26,audio,0
IM6HW1HwHhM$_$17,36,27,audio,0
IM6HW1HwHhM$_$17,36,28,audio,0
IM6HW1HwHhM$_$17,36,29,audio,0
IM6HW1HwHhM$_$17,36,30,audio,0
IM6HW1HwHhM$_$17,36,31,audio,0
IM6HW1HwHhM$_$17,36,32,audio,0
IM6HW1HwHhM$_$17,36,33,audio,0
IM6HW1HwHhM$_$17,36,34,audio,0
IM6HW1HwHhM$_$17,36,35,audio,0
IM6HW1HwHhM$_$17,36,36,audio,0
IM6HW1HwHhM$_$17,36,37,audio,0
IM6HW1HwHhM$_$17,36,38,audio,0
IM6HW1HwHhM$_$17,36,39,audio,0
IM6HW1HwHhM$_$17,36,40,audio,0
IM6HW1HwHhM$_$17,36,41,audio,0
IM6HW1HwHhM$_$17,36,42,audio,0
IM6HW1HwHhM$_$17,36,43,audio,0
IM6HW1HwHhM$_$17,36,44,audio,0
IM6HW1HwHhM$_$17,36,45,audio,0
IM6HW1HwHhM$_$17,36,46,audio,0
IM6HW1HwHhM$_$17,36,47,audio,0
IM6HW1HwHhM$_$17,36,48,audio,0
IM6HW1HwHhM$_$17,36,49,audio,0
102858$_$6,37,0,audio,0
102858$_$6,37,1,audio,2
102858$_$6,37,2,audio,2
102858$_$6,37,3,audio,2
102858$_$6,37,4,audio,2
102858$_$6,37,5,audio,2
102858$_$6,37,6,audio,2
102858$_$6,37,7,audio,2
102858$_$6,37,8,audio,2
102858$_$6,37,9,audio,2
102858$_$6,37,10,audio,2
102858$_$6,37,11,audio,2
102858$_$6,37,12,audio,2
102858$_$6,37,13,audio,2
102858$_$6,37,14,audio,2
102858$_$6,37,15,audio,2
102858$_$6,37,16,audio,2
102858$_$6,37,17,audio,2
102858$_$6,37,18,audio,2
102858$_$6,37,19,audio,2
102858$_$6,37,20,audio,2
102858$_$6,37,21,audio,2
102858$_$6,37,22,audio,2
102858$_$6,37,23,audio,2
102858$_$6,37,24,audio,2
102858$_$6,37,25,audio,2
102858$_$6,37,26,audio,2
102858$_$6,37,27,audio,0
102858$_$6,37,28,audio,0
102858$_$6,37,29,audio,0
102858$_$6,37,30,audio,0
102858$_$6,37,31,audio,0
102858$_$6,37,32,audio,0
102858$_$6,37,33,audio,0
102858$_$6,37,34,audio,0
102858$_$6,37,35,audio,0
102858$_$6,37,36,audio,0
102858$_$6,37,37,audio,0
102858$_$6,37,38,audio,0
102858$_$6,37,39,audio,0
102858$_$6,37,40,audio,0
102858$_$6,37,41,audio,0
102858$_$6,37,42,audio,0
102858$_$6,37,43,audio,0
102858$_$6,37,44,audio,0
102858$_$6,37,45,audio,0
102858$_$6,37,46,audio,0
102858$_$6,37,47,audio,0
102858$_$6,37,48,audio,0
102858$_$6,37,49,audio,0
_gzYkdjNvPc$_$1,38,0,audio,0
_gzYkdjNvPc$_$1,38,1,audio,2
_gzYkdjNvPc$_$1,38,2,audio,2
_gzYkdjNvPc$_$1,38,3,audio,2
_gzYkdjNvPc$_$1,38,4,audio,2
_gzYkdjNvPc$_$1,38,5,audio,2
_gzYkdjNvPc$_$1,38,6,audio,2
_gzYkdjNvPc$_$1,38,7,audio,2
_gzYkdjNvPc$_$1,38,8,audio,2
_gzYkdjNvPc$_$1,38,9,audio,2
_gzYkdjNvPc$_$1,38,10,audio,2
_gzYkdjNvPc$_$1,38,11,audio,2
_gzYkdjNvPc$_$1,38,12,audio,2
_gzYkdjNvPc$_$1,38,13,audio,2
_gzYkdjNvPc$_$1,38,14,audio,2
_gzYkdjNvPc$_$1,38,15,audio,2
_gzYkdjNvPc$_$1,38,16,audio,2
_gzYkdjNvPc$_$1,38,17,audio,2
_gzYkdjNvPc$_$1,38,18,audio,2
_gzYkdjNvPc$_$1,38,19,audio,2
_gzYkdjNvPc$_$1,38,20,audio,2
_gzYkdjNvPc$_$1,38,21,audio,2
_gzYkdjNvPc$_$1,38,22,audio,2
_gzYkdjNvPc$_$1,38,23,audio,2
_gzYkdjNvPc$_$1,38,24,audio,2
_gzYkdjNvPc$_$1,38,25,audio,2
_gzYkdjNvPc$_$1,38,26,audio,2
_gzYkdjNvPc$_$1,38,27,audio,0
_gzYkdjNvPc$_$1,38,28,audio,0
_gzYkdjNvPc$_$1,38,29,audio,0
_gzYkdjNvPc$_$1,38,30,audio,0
_gzYkdjNvPc$_$1,38,31,audio,0
_gzYkdjNvPc$_$1,38,32,audio,0
_gzYkdjNvPc$_$1,38,33,audio,0
_gzYkdjNvPc$_$1,38,34,audio,0
_gzYkdjNvPc$_$1,38,35,audio,0
_gzYkdjNvPc$_$1,38,36,audio,0
_gzYkdjNvPc$_$1,38,37,audio,0
_gzYkdjNvPc$_$1,38,38,audio,0
_gzYkdjNvPc$_$1,38,39,audio,0
_gzYkdjNvPc$_$1,38,40,audio,0
_gzYkdjNvPc$_$1,38,41,audio,0
_gzYkdjNvPc$_$1,38,42,audio,0
_gzYkdjNvPc$_$1,38,43,audio,0
_gzYkdjNvPc$_$1,38,44,audio,0
_gzYkdjNvPc$_$1,38,45,audio,0
_gzYkdjNvPc$_$1,38,46,audio,0
_gzYkdjNvPc$_$1,38,47,audio,0
_gzYkdjNvPc$_$1,38,48,audio,0
_gzYkdjNvPc$_$1,38,49,audio,0
236021$_$1,39,0,audio,0
236021$_$1,39,1,audio,2
236021$_$1,39,2,audio,2
236021$_$1,39,3,audio,2
236021$_$1,39,4,audio,2
236021$_$1,39,5,audio,2
236021$_$1,39,6,audio,2
236021$_$1,39,7,audio,2
236021$_$1,39,8,audio,2
236021$_$1,39,9,audio,2
236021$_$1,39,10,audio,2
236021$_$1,39,11,audio,2
236021$_$1,39,12,audio,2
236021$_$1,39,13,audio,2
236021$_$1,39,14,audio,2
236021$_$1,39,15,audio,2
236021$_$1,39,16,audio,2
236021$_$1,39,17,audio,2
236021$_$1,39,18,audio,2
236021$_$1,39,19,audio,2
236021$_$1,39,20,audio,2
236021$_$1,39,21,audio,2
236021$_$1,39,22,audio,2
236021$_$1,39,23,audio,2
236021$_$1,39,24,audio,2
236021$_$1,39,25,audio,2
236021$_$1,39,26,audio,2
236021$_$1,39,27,audio,2
236021$_$1,39,28,audio,0
236021$_$1,39,29,audio,0
236021$_$1,39,30,audio,0
236021$_$1,39,31,audio,0
236021$_$1,39,32,audio,0
236021$_$1,39,33,audio,0
236021$_$1,39,34,audio,0
236021$_$1,39,35,audio,0
236021$_$1,39,36,audio,0
236021$_$1,39,37,audio,0
236021$_$1,39,38,audio,0
236021$_$1,39,39,audio,0
236021$_$1,39,40,audio,0
236021$_$1,39,41,audio,0
236021$_$1,39,42,audio,0
236021$_$1,39,43,audio,0
236021$_$1,39,44,audio,0
236021$_$1,39,45,audio,0
236021$_$1,39,46,audio,0
236021$_$1,39,47,audio,0
236021$_$1,39,48,audio,0
236021$_$1,39,49,audio,0
mHGaQ_nv9UY$_$4,40,0,audio,0
mHGaQ_nv9UY$_$4,40,1,audio,2
mHGaQ_nv9UY$_$4,40,2,audio,2
mHGaQ_nv9UY$_$4,40,3,audio,2
mHGaQ_nv9UY$_$4,40,4,audio,2
mHGaQ_nv9UY$_$4,40,5,audio,2
mHGaQ_nv9UY$_$4,40,6,audio,2
mHGaQ_nv9UY$_$4,40,7,audio,2
mHGaQ_nv9UY$_$4,40,8,audio,2
mHGaQ_nv9UY$_$4,40,9,audio,2
mHGaQ_nv9UY$_$4,40,10,audio,2
mHGaQ_nv9UY$_$4,40,11,audio,2
mHGaQ_nv9UY$_$4,40,12,audio,2
mHGaQ_nv9UY$_$4,40,13,audio,2
mHGaQ_nv9UY$_$4,40,14,audio,2
mHGaQ_nv9UY$_$4,40,15,audio,2
mHGaQ_nv9UY$_$4,40,16,audio,2
mHGaQ_nv9UY$_$4,40,17,audio,2
mHGaQ_nv9UY$_$4,40,18,audio,2
mHGaQ_nv9UY$_$4,40,19,audio,2
mHGaQ_nv9UY$_$4,40,20,audio,2
mHGaQ_nv9UY$_$4,40,21,audio,2
mHGaQ_nv9UY$_$4,40,22,audio,2
mHGaQ_nv9UY$_$4,40,23,audio,2
mHGaQ_nv9UY$_$4,40,24,audio,2
mHGaQ_nv9UY$_$4,40,25,audio,2
mHGaQ_nv9UY$_$4,40,26,audio,2
mHGaQ_nv9UY$_$4,40,27,audio,2
mHGaQ_nv9UY$_$4,40,28,audio,0
mHGaQ_nv9UY$_$4,40,29,audio,0
mHGaQ_nv9UY$_$4,40,30,audio,0
mHGaQ_nv9UY$_$4,40,31,audio,0
mHGaQ_nv9UY$_$4,40,32,audio,0
mHGaQ_nv9UY$_$4,40,33,audio,0
mHGaQ_nv9UY$_$4,40,34,audio,0
mHGaQ_nv9UY$_$4,40,35,audio,0
mHGaQ_nv9UY$_$4,40,36,audio,0
mHGaQ_nv9UY$_$4,40,37,audio,0
mHGaQ_nv9UY$_$4,40,38,audio,0
mHGaQ_nv9UY$_$4,40,39,audio,0
mHGaQ_nv9UY$_$4,40,40,audio,0
mHGaQ_nv9UY$_$4,40,41,audio,0
mHGaQ_nv9UY$_$4,40,42,audio,0
mHGaQ_nv9UY$_$4,40,43,audio,0
mHGaQ_nv9UY$_$4,40,44,audio,0
mHGaQ_nv9UY$_$4,40,45,audio,0
mHGaQ_nv9UY$_$4,40,46,audio,0
mHGaQ_nv9UY$_$4,40,47,audio,0
mHGaQ_nv9UY$_$4,40,48,audio,0
mHGaQ_nv9UY$_$4,40,49,audio,0
Wrcf2xtqbkQ$_$9,41,0,audio,0
Wrcf2xtqbkQ$_$9,41,1,audio,2
Wrcf2xtqbkQ$_$9,41,2,audio,2
Wrcf2xtqbkQ$_$9,41,3,audio,2
Wrcf2xtqbkQ$_$9,41,4,audio,2
Wrcf2xtqbkQ$_$9,41,5,audio,2
Wrcf2xtqbkQ$_$9,41,6,audio,2
Wrcf2xtqbkQ$_$9,41,7,audio,2
Wrcf2xtqbkQ$_$9,41,8,audio,2
Wrcf2xtqbkQ$_$9,41,9,audio,2
Wrcf2xtqbkQ$_$9,41,10,audio,2
Wrcf2xtqbkQ$_$9,41,11,audio,2
Wrcf2xtqbkQ$_$9,41,12,audio,2
Wrcf2xtqbkQ$_$9,41,13,audio,2
Wrcf2xtqbkQ$_$9,41,14,audio,2
Wrcf2xtqbkQ$_$9,41,15,audio,2
Wrcf2xtqbkQ$_$9,41,16,audio,2
Wrcf2xtqbkQ$_$9,41,17,audio,2
Wrcf2xtqbkQ$_$9,41,18,audio,2
Wrcf2xtqbkQ$_$9,41,19,audio,2
Wrcf2xtqbkQ$_$9,41,20,audio,2
Wrcf2xtqbkQ$_$9,41,21,audio,2
Wrcf2xtqbkQ$_$9,41,22,audio,2
Wrcf2xtqbkQ$_$9,41,23,audio,2
Wrcf2xtqbkQ$_$9,41,24,audio,2
Wrcf2xtqbkQ$_$9,41,25,audio,2
Wrcf2xtqbkQ$_$9,41,26,audio,2
Wrcf2xtqbkQ$_$9,41,27,audio,2
Wrcf2xtqbkQ$_$9,41,28,audio,2
Wrcf2xtqbkQ$_$9,41,29,audio,0
Wrcf2xtqbkQ$_$9,41,30,audio,0
Wrcf2xtqbkQ$_$9,41,31,audio,0
Wrcf2xtqbkQ$_$9,41,32,audio,0
Wrcf2xtqbkQ$_$9,41,33,audio,0
Wrcf2xtqbkQ$_$9,41,34,audio,0
Wrcf2xtqbkQ$_$9,41,35,audio,0
Wrcf2xtqbkQ$_$9,41,36,audio,0
Wrcf2xtqbkQ$_$9,41,37,audio,0
Wrcf2xtqbkQ$_$9,41,38,audio,0
Wrcf2xtqbkQ$_$9,41,39,audio,0
Wrcf2xtqbkQ$_$9,41,40,audio,0
Wrcf2xtqbkQ$_$9,41,41,audio,0
Wrcf2xtqbkQ$_$9,41,42,audio,0
Wrcf2xtqbkQ$_$9,41,43,audio,0
Wrcf2xtqbkQ$_$9,41,44,audio,0
Wrcf2xtqbkQ$_$9,41,45,audio,0
Wrcf2xtqbkQ$_$9,41,46,audio,0
Wrcf2xtqbkQ$_$9,41,47,audio,0
Wrcf2xtqbkQ$_$9,41,48,audio,0
Wrcf2xtqbkQ$_$9,41,49,audio,0
TYJzg5IJN8o$_$14,42,0,audio,0
TYJzg5IJN8o$_$14,42,1,audio,2
TYJzg5IJN8o$_$14,42,2,audio,2
TYJzg5IJN8o$_$14,42,3,audio,2
TYJzg5IJN8o$_$14,42,4,audio,2
TYJzg5IJN8o$_$14,42,5,audio,2
TYJzg5IJN8o$_$14,42,6,audio,2
TYJzg5IJN8o$_$14,42,7,audio,2
TYJzg5IJN8o$_$14,42,8,audio,2
TYJzg5IJN8o$_$14,42,9,audio,2
TYJzg5IJN8o$_$14,42,10,audio,2
TYJzg5IJN8o$_$14,42,11,audio,2
TYJzg5IJN8o$_$14,42,12,audio,2
TYJzg5IJN8o$_$14,42,13,audio,2
TYJzg5IJN8o$_$14,42,14,audio,2
TYJzg5IJN8o$_$14,42,15,audio,2
TYJzg5IJN8o$_$14,42,16,audio,2
TYJzg5IJN8o$_$14,42,17,audio,2
TYJzg5IJN8o$_$14,42,18,audio,2
TYJzg5IJN8o$_$14,42,19,audio,2
TYJzg5IJN8o$_$14,42,20,audio,2
TYJzg5IJN8o$_$14,42,21,audio,2
TYJzg5IJN8o$_$14,42,22,audio,2
TYJzg5IJN8o$_$14,42,23,audio,2
TYJzg5IJN8o$_$14,42,24,audio,2
TYJzg5IJN8o$_$14,42,25,audio,2
TYJzg5IJN8o$_$14,42,26,audio,2
TYJzg5IJN8o$_$14,42,27,audio,2
TYJzg5IJN8o$_$14,42,28,audio,2
TYJzg5IJN8o$_$14,42,29,audio,2
TYJzg5IJN8o$_$14,42,30,audio,0
TYJzg5IJN8o$_$14,42,31,audio,0
TYJzg5IJN8o$_$14,42,32,audio,0
TYJzg5IJN8o$_$14,42,33,audio,0
TYJzg5IJN8o$_$14,42,34,audio,0
TYJzg5IJN8o$_$14,42,35,audio,0
TYJzg5IJN8o$_$14,42,36,audio,0
TYJzg5IJN8o$_$14,42,37,audio,0
TYJzg5IJN8o$_$14,42,38,audio,0
TYJzg5IJN8o$_$14,42,39,audio,0
TYJzg5IJN8o$_$14,42,40,audio,0
TYJzg5IJN8o$_$14,42,41,audio,0
TYJzg5IJN8o$_$14,42,42,audio,0
TYJzg5IJN8o$_$14,42,43,audio,0
TYJzg5IJN8o$_$14,42,44,audio,0
TYJzg5IJN8o$_$14,42,45,audio,0
TYJzg5IJN8o$_$14,42,46,audio,0
TYJzg5IJN8o$_$14,42,47,audio,0
TYJzg5IJN8o$_$14,42,48,audio,0
TYJzg5IJN8o$_$14,42,49,audio,0
188343$_$9,43,0,audio,0
188343$_$9,43,1,audio,2
188343$_$9,43,2,audio,2
188343$_$9,43,3,audio,2
188343$_$9,43,4,audio,2
188343$_$9,43,5,audio,2
188343$_$9,43,6,audio,2
188343$_$9,43,7,audio,2
188343$_$9,43,8,audio,2
188343$_$9,43,9,audio,2
188343$_$9,43,10,audio,2
188343$_$9,43,11,audio,2
188343$_$9,43,12,audio,2
188343$_$9,43,13,audio,2
188343$_$9,43,14,audio,2
188343$_$9,43,15,audio,2
188343$_$9,43,16,audio,2
188343$_$9,43,17,audio,2
188343$_$9,43,18,audio,2
188343$_$9,43,19,audio,2
188343$_$9,43,20,audio,2
188343$_$9,43,21,audio,2
188343$_$9,43,22,audio,2
188343$_$9,43,23,audio,2
188343$_$9,43,24,audio,2
188343$_$9,43,25,audio,2
188343$_$9,43,26,audio,2
188343$_$9,43,27,audio,2
188343$_$9,43,28,audio,2
188343$_$9,43,29,audio,2
188343$_$9,43,30,audio,2
188343$_$9,43,31,audio,0
188343$_$9,43,32,audio,0
188343$_$9,43,33,audio,0
188343$_$9,43,34,audio,0
188343$_$9,43,35,audio,0
188343$_$9,43,36,audio,0
188343$_$9,43,37,audio,0
188343$_$9,43,38,audio,0
188343$_$9,43,39,audio,0
188343$_$9,43,40,audio,0
188343$_$9,43,41,audio,0
188343$_$9,43,42,audio,0
188343$_$9,43,43,audio,0
188343$_$9,43,44,audio,0
188343$_$9,43,45,audio,0
188343$_$9,43,46,audio,0
188343$_$9,43,47,audio,0
188343$_$9,43,48,audio,0
188343$_$9,43,49,audio,0
6uPGcKTpC4I$_$2,44,0,audio,0
6uPGcKTpC4I$_$2,44,1,audio,2
6uPGcKTpC4I$_$2,44,2,audio,2
6uPGcKTpC4I$_$2,44,3,audio,2
6uPGcKTpC4I$_$2,44,4,audio,2
6uPGcKTpC4I$_$2,44,5,audio,2
6uPGcKTpC4I$_$2,44,6,audio,2
6uPGcKTpC4I$_$2,44,7,audio,2
6uPGcKTpC4I$_$2,44,8,audio,2
6uPGcKTpC4I$_$2,44,9,audio,2
6uPGcKTpC4I$_$2,44,10,audio,2
6uPGcKTpC4I$_$2,44,11,audio,2
6uPGcKTpC4I$_$2,44,12,audio,2
6uPGcKTpC4I$_$2,44,13,audio,2
6uPGcKTpC4I$_$2,44,14,audio,2
6uPGcKTpC4I$_$2,44,15,audio,2
6uPGcKTpC4I$_$2,44,16,audio,2
6uPGcKTpC4I$_$2,44,17,audio,2
6uPGcKTpC4I$_$2,44,18,audio,2
6uPGcKTpC4I$_$2,44,19,audio,2
6uPGcKTpC4I$_$2,44,20,audio,2
6uPGcKTpC4I$_$2,44,21,audio,2
6uPGcKTpC4I$_$2,44,22,audio,2
6uPGcKTpC4I$_$2,44,23,audio,2
6uPGcKTpC4I$_$2,44,24,audio,2
6uPGcKTpC4I$_$2,44,25,audio,2
6uPGcKTpC4I$_$2,44,26,audio,2
6uPGcKTpC4I$_$2,44,27,audio,2
6uPGcKTpC4I$_$2,44,28,audio,2
6uPGcKTpC4I$_$2,44,29,audio,2
6uPGcKTpC4I$_$2,44,30,audio,2
6uPGcKTpC4I$_$2,44,31,audio,2
6uPGcKTpC4I$_$2,44,32,audio,0
6uPGcKTpC4I$_$2,44,33,audio,0
6uPGcKTpC4I$_$2,44,34,audio,0
6uPGcKTpC4I$_$2,44,35,audio,0
6uPGcKTpC4I$_$2,44,36,audio,0
6uPGcKTpC4I$_$2,44,37,audio,0
6uPGcKTpC4I$_$2,44,38,audio,0
6uPGcKTpC4I$_$2,44,39,audio,0
6uPGcKTpC4I$_$2,44,40,audio,0
6uPGcKTpC4I$_$2,44,41,audio,0
6uPGcKTpC4I$_$2,44,42,audio,0
6uPGcKTpC4I$_$2,44,43,audio,0
6uPGcKTpC4I$_$2,44,44,audio,0
6uPGcKTpC4I$_$2,44,45,audio,0
6uPGcKTpC4I$_$2,44,46,audio,0
6uPGcKTpC4I$_$2,44,47,audio,0
6uPGcKTpC4I$_$2,44,48,audio,0
6uPGcKTpC4I$_$2,44,49,audio,0
Arh2TKRi_mg$_$16,45,0,audio,0
Arh2TKRi_mg$_$16,45,1,audio,2
Arh2TKRi_mg$_$16,45,2,audio,2
Arh2TKRi_mg$_$16,45,3,audio,2
Arh2TKRi_mg$_$16,45,4,audio,2
Arh2TKRi_mg$_$16,45,5,audio,2
Arh2TKRi_mg$_$16,45,6,audio,2
Arh2TKRi_mg$_$16,45,7,audio,2
Arh2TKRi_mg$_$16,45,8,audio,2
Arh2TKRi_mg$_$16,45,9,audio,2
Arh2TKRi_mg$_$16,45,10,audio,2
Arh2TKRi_mg$_$16,45,11,audio,2
Arh2TKRi_mg$_$16,45,12,audio,2
Arh2TKRi_mg$_$16,45,13,audio,2
Arh2TKRi_mg$_$16,45,14,audio,2
Arh2TKRi_mg$_$16,45,15,audio,2
Arh2TKRi_mg$_$16,45,16,audio,2
Arh2TKRi_mg$_$16,45,17,audio,2
Arh2TKRi_mg$_$16,45,18,audio,2
Arh2TKRi_mg$_$16,45,19,audio,2
Arh2TKRi_mg$_$16,45,20,audio,2
Arh2TKRi_mg$_$16,45,21,audio,2
Arh2TKRi_mg$_$16,45,22,audio,2
Arh2TKRi_mg$_$16,45,23,audio,2
Arh2TKRi_mg$_$16,45,24,audio,2
Arh2TKRi_mg$_$16,45,25,audio,2
Arh2TKRi_mg$_$16,45,26,audio,2
Arh2TKRi_mg$_$16,45,27,audio,2
Arh2TKRi_mg$_$16,45,28,audio,2
Arh2TKRi_mg$_$16,45,29,audio,2
Arh2TKRi_mg$_$16,45,30,audio,2
Arh2TKRi_mg$_$16,45,31,audio,2
Arh2TKRi_mg$_$16,45,32,audio,2
Arh2TKRi_mg$_$16,45,33,audio,0
Arh2TKRi_mg$_$16,45,34,audio,0
Arh2TKRi_mg$_$16,45,35,audio,0
Arh2TKRi_mg$_$16,45,36,audio,0
Arh2TKRi_mg$_$16,45,37,audio,0
Arh2TKRi_mg$_$16,45,38,audio,0
Arh2TKRi_mg$_$16,45,39,audio,0
Arh2TKRi_mg$_$16,45,40,audio,0
Arh2TKRi_mg$_$16,45,41,audio,0
Arh2TKRi_mg$_$16,45,42,audio,0
Arh2TKRi_mg$_$16,45,43,audio,0
Arh2TKRi_mg$_$16,45,44,audio,0
Arh2TKRi_mg$_$16,45,45,audio,0
Arh2TKRi_mg$_$16,45,46,audio,0
Arh2TKRi_mg$_$16,45,47,audio,0
Arh2TKRi_mg$_$16,45,48,audio,0
Arh2TKRi_mg$_$16,45,49,audio,0
aFhc2ddipoM$_$14,46,0,audio,0
aFhc2ddipoM$_$14,46,1,audio,2
aFhc2ddipoM$_$14,46,2,audio,2
aFhc2ddipoM$_$14,46,3,audio,2
aFhc2ddipoM$_$14,46,4,audio,2
aFhc2ddipoM$_$14,46,5,audio,2
aFhc2ddipoM$_$14,46,6,audio,2
aFhc2ddipoM$_$14,46,7,audio,2
aFhc2ddipoM$_$14,46,8,audio,2
aFhc2ddipoM$_$14,46,9,audio,2
aFhc2ddipoM$_$14,46,10,audio,2
aFhc2ddipoM$_$14,46,11,audio,2
aFhc2ddipoM$_$14,46,12,audio,2
aFhc2ddipoM$_$14,46,13,audio,2
aFhc2ddipoM$_$14,46,14,audio,2
aFhc2ddipoM$_$14,46,15,audio,2
aFhc2ddipoM$_$14,46,16,audio,2
aFhc2ddipoM$_$14,46,17,audio,2
aFhc2ddipoM$_$14,46,18,audio,2
aFhc2ddipoM$_$14,46,19,audio,2
aFhc2ddipoM$_$14,46,20,audio,2
aFhc2ddipoM$_$14,46,21,audio,2
aFhc2ddipoM$_$14,46,22,audio,2
aFhc2ddipoM$_$14,46,23,audio,2
aFhc2ddipoM$_$14,46,24,audio,2
aFhc2ddipoM$_$14,46,25,audio,2
aFhc2ddipoM$_$14,46,26,audio,2
aFhc2ddipoM$_$14,46,27,audio,2
aFhc2ddipoM$_$14,46,28,audio,2
aFhc2ddipoM$_$14,46,29,audio,2
aFhc2ddipoM$_$14,46,30,audio,2
aFhc2ddipoM$_$14,46,31,audio,2
aFhc2ddipoM$_$14,46,32,audio,2
aFhc2ddipoM$_$14,46,33,audio,0
aFhc2ddipoM$_$14,46,34,audio,0
aFhc2ddipoM$_$14,46,35,audio,0
aFhc2ddipoM$_$14,46,36,audio,0
aFhc2ddipoM$_$14,46,37,audio,0
aFhc2ddipoM$_$14,46,38,audio,0
aFhc2ddipoM$_$14,46,39,audio,0
aFhc2ddipoM$_$14,46,40,audio,0
aFhc2ddipoM$_$14,46,41,audio,0
aFhc2ddipoM$_$14,46,42,audio,0
aFhc2ddipoM$_$14,46,43,audio,0
aFhc2ddipoM$_$14,46,44,audio,0
aFhc2ddipoM$_$14,46,45,audio,0
aFhc2ddipoM$_$14,46,46,audio,0
aFhc2ddipoM$_$14,46,47,audio,0
aFhc2ddipoM$_$14,46,48,audio,0
aFhc2ddipoM$_$14,46,49,audio,0
3MFNIag0wNE$_$14,47,0,audio,0
3MFNIag0wNE$_$14,47,1,audio,2
3MFNIag0wNE$_$14,47,2,audio,2
3MFNIag0wNE$_$14,47,3,audio,2
3MFNIag0wNE$_$14,47,4,audio,2
3MFNIag0wNE$_$14,47,5,audio,2
3MFNIag0wNE$_$14,47,6,audio,2
3MFNIag0wNE$_$14,47,7,audio,2
3MFNIag0wNE$_$14,47,8,audio,2
3MFNIag0wNE$_$14,47,9,audio,2
3MFNIag0wNE$_$14,47,10,audio,2
3MFNIag0wNE$_$14,47,11,audio,2
3MFNIag0wNE$_$14,47,12,audio,2
3MFNIag0wNE$_$14,47,13,audio,2
3MFNIag0wNE$_$14,47,14,audio,2
3MFNIag0wNE$_$14,47,15,audio,2
3MFNIag0wNE$_$14,47,16,audio,2
3MFNIag0wNE$_$14,47,17,audio,2
3MFNIag0wNE$_$14,47,18,audio,2
3MFNIag0wNE$_$14,47,19,audio,2
3MFNIag0wNE$_$14,47,20,audio,2
3MFNIag0wNE$_$14,47,21,audio,2
3MFNIag0wNE$_$14,47,22,audio,2
3MFNIag0wNE$_$14,47,23,audio,2
3MFNIag0wNE$_$14,47,24,audio,2
3MFNIag0wNE$_$14,47,25,audio,2
3MFNIag0wNE$_$14,47,26,audio,2
3MFNIag0wNE$_$14,47,27,audio,2
3MFNIag0wNE$_$14,47,28,audio,2
3MFNIag0wNE$_$14,47,29,audio,2
3MFNIag0wNE$_$14,47,30,audio,2
3MFNIag0wNE$_$14,47,31,audio,2
3MFNIag0wNE$_$14,47,32,audio,2
3MFNIag0wNE$_$14,47,33,audio,2
3MFNIag0wNE$_$14,47,34,audio,0
3MFNIag0wNE$_$14,47,35,audio,0
3MFNIag0wNE$_$14,47,36,audio,0
3MFNIag0wNE$_$14,47,37,audio,0
3MFNIag0wNE$_$14,47,38,audio,0
3MFNIag0wNE$_$14,47,39,audio,0
3MFNIag0wNE$_$14,47,40,audio,0
3MFNIag0wNE$_$14,47,41,audio,0
3MFNIag0wNE$_$14,47,42,audio,0
3MFNIag0wNE$_$14,47,43,audio,0
3MFNIag0wNE$_$14,47,44,audio,0
3MFNIag0wNE$_$14,47,45,audio,0
3MFNIag0wNE$_$14,47,46,audio,0
3MFNIag0wNE$_$14,47,47,audio,0
3MFNIag0wNE$_$14,47,48,audio,0
3MFNIag0wNE$_$14,47,49,audio,0
33170$_$3,48,0,audio,0
33170$_$3,48,1,audio,2
33170$_$3,48,2,audio,2
33170$_$3,48,3,audio,2
33170$_$3,48,4,audio,2
33170$_$3,48,5,audio,2
33170$_$3,48,6,audio,2
33170$_$3,48,7,audio,2
33170$_$3,48,8,audio,2
33170$_$3,48,9,audio,2
33170$_$3,48,10,audio,2
33170$_$3,48,11,audio,2
33170$_$3,48,12,audio,2
33170$_$3,48,13,audio,2
33170$_$3,48,14,audio,2
33170$_$3,48,15,audio,2
33170$_$3,48,16,audio,2
33170$_$3,48,17,audio,2
33170$_$3,48,18,audio,2
33170$_$3,48,19,audio,2
33170$_$3,48,20,audio,2
33170$_$3,48,21,audio,2
33170$_$3,48,22,audio,2
33170$_$3,48,23,audio,2
33170$_$3,48,24,audio,2
33170$_$3,48,25,audio,2
33170$_$3,48,26,audio,2
33170$_$3,48,27,audio,2
33170$_$3,48,28,audio,2
33170$_$3,48,29,audio,2
33170$_$3,48,30,audio,2
33170$_$3,48,31,audio,2
33170$_$3,48,32,audio,2
33170$_$3,48,33,audio,2
33170$_$3,48,34,audio,2
33170$_$3,48,35,audio,0
33170$_$3,48,36,audio,0
33170$_$3,48,37,audio,0
33170$_$3,48,38,audio,0
33170$_$3,48,39,audio,0
33170$_$3,48,40,audio,0
33170$_$3,48,41,audio,0
33170$_$3,48,42,audio,0
33170$_$3,48,43,audio,0
33170$_$3,48,44,audio,0
33170$_$3,48,45,audio,0
33170$_$3,48,46,audio,0
33170$_$3,48,47,audio,0
33170$_$3,48,48,audio,0
33170$_$3,48,49,audio,0
ROcTx5VEn7o$_$11,49,0,audio,0
ROcTx5VEn7o$_$11,49,1,audio,2
ROcTx5VEn7o$_$11,49,2,audio,2
ROcTx5VEn7o$_$11,49,3,audio,2
ROcTx5VEn7o$_$11,49,4,audio,2
ROcTx5VEn7o$_$11,49,5,audio,2
ROcTx5VEn7o$_$11,49,6,audio,2
ROcTx5VEn7o$_$11,49,7,audio,2
ROcTx5VEn7o$_$11,49,8,audio,2
ROcTx5VEn7o$_$11,49,9,audio,2
ROcTx5VEn7o$_$11,49,10,audio,2
ROcTx5VEn7o$_$11,49,11,audio,2
ROcTx5VEn7o$_$11,49,12,audio,2
ROcTx5VEn7o$_$11,49,13,audio,2
ROcTx5VEn7o$_$11,49,14,audio,2
ROcTx5VEn7o$_$11,49,15,audio,2
ROcTx5VEn7o$_$11,49,16,audio,2
ROcTx5VEn7o$_$11,49,17,audio,2
ROcTx5VEn7o$_$11,49,18,audio,2
ROcTx5VEn7o$_$11,49,19,audio,2
ROcTx5VEn7o$_$11,49,20,audio,2
ROcTx5VEn7o$_$11,49,21,audio,2
ROcTx5VEn7o$_$11,49,22,audio,2
ROcTx5VEn7o$_$11,49,23,audio,2
ROcTx5VEn7o$_$11,49,24,audio,2
ROcTx5VEn7o$_$11,49,25,audio,2
ROcTx5VEn7o$_$11,49,26,audio,2
ROcTx5VEn7o$_$11,49,27,audio,2
ROcTx5VEn7o$_$11,49,28,audio,2
ROcTx5VEn7o$_$11,49,29,audio,2
ROcTx5VEn7o$_$11,49,30,audio,2
ROcTx5VEn7o$_$11,49,31,audio,2
ROcTx5VEn7o$_$11,49,32,audio,2
ROcTx5VEn7o$_$11,49,33,audio,2
ROcTx5VEn7o$_$11,49,34,audio,2
ROcTx5VEn7o$_$11,49,35,audio,2
ROcTx5VEn7o$_$11,49,36,audio,0
ROcTx5VEn7o$_$11,49,37,audio,0
ROcTx5VEn7o$_$11,49,38,audio,0
ROcTx5VEn7o$_$11,49,39,audio,0
ROcTx5VEn7o$_$11,49,40,audio,0
ROcTx5VEn7o$_$11,49,41,audio,0
ROcTx5VEn7o$_$11,49,42,audio,0
ROcTx5VEn7o$_$11,49,43,audio,0
ROcTx5VEn7o$_$11,49,44,audio,0
ROcTx5VEn7o$_$11,49,45,audio,0
ROcTx5VEn7o$_$11,49,46,audio,0
ROcTx5VEn7o$_$11,49,47,audio,0
ROcTx5VEn7o$_$11,49,48,audio,0
ROcTx5VEn7o$_$11,49,49,audio,0
6KvG5VbLalY$_$9,50,0,audio,0
6KvG5VbLalY$_$9,50,1,audio,2
6KvG5VbLalY$_$9,50,2,audio,2
6KvG5VbLalY$_$9,50,3,audio,2
6KvG5VbLalY$_$9,50,4,audio,2
6KvG5VbLalY$_$9,50,5,audio,2
6KvG5VbLalY$_$9,50,6,audio,2
6KvG5VbLalY$_$9,50,7,audio,2
6KvG5VbLalY$_$9,50,8,audio,2
6KvG5VbLalY$_$9,50,9,audio,2
6KvG5VbLalY$_$9,50,10,audio,2
6KvG5VbLalY$_$9,50,11,audio,2
6KvG5VbLalY$_$9,50,12,audio,2
6KvG5VbLalY$_$9,50,13,audio,2
6KvG5VbLalY$_$9,50,14,audio,2
6KvG5VbLalY$_$9,50,15,audio,2
6KvG5VbLalY$_$9,50,16,audio,2
6KvG5VbLalY$_$9,50,17,audio,2
6KvG5VbLalY$_$9,50,18,audio,2
6KvG5VbLalY$_$9,50,19,audio,2
6KvG5VbLalY$_$9,50,20,audio,2
6KvG5VbLalY$_$9,50,21,audio,2
6KvG5VbLalY$_$9,50,22,audio,2
6KvG5VbLalY$_$9,50,23,audio,2
6KvG5VbLalY$_$9,50,24,audio,2
6KvG5VbLalY$_$9,50,25,audio,2
6KvG5VbLalY$_$9,50,26,audio,2
6KvG5VbLalY$_$9,50,27,audio,2
6KvG5VbLalY$_$9,50,28,audio,2
6KvG5VbLalY$_$9,50,29,audio,2
6KvG5VbLalY$_$9,50,30,audio,2
6KvG5VbLalY$_$9,50,31,audio,2
6KvG5VbLalY$_$9,50,32,audio,2
6KvG5VbLalY$_$9,50,33,audio,2
6KvG5VbLalY$_$9,50,34,audio,2
6KvG5VbLalY$_$9,50,35,audio,2
6KvG5VbLalY$_$9,50,36,audio,2
6KvG5VbLalY$_$9,50,37,audio,2
6KvG5VbLalY$_$9,50,38,audio,0
6KvG5VbLalY$_$9,50,39,audio,0
6KvG5VbLalY$_$9,50,40,audio,0
6KvG5VbLalY$_$9,50,41,audio,0
6KvG5VbLalY$_$9,50,42,audio,0
6KvG5VbLalY$_$9,50,43,audio,0
6KvG5VbLalY$_$9,50,44,audio,0
6KvG5VbLalY$_$9,50,45,audio,0
6KvG5VbLalY$_$9,50,46,audio,0
6KvG5VbLalY$_$9,50,47,audio,0
6KvG5VbLalY$_$9,50,48,audio,0
6KvG5VbLalY$_$9,50,49,audio,0
TWszOxkOV0w$_$1,51,0,audio,0
TWszOxkOV0w$_$1,51,1,audio,2
TWszOxkOV0w$_$1,51,2,audio,2
TWszOxkOV0w$_$1,51,3,audio,2
TWszOxkOV0w$_$1,51,4,audio,2
TWszOxkOV0w$_$1,51,5,audio,2
TWszOxkOV0w$_$1,51,6,audio,2
TWszOxkOV0w$_$1,51,7,audio,2
TWszOxkOV0w$_$1,51,8,audio,2
TWszOxkOV0w$_$1,51,9,audio,2
TWszOxkOV0w$_$1,51,10,audio,2
TWszOxkOV0w$_$1,51,11,audio,2
TWszOxkOV0w$_$1,51,12,audio,2
TWszOxkOV0w$_$1,51,13,audio,2
TWszOxkOV0w$_$1,51,14,audio,2
TWszOxkOV0w$_$1,51,15,audio,2
TWszOxkOV0w$_$1,51,16,audio,2
TWszOxkOV0w$_$1,51,17,audio,2
TWszOxkOV0w$_$1,51,18,audio,2
TWszOxkOV0w$_$1,51,19,audio,2
TWszOxkOV0w$_$1,51,20,audio,2
TWszOxkOV0w$_$1,51,21,audio,2
TWszOxkOV0w$_$1,51,22,audio,2
TWszOxkOV0w$_$1,51,23,audio,2
TWszOxkOV0w$_$1,51,24,audio,2
TWszOxkOV0w$_$1,51,25,audio,2
TWszOxkOV0w$_$1,51,26,audio,2
TWszOxkOV0w$_$1,51,27,audio,2
TWszOxkOV0w$_$1,51,28,audio,2
TWszOxkOV0w$_$1,51,29,audio,2
TWszOxkOV0w$_$1,51,30,audio,2
TWszOxkOV0w$_$1,51,31,audio,2
TWszOxkOV0w$_$1,51,32,audio,2
TWszOxkOV0w$_$1,51,33,audio,2
TWszOxkOV0w$_$1,51,34,audio,2
TWszOxkOV0w$_$1,51,35,audio,2
TWszOxkOV0w$_$1,51,36,audio,2
TWszOxkOV0w$_$1,51,37,audio,2
TWszOxkOV0w$_$1,51,38,audio,2
TWszOxkOV0w$_$1,51,39,audio,0
TWszOxkOV0w$_$1,51,40,audio,0
TWszOxkOV0w$_$1,51,41,audio,0
TWszOxkOV0w$_$1,51,42,audio,0
TWszOxkOV0w$_$1,51,43,audio,0
TWszOxkOV0w$_$1,51,44,audio,0
TWszOxkOV0w$_$1,51,45,audio,0
TWszOxkOV0w$_$1,51,46,audio,0
TWszOxkOV0w$_$1,51,47,audio,0
TWszOxkOV0w$_$1,51,48,audio,0
TWszOxkOV0w$_$1,51,49,audio,0
ioupaiAuRr0$_$4,52,0,audio,0
ioupaiAuRr0$_$4,52,1,audio,2
ioupaiAuRr0$_$4,52,2,audio,2
ioupaiAuRr0$_$4,52,3,audio,2
ioupaiAuRr0$_$4,52,4,audio,2
ioupaiAuRr0$_$4,52,5,audio,2
ioupaiAuRr0$_$4,52,6,audio,2
ioupaiAuRr0$_$4,52,7,audio,2
ioupaiAuRr0$_$4,52,8,audio,2
ioupaiAuRr0$_$4,52,9,audio,2
ioupaiAuRr0$_$4,52,10,audio,2
ioupaiAuRr0$_$4,52,11,audio,2
ioupaiAuRr0$_$4,52,12,audio,2
ioupaiAuRr0$_$4,52,13,audio,2
ioupaiAuRr0$_$4,52,14,audio,2
ioupaiAuRr0$_$4,52,15,audio,2
ioupaiAuRr0$_$4,52,16,audio,2
ioupaiAuRr0$_$4,52,17,audio,2
ioupaiAuRr0$_$4,52,18,audio,2
ioupaiAuRr0$_$4,52,19,audio,2
ioupaiAuRr0$_$4,52,20,audio,2
ioupaiAuRr0$_$4,52,21,audio,2
ioupaiAuRr0$_$4,52,22,audio,2
ioupaiAuRr0$_$4,52,23,audio,2
ioupaiAuRr0$_$4,52,24,audio,2
ioupaiAuRr0$_$4,52,25,audio,2
ioupaiAuRr0$_$4,52,26,audio,2
ioupaiAuRr0$_$4,52,27,audio,2
ioupaiAuRr0$_$4,52,28,audio,2
ioupaiAuRr0$_$4,52,29,audio,2
ioupaiAuRr0$_$4,52,30,audio,2
ioupaiAuRr0$_$4,52,31,audio,2
ioupaiAuRr0$_$4,52,32,audio,2
ioupaiAuRr0$_$4,52,33,audio,2
ioupaiAuRr0$_$4,52,34,audio,2
ioupaiAuRr0$_$4,52,35,audio,2
ioupaiAuRr0$_$4,52,36,audio,2
ioupaiAuRr0$_$4,52,37,audio,2
ioupaiAuRr0$_$4,52,38,audio,2
ioupaiAuRr0$_$4,52,39,audio,2
ioupaiAuRr0$_$4,52,40,audio,2
ioupaiAuRr0$_$4,52,41,audio,0
ioupaiAuRr0$_$4,52,42,audio,0
ioupaiAuRr0$_$4,52,43,audio,0
ioupaiAuRr0$_$4,52,44,audio,0
ioupaiAuRr0$_$4,52,45,audio,0
ioupaiAuRr0$_$4,52,46,audio,0
ioupaiAuRr0$_$4,52,47,audio,0
ioupaiAuRr0$_$4,52,48,audio,0
ioupaiAuRr0$_$4,52,49,audio,0
272624$_$8,53,0,audio,0
272624$_$8,53,1,audio,2
272624$_$8,53,2,audio,2
272624$_$8,53,3,audio,2
272624$_$8,53,4,audio,2
272624$_$8,53,5,audio,2
272624$_$8,53,6,audio,2
272624$_$8,53,7,audio,2
272624$_$8,53,8,audio,2
272624$_$8,53,9,audio,2
272624$_$8,53,10,audio,2
272624$_$8,53,11,audio,2
272624$_$8,53,12,audio,2
272624$_$8,53,13,audio,2
272624$_$8,53,14,audio,2
272624$_$8,53,15,audio,2
272624$_$8,53,16,audio,2
272624$_$8,53,17,audio,2
272624$_$8,53,18,audio,2
272624$_$8,53,19,audio,2
272624$_$8,53,20,audio,2
272624$_$8,53,21,audio,2
272624$_$8,53,22,audio,2
272624$_$8,53,23,audio,2
272624$_$8,53,24,audio,2
272624$_$8,53,25,audio,2
272624$_$8,53,26,audio,2
272624$_$8,53,27,audio,2
272624$_$8,53,28,audio,2
272624$_$8,53,29,audio,2
272624$_$8,53,30,audio,2
272624$_$8,53,31,audio,2
272624$_$8,53,32,audio,2
272624$_$8,53,33,audio,2
272624$_$8,53,34,audio,2
272624$_$8,53,35,audio,2
272624$_$8,53,36,audio,2
272624$_$8,53,37,audio,2
272624$_$8,53,38,audio,2
272624$_$8,53,39,audio,2
272624$_$8,53,40,audio,2
272624$_$8,53,41,audio,2
272624$_$8,53,42,audio,2
272624$_$8,53,43,audio,2
272624$_$8,53,44,audio,0
272624$_$8,53,45,audio,0
272624$_$8,53,46,audio,0
272624$_$8,53,47,audio,0
272624$_$8,53,48,audio,0
272624$_$8,53,49,audio,0
PwapK9d8IGk$_$4,54,0,audio,0
PwapK9d8IGk$_$4,54,1,audio,2
PwapK9d8IGk$_$4,54,2,audio,2
PwapK9d8IGk$_$4,54,3,audio,2
PwapK9d8IGk$_$4,54,4,audio,2
PwapK9d8IGk$_$4,54,5,audio,2
PwapK9d8IGk$_$4,54,6,audio,2
PwapK9d8IGk$_$4,54,7,audio,2
PwapK9d8IGk$_$4,54,8,audio,2
PwapK9d8IGk$_$4,54,9,audio,2
PwapK9d8IGk$_$4,54,10,audio,2
PwapK9d8IGk$_$4,54,11,audio,2
PwapK9d8IGk$_$4,54,12,audio,2
PwapK9d8IGk$_$4,54,13,audio,2
PwapK9d8IGk$_$4,54,14,audio,2
PwapK9d8IGk$_$4,54,15,audio,2
PwapK9d8IGk$_$4,54,16,audio,2
PwapK9d8IGk$_$4,54,17,audio,2
PwapK9d8IGk$_$4,54,18,audio,2
PwapK9d8IGk$_$4,54,19,audio,2
PwapK9d8IGk$_$4,54,20,audio,2
PwapK9d8IGk$_$4,54,21,audio,2
PwapK9d8IGk$_$4,54,22,audio,2
PwapK9d8IGk$_$4,54,23,audio,2
PwapK9d8IGk$_$4,54,24,audio,2
PwapK9d8IGk$_$4,54,25,audio,2
PwapK9d8IGk$_$4,54,26,audio,2
PwapK9d8IGk$_$4,54,27,audio,2
PwapK9d8IGk$_$4,54,28,audio,2
PwapK9d8IGk$_$4,54,29,audio,2
PwapK9d8IGk$_$4,54,30,audio,2
PwapK9d8IGk$_$4,54,31,audio,2
PwapK9d8IGk$_$4,54,32,audio,2
PwapK9d8IGk$_$4,54,33,audio,2
PwapK9d8IGk$_$4,54,34,audio,2
PwapK9d8IGk$_$4,54,35,audio,2
PwapK9d8IGk$_$4,54,36,audio,2
PwapK9d8IGk$_$4,54,37,audio,2
PwapK9d8IGk$_$4,54,38,audio,2
PwapK9d8IGk$_$4,54,39,audio,2
PwapK9d8IGk$_$4,54,40,audio,2
PwapK9d8IGk$_$4,54,41,audio,2
PwapK9d8IGk$_$4,54,42,audio,2
PwapK9d8IGk$_$4,54,43,audio,2
PwapK9d8IGk$_$4,54,44,audio,2
PwapK9d8IGk$_$4,54,45,audio,2
PwapK9d8IGk$_$4,54,46,audio,0
PwapK9d8IGk$_$4,54,47,audio,0
PwapK9d8IGk$_$4,54,48,audio,0
PwapK9d8IGk$_$4,54,49,audio,0
8x_nCOh6Wmc$_$6,55,0,audio,0
8x_nCOh6Wmc$_$6,55,1,audio,2
8x_nCOh6Wmc$_$6,55,2,audio,2
8x_nCOh6Wmc$_$6,55,3,audio,2
8x_nCOh6Wmc$_$6,55,4,audio,2
8x_nCOh6Wmc$_$6,55,5,audio,2
8x_nCOh6Wmc$_$6,55,6,audio,2
8x_nCOh6Wmc$_$6,55,7,audio,2
8x_nCOh6Wmc$_$6,55,8,audio,2
8x_nCOh6Wmc$_$6,55,9,audio,2
8x_nCOh6Wmc$_$6,55,10,audio,2
8x_nCOh6Wmc$_$6,55,11,audio,2
8x_nCOh6Wmc$_$6,55,12,audio,2
8x_nCOh6Wmc$_$6,55,13,audio,2
8x_nCOh6Wmc$_$6,55,14,audio,2
8x_nCOh6Wmc$_$6,55,15,audio,2
8x_nCOh6Wmc$_$6,55,16,audio,2
8x_nCOh6Wmc$_$6,55,17,audio,2
8x_nCOh6Wmc$_$6,55,18,audio,2
8x_nCOh6Wmc$_$6,55,19,audio,2
8x_nCOh6Wmc$_$6,55,20,audio,2
8x_nCOh6Wmc$_$6,55,21,audio,2
8x_nCOh6Wmc$_$6,55,22,audio,2
8x_nCOh6Wmc$_$6,55,23,audio,2
8x_nCOh6Wmc$_$6,55,24,audio,2
8x_nCOh6Wmc$_$6,55,25,audio,2
8x_nCOh6Wmc$_$6,55,26,audio,2
8x_nCOh6Wmc$_$6,55,27,audio,2
8x_nCOh6Wmc$_$6,55,28,audio,2
8x_nCOh6Wmc$_$6,55,29,audio,2
8x_nCOh6Wmc$_$6,55,30,audio,2
8x_nCOh6Wmc$_$6,55,31,audio,2
8x_nCOh6Wmc$_$6,55,32,audio,2
8x_nCOh6Wmc$_$6,55,33,audio,2
8x_nCOh6Wmc$_$6,55,34,audio,2
8x_nCOh6Wmc$_$6,55,35,audio,2
8x_nCOh6Wmc$_$6,55,36,audio,2
8x_nCOh6Wmc$_$6,55,37,audio,2
8x_nCOh6Wmc$_$6,55,38,audio,2
8x_nCOh6Wmc$_$6,55,39,audio,2
8x_nCOh6Wmc$_$6,55,40,audio,2
8x_nCOh6Wmc$_$6,55,41,audio,2
8x_nCOh6Wmc$_$6,55,42,audio,2
8x_nCOh6Wmc$_$6,55,43,audio,2
8x_nCOh6Wmc$_$6,55,44,audio,2
8x_nCOh6Wmc$_$6,55,45,audio,2
8x_nCOh6Wmc$_$6,55,46,audio,2
8x_nCOh6Wmc$_$6,55,47,audio,2
8x_nCOh6Wmc$_$6,55,48,audio,0
8x_nCOh6Wmc$_$6,55,49,audio,0
241629$_$8,56,0,audio,0
241629$_$8,56,1,audio,2
241629$_$8,56,2,audio,2
241629$_$8,56,3,audio,2
241629$_$8,56,4,audio,2
241629$_$8,56,5,audio,2
241629$_$8,56,6,audio,2
241629$_$8,56,7,audio,2
241629$_$8,56,8,audio,2
241629$_$8,56,9,audio,2
241629$_$8,56,10,audio,2
241629$_$8,56,11,audio,2
241629$_$8,56,12,audio,2
241629$_$8,56,13,audio,2
241629$_$8,56,14,audio,2
241629$_$8,56,15,audio,2
241629$_$8,56,16,audio,2
241629$_$8,56,17,audio,2
241629$_$8,56,18,audio,2
241629$_$8,56,19,audio,2
241629$_$8,56,20,audio,2
241629$_$8,56,21,audio,2
241629$_$8,56,22,audio,2
241629$_$8,56,23,audio,2
241629$_$8,56,24,audio,2
241629$_$8,56,25,audio,2
241629$_$8,56,26,audio,2
241629$_$8,56,27,audio,2
241629$_$8,56,28,audio,2
241629$_$8,56,29,audio,2
241629$_$8,56,30,audio,2
241629$_$8,56,31,audio,2
241629$_$8,56,32,audio,2
241629$_$8,56,33,audio,2
241629$_$8,56,34,audio,2
241629$_$8,56,35,audio,2
241629$_$8,56,36,audio,2
241629$_$8,56,37,audio,2
241629$_$8,56,38,audio,2
241629$_$8,56,39,audio,2
241629$_$8,56,40,audio,2
241629$_$8,56,41,audio,2
241629$_$8,56,42,audio,2
241629$_$8,56,43,audio,2
241629$_$8,56,44,audio,2
241629$_$8,56,45,audio,2
241629$_$8,56,46,audio,2
241629$_$8,56,47,audio,2
241629$_$8,56,48,audio,2
241629$_$8,56,49,audio,0
5kaCGzjYukM$_$7,57,0,audio,0
5kaCGzjYukM$_$7,57,1,audio,2
5kaCGzjYukM$_$7,57,2,audio,2
5kaCGzjYukM$_$7,57,3,audio,2
5kaCGzjYukM$_$7,57,4,audio,2
5kaCGzjYukM$_$7,57,5,audio,2
5kaCGzjYukM$_$7,57,6,audio,2
5kaCGzjYukM$_$7,57,7,audio,2
5kaCGzjYukM$_$7,57,8,audio,2
5kaCGzjYukM$_$7,57,9,audio,2
5kaCGzjYukM$_$7,57,10,audio,2
5kaCGzjYukM$_$7,57,11,audio,2
5kaCGzjYukM$_$7,57,12,audio,2
5kaCGzjYukM$_$7,57,13,audio,2
5kaCGzjYukM$_$7,57,14,audio,2
5kaCGzjYukM$_$7,57,15,audio,2
5kaCGzjYukM$_$7,57,16,audio,2
5kaCGzjYukM$_$7,57,17,audio,2
5kaCGzjYukM$_$7,57,18,audio,2
5kaCGzjYukM$_$7,57,19,audio,2
5kaCGzjYukM$_$7,57,20,audio,2
5kaCGzjYukM$_$7,57,21,audio,2
5kaCGzjYukM$_$7,57,22,audio,2
5kaCGzjYukM$_$7,57,23,audio,2
5kaCGzjYukM$_$7,57,24,audio,2
5kaCGzjYukM$_$7,57,25,audio,2
5kaCGzjYukM$_$7,57,26,audio,2
5kaCGzjYukM$_$7,57,27,audio,2
5kaCGzjYukM$_$7,57,28,audio,2
5kaCGzjYukM$_$7,57,29,audio,2
5kaCGzjYukM$_$7,57,30,audio,2
5kaCGzjYukM$_$7,57,31,audio,2
5kaCGzjYukM$_$7,57,32,audio,2
5kaCGzjYukM$_$7,57,33,audio,2
5kaCGzjYukM$_$7,57,34,audio,2
5kaCGzjYukM$_$7,57,35,audio,2
5kaCGzjYukM$_$7,57,36,audio,2
5kaCGzjYukM$_$7,57,37,audio,2
5kaCGzjYukM$_$7,57,38,audio,2
5kaCGzjYukM$_$7,57,39,audio,2
5kaCGzjYukM$_$7,57,40,audio,2
5kaCGzjYukM$_$7,57,41,audio,2
5kaCGzjYukM$_$7,57,42,audio,2
5kaCGzjYukM$_$7,57,43,audio,2
5kaCGzjYukM$_$7,57,44,audio,2
5kaCGzjYukM$_$7,57,45,audio,2
5kaCGzjYukM$_$7,57,46,audio,2
5kaCGzjYukM$_$7,57,47,audio,2
5kaCGzjYukM$_$7,57,48,audio,2
5kaCGzjYukM$_$7,57,49,audio,0
eOiC1kb17P4$_$0,58,0,audio,0
eOiC1kb17P4$_$0,58,1,audio,2
eOiC1kb17P4$_$0,58,2,audio,2
eOiC1kb17P4$_$0,58,3,audio,2
eOiC1kb17P4$_$0,58,4,audio,2
eOiC1kb17P4$_$0,58,5,audio,2
eOiC1kb17P4$_$0,58,6,audio,2
eOiC1kb17P4$_$0,58,7,audio,2
eOiC1kb17P4$_$0,58,8,audio,2
eOiC1kb17P4$_$0,58,9,audio,2
eOiC1kb17P4$_$0,58,10,audio,2
eOiC1kb17P4$_$0,58,11,audio,2
eOiC1kb17P4$_$0,58,12,audio,2
eOiC1kb17P4$_$0,58,13,audio,2
eOiC1kb17P4$_$0,58,14,audio,2
eOiC1kb17P4$_$0,58,15,audio,2
eOiC1kb17P4$_$0,58,16,audio,2
eOiC1kb17P4$_$0,58,17,audio,2
eOiC1kb17P4$_$0,58,18,audio,2
eOiC1kb17P4$_$0,58,19,audio,2
eOiC1kb17P4$_$0,58,20,audio,2
eOiC1kb17P4$_$0,58,21,audio,2
eOiC1kb17P4$_$0,58,22,audio,2
eOiC1kb17P4$_$0,58,23,audio,2
eOiC1kb17P4$_$0,58,24,audio,2
eOiC1kb17P4$_$0,58,25,audio,2
eOiC1kb17P4$_$0,58,26,audio,2
eOiC1kb17P4$_$0,58,27,audio,2
eOiC1kb17P4$_$0,58,28,audio,2
eOiC1kb17P4$_$0,58,29,audio,2
eOiC1kb17P4$_$0,58,30,audio,2
eOiC1kb17P4$_$0,58,31,audio,2
eOiC1kb17P4$_$0,58,32,audio,2
eOiC1kb17P4$_$0,58,33,audio,2
eOiC1kb17P4$_$0,58,34,audio,2
eOiC1kb17P4$_$0,58,35,audio,2
eOiC1kb17P4$_$0,58,36,audio,2
eOiC1kb17P4$_$0,58,37,audio,2
eOiC1kb17P4$_$0,58,38,audio,2
eOiC1kb17P4$_$0,58,39,audio,2
eOiC1kb17P4$_$0,58,40,audio,2
eOiC1kb17P4$_$0,58,41,audio,2
eOiC1kb17P4$_$0,58,42,audio,2
eOiC1kb17P4$_$0,58,43,audio,2
eOiC1kb17P4$_$0,58,44,audio,2
eOiC1kb17P4$_$0,58,45,audio,2
eOiC1kb17P4$_$0,58,46,audio,2
eOiC1kb17P4$_$0,58,47,audio,2
eOiC1kb17P4$_$0,58,48,audio,2
eOiC1kb17P4$_$0,58,49,audio,0
xjsaS-LeZ14$_$6,59,0,audio,0
xjsaS-LeZ14$_$6,59,1,audio,2
xjsaS-LeZ14$_$6,59,2,audio,2
xjsaS-LeZ14$_$6,59,3,audio,2
xjsaS-LeZ14$_$6,59,4,audio,2
xjsaS-LeZ14$_$6,59,5,audio,2
xjsaS-LeZ14$_$6,59,6,audio,2
xjsaS-LeZ14$_$6,59,7,audio,2
xjsaS-LeZ14$_$6,59,8,audio,2
xjsaS-LeZ14$_$6,59,9,audio,2
xjsaS-LeZ14$_$6,59,10,audio,2
xjsaS-LeZ14$_$6,59,11,audio,2
xjsaS-LeZ14$_$6,59,12,audio,2
xjsaS-LeZ14$_$6,59,13,audio,2
xjsaS-LeZ14$_$6,59,14,audio,2
xjsaS-LeZ14$_$6,59,15,audio,2
xjsaS-LeZ14$_$6,59,16,audio,2
xjsaS-LeZ14$_$6,59,17,audio,2
xjsaS-LeZ14$_$6,59,18,audio,2
xjsaS-LeZ14$_$6,59,19,audio,2
xjsaS-LeZ14$_$6,59,20,audio,2
xjsaS-LeZ14$_$6,59,21,audio,2
xjsaS-LeZ14$_$6,59,22,audio,2
xjsaS-LeZ14$_$6,59,23,audio,2
xjsaS-LeZ14$_$6,59,24,audio,2
xjsaS-LeZ14$_$6,59,25,audio,2
xjsaS-LeZ14$_$6,59,26,audio,2
xjsaS-LeZ14$_$6,59,27,audio,2
xjsaS-LeZ14$_$6,59,28,audio,2
xjsaS-LeZ14$_$6,59,29,audio,2
xjsaS-LeZ14$_$6,59,30,audio,2
xjsaS-LeZ14$_$6,59,31,audio,2
xjsaS-LeZ14$_$6,59,32,audio,2
xjsaS-LeZ14$_$6,59,33,audio,2
xjsaS-LeZ14$_$6,59,34,audio,2
xjsaS-LeZ14$_$6,59,35,audio,2
xjsaS-LeZ14$_$6,59,36,audio,2
xjsaS-LeZ14$_$6,59,37,audio,2
xjsaS-LeZ14$_$6,59,38,audio,2
xjsaS-LeZ14$_$6,59,39,audio,2
xjsaS-LeZ14$_$6,59,40,audio,2
xjsaS-LeZ14$_$6,59,41,audio,2
xjsaS-LeZ14$_$6,59,42,audio,2
xjsaS-LeZ14$_$6,59,43,audio,2
xjsaS-LeZ14$_$6,59,44,audio,2
xjsaS-LeZ14$_$6,59,45,audio,2
xjsaS-LeZ14$_$6,59,46,audio,2
xjsaS-LeZ14$_$6,59,47,audio,2
xjsaS-LeZ14$_$6,59,48,audio,2
xjsaS-LeZ14$_$6,59,49,audio,0
112433$_$10,0,0,vision,0
112433$_$10,0,1,vision,2
112433$_$10,0,2,vision,0
112433$_$10,0,3,vision,0
112433$_$10,0,4,vision,0
112433$_$10,0,5,vision,0
112433$_$10,0,6,vision,0
112433$_$10,0,7,vision,0
112433$_$10,0,8,vision,0
112433$_$10,0,9,vision,0
112433$_$10,0,10,vision,0
112433$_$10,0,11,vision,0
112433$_$10,0,12,vision,0
112433$_$10,0,13,vision,0
112433$_$10,0,14,vision,0
112433$_$10,0,15,vision,0
112433$_$10,0,16,vision,0
112433$_$10,0,17,vision,0
112433$_$10,0,18,vision,0
112433$_$10,0,19,vision,0
112433$_$10,0,20,vision,0
112433$_$10,0,21,vision,0
112433$_$10,0,22,vision,0
112433$_$10,0,23,vision,0
112433$_$10,0,24,vision,0
112433$_$10,0,25,vision,0
112433$_$10,0,26,vision,0
112433$_$10,0,27,vision,0
112433$_$10,0,28,vision,0
112433$_$10,0,29,vision,0
112433$_$10,0,30,vision,0
112433$_$10,0,31,vision,0
112433$_$10,0,32,vision,0
112433$_$10,0,33,vision,0
112433$_$10,0,34,vision,0
112433$_$10,0,35,vision,0
112433$_$10,0,36,vision,0
112433$_$10,0,37,vision,0
112433$_$10,0,38,vision,0
112433$_$10,0,39,vision,0
112433$_$10,0,40,vision,0
112433$_$10,0,41,vision,0
112433$_$10,0,42,vision,0
112433$_$10,0,43,vision,0
112433$_$10,0,44,vision,0
112433$_$10,0,45,vision,0
112433$_$10,0,46,vision,0
112433$_$10,0,47,vision,0
112433$_$10,0,48,vision,0
112433$_$10,0,49,vision,0
80855$_$2,1,0,vision,0
80855$_$2,1,1,vision,2
80855$_$2,1,2,vision,2
80855$_$2,1,3,vision,2
80855$_$2,1,4,vision,2
80855$_$2,1,5,vision,2
80855$_$2,1,6,vision,0
80855$_$2,1,7,vision,0
80855$_$2,1,8,vision,0
80855$_$2,1,9,vision,0
80855$_$2,1,10,vision,0
80855$_$2,1,11,vision,0
80855$_$2,1,12,vision,0
80855$_$2,1,13,vision,0
80855$_$2,1,14,vision,0
80855$_$2,1,15,vision,0
80855$_$2,1,16,vision,0
80855$_$2,1,17,vision,0
80855$_$2,1,18,vision,0
80855$_$2,1,19,vision,0
80855$_$2,1,20,vision,0
80855$_$2,1,21,vision,0
80855$_$2,1,22,vision,0
80855$_$2,1,23,vision,0
80855$_$2,1,24,vision,0
80855$_$2,1,25,vision,0
80855$_$2,1,26,vision,0
80855$_$2,1,27,vision,0
80855$_$2,1,28,vision,0
80855$_$2,1,29,vision,0
80855$_$2,1,30,vision,0
80855$_$2,1,31,vision,0
80855$_$2,1,32,vision,0
80855$_$2,1,33,vision,0
80855$_$2,1,34,vision,0
80855$_$2,1,35,vision,0
80855$_$2,1,36,vision,0
80855$_$2,1,37,vision,0
80855$_$2,1,38,vision,0
80855$_$2,1,39,vision,0
80855$_$2,1,40,vision,0
80855$_$2,1,41,vision,0
80855$_$2,1,42,vision,0
80855$_$2,1,43,vision,0
80855$_$2,1,44,vision,0
80855$_$2,1,45,vision,0
80855$_$2,1,46,vision,0
80855$_$2,1,47,vision,0
80855$_$2,1,48,vision,0
80855$_$2,1,49,vision,0
sPremsknoLM$_$1,2,0,vision,0
sPremsknoLM$_$1,2,1,vision,1
sPremsknoLM$_$1,2,2,vision,1
sPremsknoLM$_$1,2,3,vision,1
sPremsknoLM$_$1,2,4,vision,1
sPremsknoLM$_$1,2,5,vision,1
sPremsknoLM$_$1,2,6,vision,1
sPremsknoLM$_$1,2,7,vision,0
sPremsknoLM$_$1,2,8,vision,0
sPremsknoLM$_$1,2,9,vision,0
sPremsknoLM$_$1,2,10,vision,0
sPremsknoLM$_$1,2,11,vision,0
sPremsknoLM$_$1,2,12,vision,0
sPremsknoLM$_$1,2,13,vision,0
sPremsknoLM$_$1,2,14,vision,0
sPremsknoLM$_$1,2,15,vision,0
sPremsknoLM$_$1,2,16,vision,0
sPremsknoLM$_$1,2,17,vision,0
sPremsknoLM$_$1,2,18,vision,0
sPremsknoLM$_$1,2,19,vision,0
sPremsknoLM$_$1,2,20,vision,0
sPremsknoLM$_$1,2,21,vision,0
sPremsknoLM$_$1,2,22,vision,0
sPremsknoLM$_$1,2,23,vision,0
sPremsknoLM$_$1,2,24,vision,0
sPremsknoLM$_$1,2,25,vision,0
sPremsknoLM$_$1,2,26,vision,0
sPremsknoLM$_$1,2,27,vision,0
sPremsknoLM$_$1,2,28,vision,0
sPremsknoLM$_$1,2,29,vision,0
sPremsknoLM$_$1,2,30,vision,0
sPremsknoLM$_$1,2,31,vision,0
sPremsknoLM$_$1,2,32,vision,0
sPremsknoLM$_$1,2,33,vision,0
sPremsknoLM$_$1,2,34,vision,0
sPremsknoLM$_$1,2,35,vision,0
sPremsknoLM$_$1,2,36,vision,0
sPremsknoLM$_$1,2,37,vision,0
sPremsknoLM$_$1,2,38,vision,0
sPremsknoLM$_$1,2,39,vision,0
sPremsknoLM$_$1,2,40,vision,0
sPremsknoLM$_$1,2,41,vision,0
sPremsknoLM$_$1,2,42,vision,0
sPremsknoLM$_$1,2,43,vision,0
sPremsknoLM$_$1,2,44,vision,0
sPremsknoLM$_$1,2,45,vision,0
sPremsknoLM$_$1,2,46,vision,0
sPremsknoLM$_$1,2,47,vision,0
sPremsknoLM$_$1,2,48,vision,0
sPremsknoLM$_$1,2,49,vision,0
d8BR6hsvzoY$_$0,3,0,vision,0
d8BR6hsvzoY$_$0,3,1,vision,2
d8BR6hsvzoY$_$0,3,2,vision,2
d8BR6hsvzoY$_$0,3,3,vision,2
d8BR6hsvzoY$_$0,3,4,vision,2
d8BR6hsvzoY$_$0,3,5,vision,2
d8BR6hsvzoY$_$0,3,6,vision,2
d8BR6hsvzoY$_$0,3,7,vision,2
d8BR6hsvzoY$_$0,3,8,vision,0
d8BR6hsvzoY$_$0,3,9,vision,0
d8BR6hsvzoY$_$0,3,10,vision,0
d8BR6hsvzoY$_$0,3,11,vision,0
d8BR6hsvzoY$_$0,3,12,vision,0
d8BR6hsvzoY$_$0,3,13,vision,0
d8BR6hsvzoY$_$0,3,14,vision,0
d8BR6hsvzoY$_$0,3,15,vision,0
d8BR6hsvzoY$_$0,3,16,vision,0
d8BR6hsvzoY$_$0,3,17,vision,0
d8BR6hsvzoY$_$0,3,18,vision,0
d8BR6hsvzoY$_$0,3,19,vision,0
d8BR6hsvzoY$_$0,3,20,vision,0
d8BR6hsvzoY$_$0,3,21,vision,0
d8BR6hsvzoY$_$0,3,22,vision,0
d8BR6hsvzoY$_$0,3,23,vision,0
d8BR6hsvzoY$_$0,3,24,vision,0
d8BR6hsvzoY$_$0,3,25,vision,0
d8BR6hsvzoY$_$0,3,26,vision,0
d8BR6hsvzoY$_$0,3,27,vision,0
d8BR6hsvzoY$_$0,3,28,vision,0
d8BR6hsvzoY$_$0,3,29,vision,0
d8BR6hsvzoY$_$0,3,30,vision,0
d8BR6hsvzoY$_$0,3,31,vision,0
d8BR6hsvzoY$_$0,3,32,vision,0
d8BR6hsvzoY$_$0,3,33,vision,0
d8BR6hsvzoY$_$0,3,34,vision,0
d8BR6hsvzoY$_$0,3,35,vision,0
d8BR6hsvzoY$_$0,3,36,vision,0
d8BR6hsvzoY$_$0,3,37,vision,0
d8BR6hsvzoY$_$0,3,38,vision,0
d8BR6hsvzoY$_$0,3,39,vision,0
d8BR6hsvzoY$_$0,3,40,vision,0
d8BR6hsvzoY$_$0,3,41,vision,0
d8BR6hsvzoY$_$0,3,42,vision,0
d8BR6hsvzoY$_$0,3,43,vision,0
d8BR6hsvzoY$_$0,3,44,vision,0
d8BR6hsvzoY$_$0,3,45,vision,0
d8BR6hsvzoY$_$0,3,46,vision,0
d8BR6hsvzoY$_$0,3,47,vision,0
d8BR6hsvzoY$_$0,3,48,vision,0
d8BR6hsvzoY$_$0,3,49,vision,0
RArhIHk4Qs4$_$8,4,0,vision,0
RArhIHk4Qs4$_$8,4,1,vision,2
RArhIHk4Qs4$_$8,4,2,vision,2
RArhIHk4Qs4$_$8,4,3,vision,2
RArhIHk4Qs4$_$8,4,4,vision,2
RArhIHk4Qs4$_$8,4,5,vision,2
RArhIHk4Qs4$_$8,4,6,vision,2
RArhIHk4Qs4$_$8,4,7,vision,2
RArhIHk4Qs4$_$8,4,8,vision,2
RArhIHk4Qs4$_$8,4,9,vision,0
RArhIHk4Qs4$_$8,4,10,vision,0
RArhIHk4Qs4$_$8,4,11,vision,0
RArhIHk4Qs4$_$8,4,12,vision,0
RArhIHk4Qs4$_$8,4,13,vision,0
RArhIHk4Qs4$_$8,4,14,vision,0
RArhIHk4Qs4$_$8,4,15,vision,0
RArhIHk4Qs4$_$8,4,16,vision,0
RArhIHk4Qs4$_$8,4,17,vision,0
RArhIHk4Qs4$_$8,4,18,vision,0
RArhIHk4Qs4$_$8,4,19,vision,0
RArhIHk4Qs4$_$8,4,20,vision,0
RArhIHk4Qs4$_$8,4,21,vision,0
RArhIHk4Qs4$_$8,4,22,vision,0
RArhIHk4Qs4$_$8,4,23,vision,0
RArhIHk4Qs4$_$8,4,24,vision,0
RArhIHk4Qs4$_$8,4,25,vision,0
RArhIHk4Qs4$_$8,4,26,vision,0
RArhIHk4Qs4$_$8,4,27,vision,0
RArhIHk4Qs4$_$8,4,28,vision,0
RArhIHk4Qs4$_$8,4,29,vision,0
RArhIHk4Qs4$_$8,4,30,vision,0
RArhIHk4Qs4$_$8,4,31,vision,0
RArhIHk4Qs4$_$8,4,32,vision,0
RArhIHk4Qs4$_$8,4,33,vision,0
RArhIHk4Qs4$_$8,4,34,vision,0
RArhIHk4Qs4$_$8,4,35,vision,0
RArhIHk4Qs4$_$8,4,36,vision,0
RArhIHk4Qs4$_$8,4,37,vision,0
RArhIHk4Qs4$_$8,4,38,vision,0
RArhIHk4Qs4$_$8,4,39,vision,0
RArhIHk4Qs4$_$8,4,40,vision,0
RArhIHk4Qs4$_$8,4,41,vision,0
RArhIHk4Qs4$_$8,4,42,vision,0
RArhIHk4Qs4$_$8,4,43,vision,0
RArhIHk4Qs4$_$8,4,44,vision,0
RArhIHk4Qs4$_$8,4,45,vision,0
RArhIHk4Qs4$_$8,4,46,vision,0
RArhIHk4Qs4$_$8,4,47,vision,0
RArhIHk4Qs4$_$8,4,48,vision,0
RArhIHk4Qs4$_$8,4,49,vision,0
N5xfBtD6rLY$_$7,5,0,vision,0
N5xfBtD6rLY$_$7,5,1,vision,1
N5xfBtD6rLY$_$7,5,2,vision,1
N5xfBtD6rLY$_$7,5,3,vision,1
N5xfBtD6rLY$_$7,5,4,vision,1
N5xfBtD6rLY$_$7,5,5,vision,1
N5xfBtD6rLY$_$7,5,6,vision,1
N5xfBtD6rLY$_$7,5,7,vision,1
N5xfBtD6rLY$_$7,5,8,vision,1
N5xfBtD6rLY$_$7,5,9,vision,1
N5xfBtD6rLY$_$7,5,10,vision,0
N5xfBtD6rLY$_$7,5,11,vision,0
N5xfBtD6rLY$_$7,5,12,vision,0
N5xfBtD6rLY$_$7,5,13,vision,0
N5xfBtD6rLY$_$7,5,14,vision,0
N5xfBtD6rLY$_$7,5,15,vision,0
N5xfBtD6rLY$_$7,5,16,vision,0
N5xfBtD6rLY$_$7,5,17,vision,0
N5xfBtD6rLY$_$7,5,18,vision,0
N5xfBtD6rLY$_$7,5,19,vision,0
N5xfBtD6rLY$_$7,5,20,vision,0
N5xfBtD6rLY$_$7,5,21,vision,0
N5xfBtD6rLY$_$7,5,22,vision,0
N5xfBtD6rLY$_$7,5,23,vision,0
N5xfBtD6rLY$_$7,5,24,vision,0
N5xfBtD6rLY$_$7,5,25,vision,0
N5xfBtD6rLY$_$7,5,26,vision,0
N5xfBtD6rLY$_$7,5,27,vision,0
N5xfBtD6rLY$_$7,5,28,vision,0
N5xfBtD6rLY$_$7,5,29,vision,0
N5xfBtD6rLY$_$7,5,30,vision,0
N5xfBtD6rLY$_$7,5,31,vision,0
N5xfBtD6rLY$_$7,5,32,vision,0
N5xfBtD6rLY$_$7,5,33,vision,0
N5xfBtD6rLY$_$7,5,34,vision,0
N5xfBtD6rLY$_$7,5,35,vision,0
N5xfBtD6rLY$_$7,5,36,vision,0
N5xfBtD6rLY$_$7,5,37,vision,0
N5xfBtD6rLY$_$7,5,38,vision,0
N5xfBtD6rLY$_$7,5,39,vision,0
N5xfBtD6rLY$_$7,5,40,vision,0
N5xfBtD6rLY$_$7,5,41,vision,0
N5xfBtD6rLY$_$7,5,42,vision,0
N5xfBtD6rLY$_$7,5,43,vision,0
N5xfBtD6rLY$_$7,5,44,vision,0
N5xfBtD6rLY$_$7,5,45,vision,0
N5xfBtD6rLY$_$7,5,46,vision,0
N5xfBtD6rLY$_$7,5,47,vision,0
N5xfBtD6rLY$_$7,5,48,vision,0
N5xfBtD6rLY$_$7,5,49,vision,0
RArhIHk4Qs4$_$19,6,0,vision,0
RArhIHk4Qs4$_$19,6,1,vision,2
RArhIHk4Qs4$_$19,6,2,vision,2
RArhIHk4Qs4$_$19,6,3,vision,2
RArhIHk4Qs4$_$19,6,4,vision,2
RArhIHk4Qs4$_$19,6,5,vision,2
RArhIHk4Qs4$_$19,6,6,vision,2
RArhIHk4Qs4$_$19,6,7,vision,2
RArhIHk4Qs4$_$19,6,8,vision,2
RArhIHk4Qs4$_$19,6,9,vision,2
RArhIHk4Qs4$_$19,6,10,vision,2
RArhIHk4Qs4$_$19,6,11,vision,0
RArhIHk4Qs4$_$19,6,12,vision,0
RArhIHk4Qs4$_$19,6,13,vision,0
RArhIHk4Qs4$_$19,6,14,vision,0
RArhIHk4Qs4$_$19,6,15,vision,0
RArhIHk4Qs4$_$19,6,16,vision,0
RArhIHk4Qs4$_$19,6,17,vision,0
RArhIHk4Qs4$_$19,6,18,vision,0
RArhIHk4Qs4$_$19,6,19,vision,0
RArhIHk4Qs4$_$19,6,20,vision,0
RArhIHk4Qs4$_$19,6,21,vision,0
RArhIHk4Qs4$_$19,6,22,vision,0
RArhIHk4Qs4$_$19,6,23,vision,0
RArhIHk4Qs4$_$19,6,24,vision,0
RArhIHk4Qs4$_$19,6,25,vision,0
RArhIHk4Qs4$_$19,6,26,vision,0
RArhIHk4Qs4$_$19,6,27,vision,0
RArhIHk4Qs4$_$19,6,28,vision,0
RArhIHk4Qs4$_$19,6,29,vision,0
RArhIHk4Qs4$_$19,6,30,vision,0
RArhIHk4Qs4$_$19,6,31,vision,0
RArhIHk4Qs4$_$19,6,32,vision,0
RArhIHk4Qs4$_$19,6,33,vision,0
RArhIHk4Qs4$_$19,6,34,vision,0
RArhIHk4Qs4$_$19,6,35,vision,0
RArhIHk4Qs4$_$19,6,36,vision,0
RArhIHk4Qs4$_$19,6,37,vision,0
RArhIHk4Qs4$_$19,6,38,vision,0
RArhIHk4Qs4$_$19,6,39,vision,0
RArhIHk4Qs4$_$19,6,40,vision,0
RArhIHk4Qs4$_$19,6,41,vision,0
RArhIHk4Qs4$_$19,6,42,vision,0
RArhIHk4Qs4$_$19,6,43,vision,0
RArhIHk4Qs4$_$19,6,44,vision,0
RArhIHk4Qs4$_$19,6,45,vision,0
RArhIHk4Qs4$_$19,6,46,vision,0
RArhIHk4Qs4$_$19,6,47,vision,0
RArhIHk4Qs4$_$19,6,48,vision,0
RArhIHk4Qs4$_$19,6,49,vision,0
266791$_$8,7,0,vision,0
266791$_$8,7,1,vision,2
266791$_$8,7,2,vision,2
266791$_$8,7,3,vision,2
266791$_$8,7,4,vision,2
266791$_$8,7,5,vision,2
266791$_$8,7,6,vision,2
266791$_$8,7,7,vision,2
266791$_$8,7,8,vision,2
266791$_$8,7,9,vision,2
266791$_$8,7,10,vision,2
266791$_$8,7,11,vision,2
266791$_$8,7,12,vision,0
266791$_$8,7,13,vision,0
266791$_$8,7,14,vision,0
266791$_$8,7,15,vision,0
266791$_$8,7,16,vision,0
266791$_$8,7,17,vision,0
266791$_$8,7,18,vision,0
266791$_$8,7,19,vision,0
266791$_$8,7,20,vision,0
266791$_$8,7,21,vision,0
266791$_$8,7,22,vision,0
266791$_$8,7,23,vision,0
266791$_$8,7,24,vision,0
266791$_$8,7,25,vision,0
266791$_$8,7,26,vision,0
266791$_$8,7,27,vision,0
266791$_$8,7,28,vision,0
266791$_$8,7,29,vision,0
266791$_$8,7,30,vision,0
266791$_$8,7,31,vision,0
266791$_$8,7,32,vision,0
266791$_$8,7,33,vision,0
266791$_$8,7,34,vision,0
266791$_$8,7,35,vision,0
266791$_$8,7,36,vision,0
266791$_$8,7,37,vision,0
266791$_$8,7,38,vision,0
266791$_$8,7,39,vision,0
266791$_$8,7,40,vision,0
266791$_$8,7,41,vision,0
266791$_$8,7,42,vision,0
266791$_$8,7,43,vision,0
266791$_$8,7,44,vision,0
266791$_$8,7,45,vision,0
266791$_$8,7,46,vision,0
266791$_$8,7,47,vision,0
266791$_$8,7,48,vision,0
266791$_$8,7,49,vision,0
3j94B0pzSVs$_$12,8,0,vision,0
3j94B0pzSVs$_$12,8,1,vision,2
3j94B0pzSVs$_$12,8,2,vision,2
3j94B0pzSVs$_$12,8,3,vision,2
3j94B0pzSVs$_$12,8,4,vision,2
3j94B0pzSVs$_$12,8,5,vision,2
3j94B0pzSVs$_$12,8,6,vision,2
3j94B0pzSVs$_$12,8,7,vision,2
3j94B0pzSVs$_$12,8,8,vision,2
3j94B0pzSVs$_$12,8,9,vision,2
3j94B0pzSVs$_$12,8,10,vision,2
3j94B0pzSVs$_$12,8,11,vision,2
3j94B0pzSVs$_$12,8,12,vision,2
3j94B0pzSVs$_$12,8,13,vision,0
3j94B0pzSVs$_$12,8,14,vision,0
3j94B0pzSVs$_$12,8,15,vision,0
3j94B0pzSVs$_$12,8,16,vision,0
3j94B0pzSVs$_$12,8,17,vision,0
3j94B0pzSVs$_$12,8,18,vision,0
3j94B0pzSVs$_$12,8,19,vision,0
3j94B0pzSVs$_$12,8,20,vision,0
3j94B0pzSVs$_$12,8,21,vision,0
3j94B0pzSVs$_$12,8,22,vision,0
3j94B0pzSVs$_$12,8,23,vision,0
3j94B0pzSVs$_$12,8,24,vision,0
3j94B0pzSVs$_$12,8,25,vision,0
3j94B0pzSVs$_$12,8,26,vision,0
3j94B0pzSVs$_$12,8,27,vision,0
3j94B0pzSVs$_$12,8,28,vision,0
3j94B0pzSVs$_$12,8,29,vision,0
3j94B0pzSVs$_$12,8,30,vision,0
3j94B0pzSVs$_$12,8,31,vision,0
3j94B0pzSVs$_$12,8,32,vision,0
3j94B0pzSVs$_$12,8,33,vision,0
3j94B0pzSVs$_$12,8,34,vision,0
3j94B0pzSVs$_$12,8,35,vision,0
3j94B0pzSVs$_$12,8,36,vision,0
3j94B0pzSVs$_$12,8,37,vision,0
3j94B0pzSVs$_$12,8,38,vision,0
3j94B0pzSVs$_$12,8,39,vision,0
3j94B0pzSVs$_$12,8,40,vision,0
3j94B0pzSVs$_$12,8,41,vision,0
3j94B0pzSVs$_$12,8,42,vision,0
3j94B0pzSVs$_$12,8,43,vision,0
3j94B0pzSVs$_$12,8,44,vision,0
3j94B0pzSVs$_$12,8,45,vision,0
3j94B0pzSVs$_$12,8,46,vision,0
3j94B0pzSVs$_$12,8,47,vision,0
3j94B0pzSVs$_$12,8,48,vision,0
3j94B0pzSVs$_$12,8,49,vision,0
v2Rr-EsJda8$_$6,9,0,vision,0
v2Rr-EsJda8$_$6,9,1,vision,1
v2Rr-EsJda8$_$6,9,2,vision,1
v2Rr-EsJda8$_$6,9,3,vision,2
v2Rr-EsJda8$_$6,9,4,vision,2
v2Rr-EsJda8$_$6,9,5,vision,2
v2Rr-EsJda8$_$6,9,6,vision,2
v2Rr-EsJda8$_$6,9,7,vision,1
v2Rr-EsJda8$_$6,9,8,vision,2
v2Rr-EsJda8$_$6,9,9,vision,2
v2Rr-EsJda8$_$6,9,10,vision,2
v2Rr-EsJda8$_$6,9,11,vision,2
v2Rr-EsJda8$_$6,9,12,vision,2
v2Rr-EsJda8$_$6,9,13,vision,0
v2Rr-EsJda8$_$6,9,14,vision,0
v2Rr-EsJda8$_$6,9,15,vision,0
v2Rr-EsJda8$_$6,9,16,vision,0
v2Rr-EsJda8$_$6,9,17,vision,0
v2Rr-EsJda8$_$6,9,18,vision,0
v2Rr-EsJda8$_$6,9,19,vision,0
v2Rr-EsJda8$_$6,9,20,vision,0
v2Rr-EsJda8$_$6,9,21,vision,0
v2Rr-EsJda8$_$6,9,22,vision,0
v2Rr-EsJda8$_$6,9,23,vision,0
v2Rr-EsJda8$_$6,9,24,vision,0
v2Rr-EsJda8$_$6,9,25,vision,0
v2Rr-EsJda8$_$6,9,26,vision,0
v2Rr-EsJda8$_$6,9,27,vision,0
v2Rr-EsJda8$_$6,9,28,vision,0
v2Rr-EsJda8$_$6,9,29,vision,0
v2Rr-EsJda8$_$6,9,30,vision,0
v2Rr-EsJda8$_$6,9,31,vision,0
v2Rr-EsJda8$_$6,9,32,vision,0
v2Rr-EsJda8$_$6,9,33,vision,0
v2Rr-EsJda8$_$6,9,34,vision,0
v2Rr-EsJda8$_$6,9,35,vision,0
v2Rr-EsJda8$_$6,9,36,vision,0
v2Rr-EsJda8$_$6,9,37,vision,0
v2Rr-EsJda8$_$6,9,38,vision,0
v2Rr-EsJda8$_$6,9,39,vision,0
v2Rr-EsJda8$_$6,9,40,vision,0
v2Rr-EsJda8$_$6,9,41,vision,0
v2Rr-EsJda8$_$6,9,42,vision,0
v2Rr-EsJda8$_$6,9,43,vision,0
v2Rr-EsJda8$_$6,9,44,vision,0
v2Rr-EsJda8$_$6,9,45,vision,0
v2Rr-EsJda8$_$6,9,46,vision,0
v2Rr-EsJda8$_$6,9,47,vision,0
v2Rr-EsJda8$_$6,9,48,vision,0
v2Rr-EsJda8$_$6,9,49,vision,0
ET1cU5_A2YM$_$3,10,0,vision,0
ET1cU5_A2YM$_$3,10,1,vision,2
ET1cU5_A2YM$_$3,10,2,vision,2
ET1cU5_A2YM$_$3,10,3,vision,2
ET1cU5_A2YM$_$3,10,4,vision,2
ET1cU5_A2YM$_$3,10,5,vision,2
ET1cU5_A2YM$_$3,10,6,vision,2
ET1cU5_A2YM$_$3,10,7,vision,2
ET1cU5_A2YM$_$3,10,8,vision,2
ET1cU5_A2YM$_$3,10,9,vision,2
ET1cU5_A2YM$_$3,10,10,vision,2
ET1cU5_A2YM$_$3,10,11,vision,2
ET1cU5_A2YM$_$3,10,12,vision,2
ET1cU5_A2YM$_$3,10,13,vision,2
ET1cU5_A2YM$_$3,10,14,vision,0
ET1cU5_A2YM$_$3,10,15,vision,0
ET1cU5_A2YM$_$3,10,16,vision,0
ET1cU5_A2YM$_$3,10,17,vision,0
ET1cU5_A2YM$_$3,10,18,vision,0
ET1cU5_A2YM$_$3,10,19,vision,0
ET1cU5_A2YM$_$3,10,20,vision,0
ET1cU5_A2YM$_$3,10,21,vision,0
ET1cU5_A2YM$_$3,10,22,vision,0
ET1cU5_A2YM$_$3,10,23,vision,0
ET1cU5_A2YM$_$3,10,24,vision,0
ET1cU5_A2YM$_$3,10,25,vision,0
ET1cU5_A2YM$_$3,10,26,vision,0
ET1cU5_A2YM$_$3,10,27,vision,0
ET1cU5_A2YM$_$3,10,28,vision,0
ET1cU5_A2YM$_$3,10,29,vision,0
ET1cU5_A2YM$_$3,10,30,vision,0
ET1cU5_A2YM$_$3,10,31,vision,0
ET1cU5_A2YM$_$3,10,32,vision,0
ET1cU5_A2YM$_$3,10,33,vision,0
ET1cU5_A2YM$_$3,10,34,vision,0
ET1cU5_A2YM$_$3,10,35,vision,0
ET1cU5_A2YM$_$3,10,36,vision,0
ET1cU5_A2YM$_$3,10,37,vision,0
ET1cU5_A2YM$_$3,10,38,vision,0
ET1cU5_A2YM$_$3,10,39,vision,0
ET1cU5_A2YM$_$3,10,40,vision,0
ET1cU5_A2YM$_$3,10,41,vision,0
ET1cU5_A2YM$_$3,10,42,vision,0
ET1cU5_A2YM$_$3,10,43,vision,0
ET1cU5_A2YM$_$3,10,44,vision,0
ET1cU5_A2YM$_$3,10,45,vision,0
ET1cU5_A2YM$_$3,10,46,vision,0
ET1cU5_A2YM$_$3,10,47,vision,0
ET1cU5_A2YM$_$3,10,48,vision,0
ET1cU5_A2YM$_$3,10,49,vision,0
_7HVhnSYX1Y$_$31,11,0,vision,0
_7HVhnSYX1Y$_$31,11,1,vision,2
_7HVhnSYX1Y$_$31,11,2,vision,2
_7HVhnSYX1Y$_$31,11,3,vision,2
_7HVhnSYX1Y$_$31,11,4,vision,2
_7HVhnSYX1Y$_$31,11,5,vision,2
_7HVhnSYX1Y$_$31,11,6,vision,2
_7HVhnSYX1Y$_$31,11,7,vision,2
_7HVhnSYX1Y$_$31,11,8,vision,2
_7HVhnSYX1Y$_$31,11,9,vision,2
_7HVhnSYX1Y$_$31,11,10,vision,2
_7HVhnSYX1Y$_$31,11,11,vision,2
_7HVhnSYX1Y$_$31,11,12,vision,2
_7HVhnSYX1Y$_$31,11,13,vision,2
_7HVhnSYX1Y$_$31,11,14,vision,0
_7HVhnSYX1Y$_$31,11,15,vision,0
_7HVhnSYX1Y$_$31,11,16,vision,0
_7HVhnSYX1Y$_$31,11,17,vision,0
_7HVhnSYX1Y$_$31,11,18,vision,0
_7HVhnSYX1Y$_$31,11,19,vision,0
_7HVhnSYX1Y$_$31,11,20,vision,0
_7HVhnSYX1Y$_$31,11,21,vision,0
_7HVhnSYX1Y$_$31,11,22,vision,0
_7HVhnSYX1Y$_$31,11,23,vision,0
_7HVhnSYX1Y$_$31,11,24,vision,0
_7HVhnSYX1Y$_$31,11,25,vision,0
_7HVhnSYX1Y$_$31,11,26,vision,0
_7HVhnSYX1Y$_$31,11,27,vision,0
_7HVhnSYX1Y$_$31,11,28,vision,0
_7HVhnSYX1Y$_$31,11,29,vision,0
_7HVhnSYX1Y$_$31,11,30,vision,0
_7HVhnSYX1Y$_$31,11,31,vision,0
_7HVhnSYX1Y$_$31,11,32,vision,0
_7HVhnSYX1Y$_$31,11,33,vision,0
_7HVhnSYX1Y$_$31,11,34,vision,0
_7HVhnSYX1Y$_$31,11,35,vision,0
_7HVhnSYX1Y$_$31,11,36,vision,0
_7HVhnSYX1Y$_$31,11,37,vision,0
_7HVhnSYX1Y$_$31,11,38,vision,0
_7HVhnSYX1Y$_$31,11,39,vision,0
_7HVhnSYX1Y$_$31,11,40,vision,0
_7HVhnSYX1Y$_$31,11,41,vision,0
_7HVhnSYX1Y$_$31,11,42,vision,0
_7HVhnSYX1Y$_$31,11,43,vision,0
_7HVhnSYX1Y$_$31,11,44,vision,0
_7HVhnSYX1Y$_$31,11,45,vision,0
_7HVhnSYX1Y$_$31,11,46,vision,0
_7HVhnSYX1Y$_$31,11,47,vision,0
_7HVhnSYX1Y$_$31,11,48,vision,0
_7HVhnSYX1Y$_$31,11,49,vision,0
80566$_$2,12,0,vision,0
80566$_$2,12,1,vision,2
80566$_$2,12,2,vision,2
80566$_$2,12,3,vision,2
80566$_$2,12,4,vision,2
80566$_$2,12,5,vision,2
80566$_$2,12,6,vision,2
80566$_$2,12,7,vision,2
80566$_$2,12,8,vision,2
80566$_$2,12,9,vision,2
80566$_$2,12,10,vision,2
80566$_$2,12,11,vision,2
80566$_$2,12,12,vision,2
80566$_$2,12,13,vision,2
80566$_$2,12,14,vision,2
80566$_$2,12,15,vision,0
80566$_$2,12,16,vision,0
80566$_$2,12,17,vision,0
80566$_$2,12,18,vision,0
80566$_$2,12,19,vision,0
80566$_$2,12,20,vision,0
80566$_$2,12,21,vision,0
80566$_$2,12,22,vision,0
80566$_$2,12,23,vision,0
80566$_$2,12,24,vision,0
80566$_$2,12,25,vision,0
80566$_$2,12,26,vision,0
80566$_$2,12,27,vision,0
80566$_$2,12,28,vision,0
80566$_$2,12,29,vision,0
80566$_$2,12,30,vision,0
80566$_$2,12,31,vision,0
80566$_$2,12,32,vision,0
80566$_$2,12,33,vision,0
80566$_$2,12,34,vision,0
80566$_$2,12,35,vision,0
80566$_$2,12,36,vision,0
80566$_$2,12,37,vision,0
80566$_$2,12,38,vision,0
80566$_$2,12,39,vision,0
80566$_$2,12,40,vision,0
80566$_$2,12,41,vision,0
80566$_$2,12,42,vision,0
80566$_$2,12,43,vision,0
80566$_$2,12,44,vision,0
80566$_$2,12,45,vision,0
80566$_$2,12,46,vision,0
80566$_$2,12,47,vision,0
80566$_$2,12,48,vision,0
80566$_$2,12,49,vision,0
jPrEKz1rAno$_$11,13,0,vision,0
jPrEKz1rAno$_$11,13,1,vision,2
jPrEKz1rAno$_$11,13,2,vision,2
jPrEKz1rAno$_$11,13,3,vision,2
jPrEKz1rAno$_$11,13,4,vision,2
jPrEKz1rAno$_$11,13,5,vision,2
jPrEKz1rAno$_$11,13,6,vision,2
jPrEKz1rAno$_$11,13,7,vision,2
jPrEKz1rAno$_$11,13,8,vision,2
jPrEKz1rAno$_$11,13,9,vision,2
jPrEKz1rAno$_$11,13,10,vision,2
jPrEKz1rAno$_$11,13,11,vision,2
jPrEKz1rAno$_$11,13,12,vision,2
jPrEKz1rAno$_$11,13,13,vision,2
jPrEKz1rAno$_$11,13,14,vision,2
jPrEKz1rAno$_$11,13,15,vision,0
jPrEKz1rAno$_$11,13,16,vision,0
jPrEKz1rAno$_$11,13,17,vision,0
jPrEKz1rAno$_$11,13,18,vision,0
jPrEKz1rAno$_$11,13,19,vision,0
jPrEKz1rAno$_$11,13,20,vision,0
jPrEKz1rAno$_$11,13,21,vision,0
jPrEKz1rAno$_$11,13,22,vision,0
jPrEKz1rAno$_$11,13,23,vision,0
jPrEKz1rAno$_$11,13,24,vision,0
jPrEKz1rAno$_$11,13,25,vision,0
jPrEKz1rAno$_$11,13,26,vision,0
jPrEKz1rAno$_$11,13,27,vision,0
jPrEKz1rAno$_$11,13,28,vision,0
jPrEKz1rAno$_$11,13,29,vision,0
jPrEKz1rAno$_$11,13,30,vision,0
jPrEKz1rAno$_$11,13,31,vision,0
jPrEKz1rAno$_$11,13,32,vision,0
jPrEKz1rAno$_$11,13,33,vision,0
jPrEKz1rAno$_$11,13,34,vision,0
jPrEKz1rAno$_$11,13,35,vision,0
jPrEKz1rAno$_$11,13,36,vision,0
jPrEKz1rAno$_$11,13,37,vision,0
jPrEKz1rAno$_$11,13,38,vision,0
jPrEKz1rAno$_$11,13,39,vision,0
jPrEKz1rAno$_$11,13,40,vision,0
jPrEKz1rAno$_$11,13,41,vision,0
jPrEKz1rAno$_$11,13,42,vision,0
jPrEKz1rAno$_$11,13,43,vision,0
jPrEKz1rAno$_$11,13,44,vision,0
jPrEKz1rAno$_$11,13,45,vision,0
jPrEKz1rAno$_$11,13,46,vision,0
jPrEKz1rAno$_$11,13,47,vision,0
jPrEKz1rAno$_$11,13,48,vision,0
jPrEKz1rAno$_$11,13,49,vision,0
80855$_$11,14,0,vision,0
80855$_$11,14,1,vision,2
80855$_$11,14,2,vision,2
80855$_$11,14,3,vision,2
80855$_$11,14,4,vision,2
80855$_$11,14,5,vision,2
80855$_$11,14,6,vision,2
80855$_$11,14,7,vision,2
80855$_$11,14,8,vision,2
80855$_$11,14,9,vision,2
80855$_$11,14,10,vision,2
80855$_$11,14,11,vision,2
80855$_$11,14,12,vision,2
80855$_$11,14,13,vision,2
80855$_$11,14,14,vision,2
80855$_$11,14,15,vision,2
80855$_$11,14,16,vision,0
80855$_$11,14,17,vision,0
80855$_$11,14,18,vision,0
80855$_$11,14,19,vision,0
80855$_$11,14,20,vision,0
80855$_$11,14,21,vision,0
80855$_$11,14,22,vision,0
80855$_$11,14,23,vision,0
80855$_$11,14,24,vision,0
80855$_$11,14,25,vision,0
80855$_$11,14,26,vision,0
80855$_$11,14,27,vision,0
80855$_$11,14,28,vision,0
80855$_$11,14,29,vision,0
80855$_$11,14,30,vision,0
80855$_$11,14,31,vision,0
80855$_$11,14,32,vision,0
80855$_$11,14,33,vision,0
80855$_$11,14,34,vision,0
80855$_$11,14,35,vision,0
80855$_$11,14,36,vision,0
80855$_$11,14,37,vision,0
80855$_$11,14,38,vision,0
80855$_$11,14,39,vision,0
80855$_$11,14,40,vision,0
80855$_$11,14,41,vision,0
80855$_$11,14,42,vision,0
80855$_$11,14,43,vision,0
80855$_$11,14,44,vision,0
80855$_$11,14,45,vision,0
80855$_$11,14,46,vision,0
80855$_$11,14,47,vision,0
80855$_$11,14,48,vision,0
80855$_$11,14,49,vision,0
YbuG8xyUO-o$_$2,15,0,vision,0
YbuG8xyUO-o$_$2,15,1,vision,2
YbuG8xyUO-o$_$2,15,2,vision,2
YbuG8xyUO-o$_$2,15,3,vision,2
YbuG8xyUO-o$_$2,15,4,vision,2
YbuG8xyUO-o$_$2,15,5,vision,2
YbuG8xyUO-o$_$2,15,6,vision,2
YbuG8xyUO-o$_$2,15,7,vision,2
YbuG8xyUO-o$_$2,15,8,vision,2
YbuG8xyUO-o$_$2,15,9,vision,2
YbuG8xyUO-o$_$2,15,10,vision,2
YbuG8xyUO-o$_$2,15,11,vision,2
YbuG8xyUO-o$_$2,15,12,vision,2
YbuG8xyUO-o$_$2,15,13,vision,2
YbuG8xyUO-o$_$2,15,14,vision,2
YbuG8xyUO-o$_$2,15,15,vision,2
YbuG8xyUO-o$_$2,15,16,vision,0
YbuG8xyUO-o$_$2,15,17,vision,0
YbuG8xyUO-o$_$2,15,18,vision,0
YbuG8xyUO-o$_$2,15,19,vision,0
YbuG8xyUO-o$_$2,15,20,vision,0
YbuG8xyUO-o$_$2,15,21,vision,0
YbuG8xyUO-o$_$2,15,22,vision,0
YbuG8xyUO-o$_$2,15,23,vision,0
YbuG8xyUO-o$_$2,15,24,vision,0
YbuG8xyUO-o$_$2,15,25,vision,0
YbuG8xyUO-o$_$2,15,26,vision,0
YbuG8xyUO-o$_$2,15,27,vision,0
YbuG8xyUO-o$_$2,15,28,vision,0
YbuG8xyUO-o$_$2,15,29,vision,0
YbuG8xyUO-o$_$2,15,30,vision,0
YbuG8xyUO-o$_$2,15,31,vision,0
YbuG8xyUO-o$_$2,15,32,vision,0
YbuG8xyUO-o$_$2,15,33,vision,0
YbuG8xyUO-o$_$2,15,34,vision,0
YbuG8xyUO-o$_$2,15,35,vision,0
YbuG8xyUO-o$_$2,15,36,vision,0
YbuG8xyUO-o$_$2,15,37,vision,0
YbuG8xyUO-o$_$2,15,38,vision,0
YbuG8xyUO-o$_$2,15,39,vision,0
YbuG8xyUO-o$_$2,15,40,vision,0
YbuG8xyUO-o$_$2,15,41,vision,0
YbuG8xyUO-o$_$2,15,42,vision,0
YbuG8xyUO-o$_$2,15,43,vision,0
YbuG8xyUO-o$_$2,15,44,vision,0
YbuG8xyUO-o$_$2,15,45,vision,0
YbuG8xyUO-o$_$2,15,46,vision,0
YbuG8xyUO-o$_$2,15,47,vision,0
YbuG8xyUO-o$_$2,15,48,vision,0
YbuG8xyUO-o$_$2,15,49,vision,0
266791$_$24,16,0,vision,0
266791$_$24,16,1,vision,2
266791$_$24,16,2,vision,2
266791$_$24,16,3,vision,2
266791$_$24,16,4,vision,2
266791$_$24,16,5,vision,2
266791$_$24,16,6,vision,2
266791$_$24,16,7,vision,2
266791$_$24,16,8,vision,2
266791$_$24,16,9,vision,2
266791$_$24,16,10,vision,2
266791$_$24,16,11,vision,2
266791$_$24,16,12,vision,2
266791$_$24,16,13,vision,2
266791$_$24,16,14,vision,2
266791$_$24,16,15,vision,2
266791$_$24,16,16,vision,2
266791$_$24,16,17,vision,0
266791$_$24,16,18,vision,0
266791$_$24,16,19,vision,0
266791$_$24,16,20,vision,0
266791$_$24,16,21,vision,0
266791$_$24,16,22,vision,0
266791$_$24,16,23,vision,0
266791$_$24,16,24,vision,0
266791$_$24,16,25,vision,0
266791$_$24,16,26,vision,0
266791$_$24,16,27,vision,0
266791$_$24,16,28,vision,0
266791$_$24,16,29,vision,0
266791$_$24,16,30,vision,0
266791$_$24,16,31,vision,0
266791$_$24,16,32,vision,0
266791$_$24,16,33,vision,0
266791$_$24,16,34,vision,0
266791$_$24,16,35,vision,0
266791$_$24,16,36,vision,0
266791$_$24,16,37,vision,0
266791$_$24,16,38,vision,0
266791$_$24,16,39,vision,0
266791$_$24,16,40,vision,0
266791$_$24,16,41,vision,0
266791$_$24,16,42,vision,0
266791$_$24,16,43,vision,0
266791$_$24,16,44,vision,0
266791$_$24,16,45,vision,0
266791$_$24,16,46,vision,0
266791$_$24,16,47,vision,0
266791$_$24,16,48,vision,0
266791$_$24,16,49,vision,0
DdUJojoFU_c$_$15,17,0,vision,0
DdUJojoFU_c$_$15,17,1,vision,2
DdUJojoFU_c$_$15,17,2,vision,2
DdUJojoFU_c$_$15,17,3,vision,2
DdUJojoFU_c$_$15,17,4,vision,2
DdUJojoFU_c$_$15,17,5,vision,2
DdUJojoFU_c$_$15,17,6,vision,2
DdUJojoFU_c$_$15,17,7,vision,2
DdUJojoFU_c$_$15,17,8,vision,2
DdUJojoFU_c$_$15,17,9,vision,2
DdUJojoFU_c$_$15,17,10,vision,2
DdUJojoFU_c$_$15,17,11,vision,2
DdUJojoFU_c$_$15,17,12,vision,2
DdUJojoFU_c$_$15,17,13,vision,2
DdUJojoFU_c$_$15,17,14,vision,2
DdUJojoFU_c$_$15,17,15,vision,2
DdUJojoFU_c$_$15,17,16,vision,2
DdUJojoFU_c$_$15,17,17,vision,0
DdUJojoFU_c$_$15,17,18,vision,0
DdUJojoFU_c$_$15,17,19,vision,0
DdUJojoFU_c$_$15,17,20,vision,0
DdUJojoFU_c$_$15,17,21,vision,0
DdUJojoFU_c$_$15,17,22,vision,0
DdUJojoFU_c$_$15,17,23,vision,0
DdUJojoFU_c$_$15,17,24,vision,0
DdUJojoFU_c$_$15,17,25,vision,0
DdUJojoFU_c$_$15,17,26,vision,0
DdUJojoFU_c$_$15,17,27,vision,0
DdUJojoFU_c$_$15,17,28,vision,0
DdUJojoFU_c$_$15,17,29,vision,0
DdUJojoFU_c$_$15,17,30,vision,0
DdUJojoFU_c$_$15,17,31,vision,0
DdUJojoFU_c$_$15,17,32,vision,0
DdUJojoFU_c$_$15,17,33,vision,0
DdUJojoFU_c$_$15,17,34,vision,0
DdUJojoFU_c$_$15,17,35,vision,0
DdUJojoFU_c$_$15,17,36,vision,0
DdUJojoFU_c$_$15,17,37,vision,0
DdUJojoFU_c$_$15,17,38,vision,0
DdUJojoFU_c$_$15,17,39,vision,0
DdUJojoFU_c$_$15,17,40,vision,0
DdUJojoFU_c$_$15,17,41,vision,0
DdUJojoFU_c$_$15,17,42,vision,0
DdUJojoFU_c$_$15,17,43,vision,0
DdUJojoFU_c$_$15,17,44,vision,0
DdUJojoFU_c$_$15,17,45,vision,0
DdUJojoFU_c$_$15,17,46,vision,0
DdUJojoFU_c$_$15,17,47,vision,0
DdUJojoFU_c$_$15,17,48,vision,0
DdUJojoFU_c$_$15,17,49,vision,0
_7HVhnSYX1Y$_$26,18,0,vision,0
_7HVhnSYX1Y$_$26,18,1,vision,2
_7HVhnSYX1Y$_$26,18,2,vision,2
_7HVhnSYX1Y$_$26,18,3,vision,2
_7HVhnSYX1Y$_$26,18,4,vision,2
_7HVhnSYX1Y$_$26,18,5,vision,2
_7HVhnSYX1Y$_$26,18,6,vision,2
_7HVhnSYX1Y$_$26,18,7,vision,2
_7HVhnSYX1Y$_$26,18,8,vision,2
_7HVhnSYX1Y$_$26,18,9,vision,2
_7HVhnSYX1Y$_$26,18,10,vision,2
_7HVhnSYX1Y$_$26,18,11,vision,2
_7HVhnSYX1Y$_$26,18,12,vision,2
_7HVhnSYX1Y$_$26,18,13,vision,2
_7HVhnSYX1Y$_$26,18,14,vision,2
_7HVhnSYX1Y$_$26,18,15,vision,2
_7HVhnSYX1Y$_$26,18,16,vision,2
_7HVhnSYX1Y$_$26,18,17,vision,0
_7HVhnSYX1Y$_$26,18,18,vision,0
_7HVhnSYX1Y$_$26,18,19,vision,0
_7HVhnSYX1Y$_$26,18,20,vision,0
_7HVhnSYX1Y$_$26,18,21,vision,0
_7HVhnSYX1Y$_$26,18,22,vision,0
_7HVhnSYX1Y$_$26,18,23,vision,0
_7HVhnSYX1Y$_$26,18,24,vision,0
_7HVhnSYX1Y$_$26,18,25,vision,0
_7HVhnSYX1Y$_$26,18,26,vision,0
_7HVhnSYX1Y$_$26,18,27,vision,0
_7HVhnSYX1Y$_$26,18,28,vision,0
_7HVhnSYX1Y$_$26,18,29,vision,0
_7HVhnSYX1Y$_$26,18,30,vision,0
_7HVhnSYX1Y$_$26,18,31,vision,0
_7HVhnSYX1Y$_$26,18,32,vision,0
_7HVhnSYX1Y$_$26,18,33,vision,0
_7HVhnSYX1Y$_$26,18,34,vision,0
_7HVhnSYX1Y$_$26,18,35,vision,0
_7HVhnSYX1Y$_$26,18,36,vision,0
_7HVhnSYX1Y$_$26,18,37,vision,0
_7HVhnSYX1Y$_$26,18,38,vision,0
_7HVhnSYX1Y$_$26,18,39,vision,0
_7HVhnSYX1Y$_$26,18,40,vision,0
_7HVhnSYX1Y$_$26,18,41,vision,0
_7HVhnSYX1Y$_$26,18,42,vision,0
_7HVhnSYX1Y$_$26,18,43,vision,0
_7HVhnSYX1Y$_$26,18,44,vision,0
_7HVhnSYX1Y$_$26,18,45,vision,0
_7HVhnSYX1Y$_$26,18,46,vision,0
_7HVhnSYX1Y$_$26,18,47,vision,0
_7HVhnSYX1Y$_$26,18,48,vision,0
_7HVhnSYX1Y$_$26,18,49,vision,0
1HK7Nea0PFo$_$1,19,0,vision,0
1HK7Nea0PFo$_$1,19,1,vision,2
1HK7Nea0PFo$_$1,19,2,vision,2
1HK7Nea0PFo$_$1,19,3,vision,2
1HK7Nea0PFo$_$1,19,4,vision,2
1HK7Nea0PFo$_$1,19,5,vision,2
1HK7Nea0PFo$_$1,19,6,vision,2
1HK7Nea0PFo$_$1,19,7,vision,2
1HK7Nea0PFo$_$1,19,8,vision,2
1HK7Nea0PFo$_$1,19,9,vision,2
1HK7Nea0PFo$_$1,19,10,vision,2
1HK7Nea0PFo$_$1,19,11,vision,2
1HK7Nea0PFo$_$1,19,12,vision,2
1HK7Nea0PFo$_$1,19,13,vision,2
1HK7Nea0PFo$_$1,19,14,vision,2
1HK7Nea0PFo$_$1,19,15,vision,2
1HK7Nea0PFo$_$1,19,16,vision,2
1HK7Nea0PFo$_$1,19,17,vision,2
1HK7Nea0PFo$_$1,19,18,vision,0
1HK7Nea0PFo$_$1,19,19,vision,0
1HK7Nea0PFo$_$1,19,20,vision,0
1HK7Nea0PFo$_$1,19,21,vision,0
1HK7Nea0PFo$_$1,19,22,vision,0
1HK7Nea0PFo$_$1,19,23,vision,0
1HK7Nea0PFo$_$1,19,24,vision,0
1HK7Nea0PFo$_$1,19,25,vision,0
1HK7Nea0PFo$_$1,19,26,vision,0
1HK7Nea0PFo$_$1,19,27,vision,0
1HK7Nea0PFo$_$1,19,28,vision,0
1HK7Nea0PFo$_$1,19,29,vision,0
1HK7Nea0PFo$_$1,19,30,vision,0
1HK7Nea0PFo$_$1,19,31,vision,0
1HK7Nea0PFo$_$1,19,32,vision,0
1HK7Nea0PFo$_$1,19,33,vision,0
1HK7Nea0PFo$_$1,19,34,vision,0
1HK7Nea0PFo$_$1,19,35,vision,0
1HK7Nea0PFo$_$1,19,36,vision,0
1HK7Nea0PFo$_$1,19,37,vision,0
1HK7Nea0PFo$_$1,19,38,vision,0
1HK7Nea0PFo$_$1,19,39,vision,0
1HK7Nea0PFo$_$1,19,40,vision,0
1HK7Nea0PFo$_$1,19,41,vision,0
1HK7Nea0PFo$_$1,19,42,vision,0
1HK7Nea0PFo$_$1,19,43,vision,0
1HK7Nea0PFo$_$1,19,44,vision,0
1HK7Nea0PFo$_$1,19,45,vision,0
1HK7Nea0PFo$_$1,19,46,vision,0
1HK7Nea0PFo$_$1,19,47,vision,0
1HK7Nea0PFo$_$1,19,48,vision,0
1HK7Nea0PFo$_$1,19,49,vision,0
OrYBtyO0aPI$_$1,20,0,vision,0
OrYBtyO0aPI$_$1,20,1,vision,1
OrYBtyO0aPI$_$1,20,2,vision,1
OrYBtyO0aPI$_$1,20,3,vision,1
OrYBtyO0aPI$_$1,20,4,vision,1
OrYBtyO0aPI$_$1,20,5,vision,1
OrYBtyO0aPI$_$1,20,6,vision,1
OrYBtyO0aPI$_$1,20,7,vision,1
OrYBtyO0aPI$_$1,20,8,vision,1
OrYBtyO0aPI$_$1,20,9,vision,1
OrYBtyO0aPI$_$1,20,10,vision,1
OrYBtyO0aPI$_$1,20,11,vision,1
OrYBtyO0aPI$_$1,20,12,vision,1
OrYBtyO0aPI$_$1,20,13,vision,2
OrYBtyO0aPI$_$1,20,14,vision,2
OrYBtyO0aPI$_$1,20,15,vision,2
OrYBtyO0aPI$_$1,20,16,vision,2
OrYBtyO0aPI$_$1,20,17,vision,2
OrYBtyO0aPI$_$1,20,18,vision,0
OrYBtyO0aPI$_$1,20,19,vision,0
OrYBtyO0aPI$_$1,20,20,vision,0
OrYBtyO0aPI$_$1,20,21,vision,0
OrYBtyO0aPI$_$1,20,22,vision,0
OrYBtyO0aPI$_$1,20,23,vision,0
OrYBtyO0aPI$_$1,20,24,vision,0
OrYBtyO0aPI$_$1,20,25,vision,0
OrYBtyO0aPI$_$1,20,26,vision,0
OrYBtyO0aPI$_$1,20,27,vision,0
OrYBtyO0aPI$_$1,20,28,vision,0
OrYBtyO0aPI$_$1,20,29,vision,0
OrYBtyO0aPI$_$1,20,30,vision,0
OrYBtyO0aPI$_$1,20,31,vision,0
OrYBtyO0aPI$_$1,20,32,vision,0
OrYBtyO0aPI$_$1,20,33,vision,0
OrYBtyO0aPI$_$1,20,34,vision,0
OrYBtyO0aPI$_$1,20,35,vision,0
OrYBtyO0aPI$_$1,20,36,vision,0
OrYBtyO0aPI$_$1,20,37,vision,0
OrYBtyO0aPI$_$1,20,38,vision,0
OrYBtyO0aPI$_$1,20,39,vision,0
OrYBtyO0aPI$_$1,20,40,vision,0
OrYBtyO0aPI$_$1,20,41,vision,0
OrYBtyO0aPI$_$1,20,42,vision,0
OrYBtyO0aPI$_$1,20,43,vision,0
OrYBtyO0aPI$_$1,20,44,vision,0
OrYBtyO0aPI$_$1,20,45,vision,0
OrYBtyO0aPI$_$1,20,46,vision,0
OrYBtyO0aPI$_$1,20,47,vision,0
OrYBtyO0aPI$_$1,20,48,vision,0
OrYBtyO0aPI$_$1,20,49,vision,0
128763$_$12,21,0,vision,0
128763$_$12,21,1,vision,2
128763$_$12,21,2,vision,2
128763$_$12,21,3,vision,2
128763$_$12,21,4,vision,2
128763$_$12,21,5,vision,2
128763$_$12,21,6,vision,2
128763$_$12,21,7,vision,2
128763$_$12,21,8,vision,2
128763$_$12,21,9,vision,2
128763$_$12,21,10,vision,2
128763$_$12,21,11,vision,2
128763$_$12,21,12,vision,2
128763$_$12,21,13,vision,2
128763$_$12,21,14,vision,2
128763$_$12,21,15,vision,2
128763$_$12,21,16,vision,2
128763$_$12,21,17,vision,2
128763$_$12,21,18,vision,2
128763$_$12,21,19,vision,0
128763$_$12,21,20,vision,0
128763$_$12,21,21,vision,0
128763$_$12,21,22,vision,0
128763$_$12,21,23,vision,0
128763$_$12,21,24,vision,0
128763$_$12,21,25,vision,0
128763$_$12,21,26,vision,0
128763$_$12,21,27,vision,0
128763$_$12,21,28,vision,0
128763$_$12,21,29,vision,0
128763$_$12,21,30,vision,0
128763$_$12,21,31,vision,0
128763$_$12,21,32,vision,0
128763$_$12,21,33,vision,0
128763$_$12,21,34,vision,0
128763$_$12,21,35,vision,0
128763$_$12,21,36,vision,0
128763$_$12,21,37,vision,0
128763$_$12,21,38,vision,0
128763$_$12,21,39,vision,0
128763$_$12,21,40,vision,0
128763$_$12,21,41,vision,0
128763$_$12,21,42,vision,0
128763$_$12,21,43,vision,0
128763$_$12,21,44,vision,0
128763$_$12,21,45,vision,0
128763$_$12,21,46,vision,0
128763$_$12,21,47,vision,0
128763$_$12,21,48,vision,0
128763$_$12,21,49,vision,0
E8MuzHUhUHk$_$14,22,0,vision,0
E8MuzHUhUHk$_$14,22,1,vision,2
E8MuzHUhUHk$_$14,22,2,vision,2
E8MuzHUhUHk$_$14,22,3,vision,2
E8MuzHUhUHk$_$14,22,4,vision,2
E8MuzHUhUHk$_$14,22,5,vision,2
E8MuzHUhUHk$_$14,22,6,vision,2
E8MuzHUhUHk$_$14,22,7,vision,2
E8MuzHUhUHk$_$14,22,8,vision,2
E8MuzHUhUHk$_$14,22,9,vision,2
E8MuzHUhUHk$_$14,22,10,vision,2
E8MuzHUhUHk$_$14,22,11,vision,2
E8MuzHUhUHk$_$14,22,12,vision,2
E8MuzHUhUHk$_$14,22,13,vision,2
E8MuzHUhUHk$_$14,22,14,vision,2
E8MuzHUhUHk$_$14,22,15,vision,2
E8MuzHUhUHk$_$14,22,16,vision,2
E8MuzHUhUHk$_$14,22,17,vision,2
E8MuzHUhUHk$_$14,22,18,vision,2
E8MuzHUhUHk$_$14,22,19,vision,0
E8MuzHUhUHk$_$14,22,20,vision,0
E8MuzHUhUHk$_$14,22,21,vision,0
E8MuzHUhUHk$_$14,22,22,vision,0
E8MuzHUhUHk$_$14,22,23,vision,0
E8MuzHUhUHk$_$14,22,24,vision,0
E8MuzHUhUHk$_$14,22,25,vision,0
E8MuzHUhUHk$_$14,22,26,vision,0
E8MuzHUhUHk$_$14,22,27,vision,0
E8MuzHUhUHk$_$14,22,28,vision,0
E8MuzHUhUHk$_$14,22,29,vision,0
E8MuzHUhUHk$_$14,22,30,vision,0
E8MuzHUhUHk$_$14,22,31,vision,0
E8MuzHUhUHk$_$14,22,32,vision,0
E8MuzHUhUHk$_$14,22,33,vision,0
E8MuzHUhUHk$_$14,22,34,vision,0
E8MuzHUhUHk$_$14,22,35,vision,0
E8MuzHUhUHk$_$14,22,36,vision,0
E8MuzHUhUHk$_$14,22,37,vision,0
E8MuzHUhUHk$_$14,22,38,vision,0
E8MuzHUhUHk$_$14,22,39,vision,0
E8MuzHUhUHk$_$14,22,40,vision,0
E8MuzHUhUHk$_$14,22,41,vision,0
E8MuzHUhUHk$_$14,22,42,vision,0
E8MuzHUhUHk$_$14,22,43,vision,0
E8MuzHUhUHk$_$14,22,44,vision,0
E8MuzHUhUHk$_$14,22,45,vision,0
E8MuzHUhUHk$_$14,22,46,vision,0
E8MuzHUhUHk$_$14,22,47,vision,0
E8MuzHUhUHk$_$14,22,48,vision,0
E8MuzHUhUHk$_$14,22,49,vision,0
bWunvAd96zI$_$1,23,0,vision,0
bWunvAd96zI$_$1,23,1,vision,2
bWunvAd96zI$_$1,23,2,vision,2
bWunvAd96zI$_$1,23,3,vision,2
bWunvAd96zI$_$1,23,4,vision,2
bWunvAd96zI$_$1,23,5,vision,2
bWunvAd96zI$_$1,23,6,vision,2
bWunvAd96zI$_$1,23,7,vision,2
bWunvAd96zI$_$1,23,8,vision,2
bWunvAd96zI$_$1,23,9,vision,2
bWunvAd96zI$_$1,23,10,vision,2
bWunvAd96zI$_$1,23,11,vision,2
bWunvAd96zI$_$1,23,12,vision,2
bWunvAd96zI$_$1,23,13,vision,2
bWunvAd96zI$_$1,23,14,vision,2
bWunvAd96zI$_$1,23,15,vision,2
bWunvAd96zI$_$1,23,16,vision,2
bWunvAd96zI$_$1,23,17,vision,2
bWunvAd96zI$_$1,23,18,vision,2
bWunvAd96zI$_$1,23,19,vision,0
bWunvAd96zI$_$1,23,20,vision,0
bWunvAd96zI$_$1,23,21,vision,0
bWunvAd96zI$_$1,23,22,vision,0
bWunvAd96zI$_$1,23,23,vision,0
bWunvAd96zI$_$1,23,24,vision,0
bWunvAd96zI$_$1,23,25,vision,0
bWunvAd96zI$_$1,23,26,vision,0
bWunvAd96zI$_$1,23,27,vision,0
bWunvAd96zI$_$1,23,28,vision,0
bWunvAd96zI$_$1,23,29,vision,0
bWunvAd96zI$_$1,23,30,vision,0
bWunvAd96zI$_$1,23,31,vision,0
bWunvAd96zI$_$1,23,32,vision,0
bWunvAd96zI$_$1,23,33,vision,0
bWunvAd96zI$_$1,23,34,vision,0
bWunvAd96zI$_$1,23,35,vision,0
bWunvAd96zI$_$1,23,36,vision,0
bWunvAd96zI$_$1,23,37,vision,0
bWunvAd96zI$_$1,23,38,vision,0
bWunvAd96zI$_$1,23,39,vision,0
bWunvAd96zI$_$1,23,40,vision,0
bWunvAd96zI$_$1,23,41,vision,0
bWunvAd96zI$_$1,23,42,vision,0
bWunvAd96zI$_$1,23,43,vision,0
bWunvAd96zI$_$1,23,44,vision,0
bWunvAd96zI$_$1,23,45,vision,0
bWunvAd96zI$_$1,23,46,vision,0
bWunvAd96zI$_$1,23,47,vision,0
bWunvAd96zI$_$1,23,48,vision,0
bWunvAd96zI$_$1,23,49,vision,0
3MFNIag0wNE$_$7,24,0,vision,0
3MFNIag0wNE$_$7,24,1,vision,2
3MFNIag0wNE$_$7,24,2,vision,2
3MFNIag0wNE$_$7,24,3,vision,2
3MFNIag0wNE$_$7,24,4,vision,2
3MFNIag0wNE$_$7,24,5,vision,2
3MFNIag0wNE$_$7,24,6,vision,2
3MFNIag0wNE$_$7,24,7,vision,2
3MFNIag0wNE$_$7,24,8,vision,2
3MFNIag0wNE$_$7,24,9,vision,2
3MFNIag0wNE$_$7,24,10,vision,2
3MFNIag0wNE$_$7,24,11,vision,2
3MFNIag0wNE$_$7,24,12,vision,2
3MFNIag0wNE$_$7,24,13,vision,2
3MFNIag0wNE$_$7,24,14,vision,2
3MFNIag0wNE$_$7,24,15,vision,2
3MFNIag0wNE$_$7,24,16,vision,2
3MFNIag0wNE$_$7,24,17,vision,2
3MFNIag0wNE$_$7,24,18,vision,2
3MFNIag0wNE$_$7,24,19,vision,2
3MFNIag0wNE$_$7,24,20,vision,0
3MFNIag0wNE$_$7,24,21,vision,0
3MFNIag0wNE$_$7,24,22,vision,0
3MFNIag0wNE$_$7,24,23,vision,0
3MFNIag0wNE$_$7,24,24,vision,0
3MFNIag0wNE$_$7,24,25,vision,0
3MFNIag0wNE$_$7,24,26,vision,0
3MFNIag0wNE$_$7,24,27,vision,0
3MFNIag0wNE$_$7,24,28,vision,0
3MFNIag0wNE$_$7,24,29,vision,0
3MFNIag0wNE$_$7,24,30,vision,0
3MFNIag0wNE$_$7,24,31,vision,0
3MFNIag0wNE$_$7,24,32,vision,0
3MFNIag0wNE$_$7,24,33,vision,0
3MFNIag0wNE$_$7,24,34,vision,0
3MFNIag0wNE$_$7,24,35,vision,0
3MFNIag0wNE$_$7,24,36,vision,0
3MFNIag0wNE$_$7,24,37,vision,0
3MFNIag0wNE$_$7,24,38,vision,0
3MFNIag0wNE$_$7,24,39,vision,0
3MFNIag0wNE$_$7,24,40,vision,0
3MFNIag0wNE$_$7,24,41,vision,0
3MFNIag0wNE$_$7,24,42,vision,0
3MFNIag0wNE$_$7,24,43,vision,0
3MFNIag0wNE$_$7,24,44,vision,0
3MFNIag0wNE$_$7,24,45,vision,0
3MFNIag0wNE$_$7,24,46,vision,0
3MFNIag0wNE$_$7,24,47,vision,0
3MFNIag0wNE$_$7,24,48,vision,0
3MFNIag0wNE$_$7,24,49,vision,0
goMtnNHQ_z4$_$2,25,0,vision,0
goMtnNHQ_z4$_$2,25,1,vision,2
goMtnNHQ_z4$_$2,25,2,vision,2
goMtnNHQ_z4$_$2,25,3,vision,2
goMtnNHQ_z4$_$2,25,4,vision,2
goMtnNHQ_z4$_$2,25,5,vision,2
goMtnNHQ_z4$_$2,25,6,vision,2
goMtnNHQ_z4$_$2,25,7,vision,2
goMtnNHQ_z4$_$2,25,8,vision,2
goMtnNHQ_z4$_$2,25,9,vision,2
goMtnNHQ_z4$_$2,25,10,vision,2
goMtnNHQ_z4$_$2,25,11,vision,2
goMtnNHQ_z4$_$2,25,12,vision,2
goMtnNHQ_z4$_$2,25,13,vision,2
goMtnNHQ_z4$_$2,25,14,vision,2
goMtnNHQ_z4$_$2,25,15,vision,2
goMtnNHQ_z4$_$2,25,16,vision,2
goMtnNHQ_z4$_$2,25,17,vision,2
goMtnNHQ_z4$_$2,25,18,vision,2
goMtnNHQ_z4$_$2,25,19,vision,2
goMtnNHQ_z4$_$2,25,20,vision,0
goMtnNHQ_z4$_$2,25,21,vision,0
goMtnNHQ_z4$_$2,25,22,vision,0
goMtnNHQ_z4$_$2,25,23,vision,0
goMtnNHQ_z4$_$2,25,24,vision,0
goMtnNHQ_z4$_$2,25,25,vision,0
goMtnNHQ_z4$_$2,25,26,vision,0
goMtnNHQ_z4$_$2,25,27,vision,0
goMtnNHQ_z4$_$2,25,28,vision,0
goMtnNHQ_z4$_$2,25,29,vision,0
goMtnNHQ_z4$_$2,25,30,vision,0
goMtnNHQ_z4$_$2,25,31,vision,0
goMtnNHQ_z4$_$2,25,32,vision,0
goMtnNHQ_z4$_$2,25,33,vision,0
goMtnNHQ_z4$_$2,25,34,vision,0
goMtnNHQ_z4$_$2,25,35,vision,0
goMtnNHQ_z4$_$2,25,36,vision,0
goMtnNHQ_z4$_$2,25,37,vision,0
goMtnNHQ_z4$_$2,25,38,vision,0
goMtnNHQ_z4$_$2,25,39,vision,0
goMtnNHQ_z4$_$2,25,40,vision,0
goMtnNHQ_z4$_$2,25,41,vision,0
goMtnNHQ_z4$_$2,25,42,vision,0
goMtnNHQ_z4$_$2,25,43,vision,0
goMtnNHQ_z4$_$2,25,44,vision,0
goMtnNHQ_z4$_$2,25,45,vision,0
goMtnNHQ_z4$_$2,25,46,vision,0
goMtnNHQ_z4$_$2,25,47,vision,0
goMtnNHQ_z4$_$2,25,48,vision,0
goMtnNHQ_z4$_$2,25,49,vision,0
2S00zYaVrtc$_$4,26,0,vision,0
2S00zYaVrtc$_$4,26,1,vision,2
2S00zYaVrtc$_$4,26,2,vision,2
2S00zYaVrtc$_$4,26,3,vision,2
2S00zYaVrtc$_$4,26,4,vision,2
2S00zYaVrtc$_$4,26,5,vision,2
2S00zYaVrtc$_$4,26,6,vision,2
2S00zYaVrtc$_$4,26,7,vision,2
2S00zYaVrtc$_$4,26,8,vision,2
2S00zYaVrtc$_$4,26,9,vision,2
2S00zYaVrtc$_$4,26,10,vision,2
2S00zYaVrtc$_$4,26,11,vision,2
2S00zYaVrtc$_$4,26,12,vision,2
2S00zYaVrtc$_$4,26,13,vision,2
2S00zYaVrtc$_$4,26,14,vision,2
2S00zYaVrtc$_$4,26,15,vision,2
2S00zYaVrtc$_$4,26,16,vision,2
2S00zYaVrtc$_$4,26,17,vision,2
2S00zYaVrtc$_$4,26,18,vision,2
2S00zYaVrtc$_$4,26,19,vision,2
2S00zYaVrtc$_$4,26,20,vision,2
2S00zYaVrtc$_$4,26,21,vision,0
2S00zYaVrtc$_$4,26,22,vision,0
2S00zYaVrtc$_$4,26,23,vision,0
2S00zYaVrtc$_$4,26,24,vision,0
2S00zYaVrtc$_$4,26,25,vision,0
2S00zYaVrtc$_$4,26,26,vision,0
2S00zYaVrtc$_$4,26,27,vision,0
2S00zYaVrtc$_$4,26,28,vision,0
2S00zYaVrtc$_$4,26,29,vision,0
2S00zYaVrtc$_$4,26,30,vision,0
2S00zYaVrtc$_$4,26,31,vision,0
2S00zYaVrtc$_$4,26,32,vision,0
2S00zYaVrtc$_$4,26,33,vision,0
2S00zYaVrtc$_$4,26,34,vision,0
2S00zYaVrtc$_$4,26,35,vision,0
2S00zYaVrtc$_$4,26,36,vision,0
2S00zYaVrtc$_$4,26,37,vision,0
2S00zYaVrtc$_$4,26,38,vision,0
2S00zYaVrtc$_$4,26,39,vision,0
2S00zYaVrtc$_$4,26,40,vision,0
2S00zYaVrtc$_$4,26,41,vision,0
2S00zYaVrtc$_$4,26,42,vision,0
2S00zYaVrtc$_$4,26,43,vision,0
2S00zYaVrtc$_$4,26,44,vision,0
2S00zYaVrtc$_$4,26,45,vision,0
2S00zYaVrtc$_$4,26,46,vision,0
2S00zYaVrtc$_$4,26,47,vision,0
2S00zYaVrtc$_$4,26,48,vision,0
2S00zYaVrtc$_$4,26,49,vision,0
TXCXFYIc3Yo$_$2,27,0,vision,0
TXCXFYIc3Yo$_$2,27,1,vision,2
TXCXFYIc3Yo$_$2,27,2,vision,2
TXCXFYIc3Yo$_$2,27,3,vision,2
TXCXFYIc3Yo$_$2,27,4,vision,2
TXCXFYIc3Yo$_$2,27,5,vision,2
TXCXFYIc3Yo$_$2,27,6,vision,2
TXCXFYIc3Yo$_$2,27,7,vision,2
TXCXFYIc3Yo$_$2,27,8,vision,2
TXCXFYIc3Yo$_$2,27,9,vision,2
TXCXFYIc3Yo$_$2,27,10,vision,2
TXCXFYIc3Yo$_$2,27,11,vision,2
TXCXFYIc3Yo$_$2,27,12,vision,2
TXCXFYIc3Yo$_$2,27,13,vision,2
TXCXFYIc3Yo$_$2,27,14,vision,2
TXCXFYIc3Yo$_$2,27,15,vision,2
TXCXFYIc3Yo$_$2,27,16,vision,2
TXCXFYIc3Yo$_$2,27,17,vision,2
TXCXFYIc3Yo$_$2,27,18,vision,2
TXCXFYIc3Yo$_$2,27,19,vision,2
TXCXFYIc3Yo$_$2,27,20,vision,2
TXCXFYIc3Yo$_$2,27,21,vision,0
TXCXFYIc3Yo$_$2,27,22,vision,0
TXCXFYIc3Yo$_$2,27,23,vision,0
TXCXFYIc3Yo$_$2,27,24,vision,0
TXCXFYIc3Yo$_$2,27,25,vision,0
TXCXFYIc3Yo$_$2,27,26,vision,0
TXCXFYIc3Yo$_$2,27,27,vision,0
TXCXFYIc3Yo$_$2,27,28,vision,0
TXCXFYIc3Yo$_$2,27,29,vision,0
TXCXFYIc3Yo$_$2,27,30,vision,0
TXCXFYIc3Yo$_$2,27,31,vision,0
TXCXFYIc3Yo$_$2,27,32,vision,0
TXCXFYIc3Yo$_$2,27,33,vision,0
TXCXFYIc3Yo$_$2,27,34,vision,0
TXCXFYIc3Yo$_$2,27,35,vision,0
TXCXFYIc3Yo$_$2,27,36,vision,0
TXCXFYIc3Yo$_$2,27,37,vision,0
TXCXFYIc3Yo$_$2,27,38,vision,0
TXCXFYIc3Yo$_$2,27,39,vision,0
TXCXFYIc3Yo$_$2,27,40,vision,0
TXCXFYIc3Yo$_$2,27,41,vision,0
TXCXFYIc3Yo$_$2,27,42,vision,0
TXCXFYIc3Yo$_$2,27,43,vision,0
TXCXFYIc3Yo$_$2,27,44,vision,0
TXCXFYIc3Yo$_$2,27,45,vision,0
TXCXFYIc3Yo$_$2,27,46,vision,0
TXCXFYIc3Yo$_$2,27,47,vision,0
TXCXFYIc3Yo$_$2,27,48,vision,0
TXCXFYIc3Yo$_$2,27,49,vision,0
EEjCkc82oyk$_$9,28,0,vision,0
EEjCkc82oyk$_$9,28,1,vision,2
EEjCkc82oyk$_$9,28,2,vision,2
EEjCkc82oyk$_$9,28,3,vision,2
EEjCkc82oyk$_$9,28,4,vision,2
EEjCkc82oyk$_$9,28,5,vision,2
EEjCkc82oyk$_$9,28,6,vision,2
EEjCkc82oyk$_$9,28,7,vision,2
EEjCkc82oyk$_$9,28,8,vision,2
EEjCkc82oyk$_$9,28,9,vision,2
EEjCkc82oyk$_$9,28,10,vision,2
EEjCkc82oyk$_$9,28,11,vision,2
EEjCkc82oyk$_$9,28,12,vision,2
EEjCkc82oyk$_$9,28,13,vision,1
EEjCkc82oyk$_$9,28,14,vision,1
EEjCkc82oyk$_$9,28,15,vision,1
EEjCkc82oyk$_$9,28,16,vision,1
EEjCkc82oyk$_$9,28,17,vision,1
EEjCkc82oyk$_$9,28,18,vision,1
EEjCkc82oyk$_$9,28,19,vision,2
EEjCkc82oyk$_$9,28,20,vision,2
EEjCkc82oyk$_$9,28,21,vision,2
EEjCkc82oyk$_$9,28,22,vision,0
EEjCkc82oyk$_$9,28,23,vision,0
EEjCkc82oyk$_$9,28,24,vision,0
EEjCkc82oyk$_$9,28,25,vision,0
EEjCkc82oyk$_$9,28,26,vision,0
EEjCkc82oyk$_$9,28,27,vision,0
EEjCkc82oyk$_$9,28,28,vision,0
EEjCkc82oyk$_$9,28,29,vision,0
EEjCkc82oyk$_$9,28,30,vision,0
EEjCkc82oyk$_$9,28,31,vision,0
EEjCkc82oyk$_$9,28,32,vision,0
EEjCkc82oyk$_$9,28,33,vision,0
EEjCkc82oyk$_$9,28,34,vision,0
EEjCkc82oyk$_$9,28,35,vision,0
EEjCkc82oyk$_$9,28,36,vision,0
EEjCkc82oyk$_$9,28,37,vision,0
EEjCkc82oyk$_$9,28,38,vision,0
EEjCkc82oyk$_$9,28,39,vision,0
EEjCkc82oyk$_$9,28,40,vision,0
EEjCkc82oyk$_$9,28,41,vision,0
EEjCkc82oyk$_$9,28,42,vision,0
EEjCkc82oyk$_$9,28,43,vision,0
EEjCkc82oyk$_$9,28,44,vision,0
EEjCkc82oyk$_$9,28,45,vision,0
EEjCkc82oyk$_$9,28,46,vision,0
EEjCkc82oyk$_$9,28,47,vision,0
EEjCkc82oyk$_$9,28,48,vision,0
EEjCkc82oyk$_$9,28,49,vision,0
goMtnNHQ_z4$_$13,29,0,vision,0
goMtnNHQ_z4$_$13,29,1,vision,2
goMtnNHQ_z4$_$13,29,2,vision,2
goMtnNHQ_z4$_$13,29,3,vision,2
goMtnNHQ_z4$_$13,29,4,vision,2
goMtnNHQ_z4$_$13,29,5,vision,2
goMtnNHQ_z4$_$13,29,6,vision,2
goMtnNHQ_z4$_$13,29,7,vision,2
goMtnNHQ_z4$_$13,29,8,vision,2
goMtnNHQ_z4$_$13,29,9,vision,2
goMtnNHQ_z4$_$13,29,10,vision,2
goMtnNHQ_z4$_$13,29,11,vision,2
goMtnNHQ_z4$_$13,29,12,vision,2
goMtnNHQ_z4$_$13,29,13,vision,2
goMtnNHQ_z4$_$13,29,14,vision,2
goMtnNHQ_z4$_$13,29,15,vision,2
goMtnNHQ_z4$_$13,29,16,vision,2
goMtnNHQ_z4$_$13,29,17,vision,2
goMtnNHQ_z4$_$13,29,18,vision,2
goMtnNHQ_z4$_$13,29,19,vision,2
goMtnNHQ_z4$_$13,29,20,vision,2
goMtnNHQ_z4$_$13,29,21,vision,2
goMtnNHQ_z4$_$13,29,22,vision,0
goMtnNHQ_z4$_$13,29,23,vision,0
goMtnNHQ_z4$_$13,29,24,vision,0
goMtnNHQ_z4$_$13,29,25,vision,0
goMtnNHQ_z4$_$13,29,26,vision,0
goMtnNHQ_z4$_$13,29,27,vision,0
goMtnNHQ_z4$_$13,29,28,vision,0
goMtnNHQ_z4$_$13,29,29,vision,0
goMtnNHQ_z4$_$13,29,30,vision,0
goMtnNHQ_z4$_$13,29,31,vision,0
goMtnNHQ_z4$_$13,29,32,vision,0
goMtnNHQ_z4$_$13,29,33,vision,0
goMtnNHQ_z4$_$13,29,34,vision,0
goMtnNHQ_z4$_$13,29,35,vision,0
goMtnNHQ_z4$_$13,29,36,vision,0
goMtnNHQ_z4$_$13,29,37,vision,0
goMtnNHQ_z4$_$13,29,38,vision,0
goMtnNHQ_z4$_$13,29,39,vision,0
goMtnNHQ_z4$_$13,29,40,vision,0
goMtnNHQ_z4$_$13,29,41,vision,0
goMtnNHQ_z4$_$13,29,42,vision,0
goMtnNHQ_z4$_$13,29,43,vision,0
goMtnNHQ_z4$_$13,29,44,vision,0
goMtnNHQ_z4$_$13,29,45,vision,0
goMtnNHQ_z4$_$13,29,46,vision,0
goMtnNHQ_z4$_$13,29,47,vision,0
goMtnNHQ_z4$_$13,29,48,vision,0
goMtnNHQ_z4$_$13,29,49,vision,0
3j94B0pzSVs$_$17,30,0,vision,0
3j94B0pzSVs$_$17,30,1,vision,2
3j94B0pzSVs$_$17,30,2,vision,2
3j94B0pzSVs$_$17,30,3,vision,2
3j94B0pzSVs$_$17,30,4,vision,2
3j94B0pzSVs$_$17,30,5,vision,2
3j94B0pzSVs$_$17,30,6,vision,2
3j94B0pzSVs$_$17,30,7,vision,2
3j94B0pzSVs$_$17,30,8,vision,2
3j94B0pzSVs$_$17,30,9,vision,2
3j94B0pzSVs$_$17,30,10,vision,2
3j94B0pzSVs$_$17,30,11,vision,2
3j94B0pzSVs$_$17,30,12,vision,2
3j94B0pzSVs$_$17,30,13,vision,2
3j94B0pzSVs$_$17,30,14,vision,2
3j94B0pzSVs$_$17,30,15,vision,2
3j94B0pzSVs$_$17,30,16,vision,2
3j94B0pzSVs$_$17,30,17,vision,2
3j94B0pzSVs$_$17,30,18,vision,2
3j94B0pzSVs$_$17,30,19,vision,2
3j94B0pzSVs$_$17,30,20,vision,2
3j94B0pzSVs$_$17,30,21,vision,2
3j94B0pzSVs$_$17,30,22,vision,2
3j94B0pzSVs$_$17,30,23,vision,0
3j94B0pzSVs$_$17,30,24,vision,0
3j94B0pzSVs$_$17,30,25,vision,0
3j94B0pzSVs$_$17,30,26,vision,0
3j94B0pzSVs$_$17,30,27,vision,0
3j94B0pzSVs$_$17,30,28,vision,0
3j94B0pzSVs$_$17,30,29,vision,0
3j94B0pzSVs$_$17,30,30,vision,0
3j94B0pzSVs$_$17,30,31,vision,0
3j94B0pzSVs$_$17,30,32,vision,0
3j94B0pzSVs$_$17,30,33,vision,0
3j94B0pzSVs$_$17,30,34,vision,0
3j94B0pzSVs$_$17,30,35,vision,0
3j94B0pzSVs$_$17,30,36,vision,0
3j94B0pzSVs$_$17,30,37,vision,0
3j94B0pzSVs$_$17,30,38,vision,0
3j94B0pzSVs$_$17,30,39,vision,0
3j94B0pzSVs$_$17,30,40,vision,0
3j94B0pzSVs$_$17,30,41,vision,0
3j94B0pzSVs$_$17,30,42,vision,0
3j94B0pzSVs$_$17,30,43,vision,0
3j94B0pzSVs$_$17,30,44,vision,0
3j94B0pzSVs$_$17,30,45,vision,0
3j94B0pzSVs$_$17,30,46,vision,0
3j94B0pzSVs$_$17,30,47,vision,0
3j94B0pzSVs$_$17,30,48,vision,0
3j94B0pzSVs$_$17,30,49,vision,0
ooAF6I-fmTg$_$7,31,0,vision,0
ooAF6I-fmTg$_$7,31,1,vision,2
ooAF6I-fmTg$_$7,31,2,vision,2
ooAF6I-fmTg$_$7,31,3,vision,2
ooAF6I-fmTg$_$7,31,4,vision,2
ooAF6I-fmTg$_$7,31,5,vision,2
ooAF6I-fmTg$_$7,31,6,vision,2
ooAF6I-fmTg$_$7,31,7,vision,2
ooAF6I-fmTg$_$7,31,8,vision,2
ooAF6I-fmTg$_$7,31,9,vision,2
ooAF6I-fmTg$_$7,31,10,vision,2
ooAF6I-fmTg$_$7,31,11,vision,2
ooAF6I-fmTg$_$7,31,12,vision,2
ooAF6I-fmTg$_$7,31,13,vision,2
ooAF6I-fmTg$_$7,31,14,vision,2
ooAF6I-fmTg$_$7,31,15,vision,2
ooAF6I-fmTg$_$7,31,16,vision,2
ooAF6I-fmTg$_$7,31,17,vision,2
ooAF6I-fmTg$_$7,31,18,vision,2
ooAF6I-fmTg$_$7,31,19,vision,2
ooAF6I-fmTg$_$7,31,20,vision,2
ooAF6I-fmTg$_$7,31,21,vision,2
ooAF6I-fmTg$_$7,31,22,vision,2
ooAF6I-fmTg$_$7,31,23,vision,0
ooAF6I-fmTg$_$7,31,24,vision,0
ooAF6I-fmTg$_$7,31,25,vision,0
ooAF6I-fmTg$_$7,31,26,vision,0
ooAF6I-fmTg$_$7,31,27,vision,0
ooAF6I-fmTg$_$7,31,28,vision,0
ooAF6I-fmTg$_$7,31,29,vision,0
ooAF6I-fmTg$_$7,31,30,vision,0
ooAF6I-fmTg$_$7,31,31,vision,0
ooAF6I-fmTg$_$7,31,32,vision,0
ooAF6I-fmTg$_$7,31,33,vision,0
ooAF6I-fmTg$_$7,31,34,vision,0
ooAF6I-fmTg$_$7,31,35,vision,0
ooAF6I-fmTg$_$7,31,36,vision,0
ooAF6I-fmTg$_$7,31,37,vision,0
ooAF6I-fmTg$_$7,31,38,vision,0
ooAF6I-fmTg$_$7,31,39,vision,0
ooAF6I-fmTg$_$7,31,40,vision,0
ooAF6I-fmTg$_$7,31,41,vision,0
ooAF6I-fmTg$_$7,31,42,vision,0
ooAF6I-fmTg$_$7,31,43,vision,0
ooAF6I-fmTg$_$7,31,44,vision,0
ooAF6I-fmTg$_$7,31,45,vision,0
ooAF6I-fmTg$_$7,31,46,vision,0
ooAF6I-fmTg$_$7,31,47,vision,0
ooAF6I-fmTg$_$7,31,48,vision,0
ooAF6I-fmTg$_$7,31,49,vision,0
70280$_$11,32,0,vision,0
70280$_$11,32,1,vision,2
70280$_$11,32,2,vision,2
70280$_$11,32,3,vision,2
70280$_$11,32,4,vision,2
70280$_$11,32,5,vision,2
70280$_$11,32,6,vision,2
70280$_$11,32,7,vision,2
70280$_$11,32,8,vision,2
70280$_$11,32,9,vision,2
70280$_$11,32,10,vision,2
70280$_$11,32,11,vision,2
70280$_$11,32,12,vision,2
70280$_$11,32,13,vision,2
70280$_$11,32,14,vision,2
70280$_$11,32,15,vision,2
70280$_$11,32,16,vision,2
70280$_$11,32,17,vision,2
70280$_$11,32,18,vision,2
70280$_$11,32,19,vision,2
70280$_$11,32,20,vision,2
70280$_$11,32,21,vision,2
70280$_$11,32,22,vision,2
70280$_$11,32,23,vision,2
70280$_$11,32,24,vision,0
70280$_$11,32,25,vision,0
70280$_$11,32,26,vision,0
70280$_$11,32,27,vision,0
70280$_$11,32,28,vision,0
70280$_$11,32,29,vision,0
70280$_$11,32,30,vision,0
70280$_$11,32,31,vision,0
70280$_$11,32,32,vision,0
70280$_$11,32,33,vision,0
70280$_$11,32,34,vision,0
70280$_$11,32,35,vision,0
70280$_$11,32,36,vision,0
70280$_$11,32,37,vision,0
70280$_$11,32,38,vision,0
70280$_$11,32,39,vision,0
70280$_$11,32,40,vision,0
70280$_$11,32,41,vision,0
70280$_$11,32,42,vision,0
70280$_$11,32,43,vision,0
70280$_$11,32,44,vision,0
70280$_$11,32,45,vision,0
70280$_$11,32,46,vision,0
70280$_$11,32,47,vision,0
70280$_$11,32,48,vision,0
70280$_$11,32,49,vision,0
mLW-jn67gRE$_$5,33,0,vision,0
mLW-jn67gRE$_$5,33,1,vision,2
mLW-jn67gRE$_$5,33,2,vision,2
mLW-jn67gRE$_$5,33,3,vision,2
mLW-jn67gRE$_$5,33,4,vision,2
mLW-jn67gRE$_$5,33,5,vision,2
mLW-jn67gRE$_$5,33,6,vision,2
mLW-jn67gRE$_$5,33,7,vision,2
mLW-jn67gRE$_$5,33,8,vision,2
mLW-jn67gRE$_$5,33,9,vision,2
mLW-jn67gRE$_$5,33,10,vision,2
mLW-jn67gRE$_$5,33,11,vision,2
mLW-jn67gRE$_$5,33,12,vision,2
mLW-jn67gRE$_$5,33,13,vision,2
mLW-jn67gRE$_$5,33,14,vision,2
mLW-jn67gRE$_$5,33,15,vision,2
mLW-jn67gRE$_$5,33,16,vision,2
mLW-jn67gRE$_$5,33,17,vision,2
mLW-jn67gRE$_$5,33,18,vision,2
mLW-jn67gRE$_$5,33,19,vision,2
mLW-jn67gRE$_$5,33,20,vision,2
mLW-jn67gRE$_$5,33,21,vision,2
mLW-jn67gRE$_$5,33,22,vision,2
mLW-jn67gRE$_$5,33,23,vision,2
mLW-jn67gRE$_$5,33,24,vision,0
mLW-jn67gRE$_$5,33,25,vision,0
mLW-jn67gRE$_$5,33,26,vision,0
mLW-jn67gRE$_$5,33,27,vision,0
mLW-jn67gRE$_$5,33,28,vision,0
mLW-jn67gRE$_$5,33,29,vision,0
mLW-jn67gRE$_$5,33,30,vision,0
mLW-jn67gRE$_$5,33,31,vision,0
mLW-jn67gRE$_$5,33,32,vision,0
mLW-jn67gRE$_$5,33,33,vision,0
mLW-jn67gRE$_$5,33,34,vision,0
mLW-jn67gRE$_$5,33,35,vision,0
mLW-jn67gRE$_$5,33,36,vision,0
mLW-jn67gRE$_$5,33,37,vision,0
mLW-jn67gRE$_$5,33,38,vision,0
mLW-jn67gRE$_$5,33,39,vision,0
mLW-jn67gRE$_$5,33,40,vision,0
mLW-jn67gRE$_$5,33,41,vision,0
mLW-jn67gRE$_$5,33,42,vision,0
mLW-jn67gRE$_$5,33,43,vision,0
mLW-jn67gRE$_$5,33,44,vision,0
mLW-jn67gRE$_$5,33,45,vision,0
mLW-jn67gRE$_$5,33,46,vision,0
mLW-jn67gRE$_$5,33,47,vision,0
mLW-jn67gRE$_$5,33,48,vision,0
mLW-jn67gRE$_$5,33,49,vision,0
2Xt31_d0XEE$_$2,34,0,vision,0
2Xt31_d0XEE$_$2,34,1,vision,2
2Xt31_d0XEE$_$2,34,2,vision,2
2Xt31_d0XEE$_$2,34,3,vision,2
2Xt31_d0XEE$_$2,34,4,vision,2
2Xt31_d0XEE$_$2,34,5,vision,2
2Xt31_d0XEE$_$2,34,6,vision,2
2Xt31_d0XEE$_$2,34,7,vision,2
2Xt31_d0XEE$_$2,34,8,vision,2
2Xt31_d0XEE$_$2,34,9,vision,2
2Xt31_d0XEE$_$2,34,10,vision,2
2Xt31_d0XEE$_$2,34,11,vision,2
2Xt31_d0XEE$_$2,34,12,vision,2
2Xt31_d0XEE$_$2,34,13,vision,2
2Xt31_d0XEE$_$2,34,14,vision,2
2Xt31_d0XEE$_$2,34,15,vision,2
2Xt31_d0XEE$_$2,34,16,vision,2
2Xt31_d0XEE$_$2,34,17,vision,2
2Xt31_d0XEE$_$2,34,18,vision,2
2Xt31_d0XEE$_$2,34,19,vision,2
2Xt31_d0XEE$_$2,34,20,vision,2
2Xt31_d0XEE$_$2,34,21,vision,2
2Xt31_d0XEE$_$2,34,22,vision,2
2Xt31_d0XEE$_$2,34,23,vision,2
2Xt31_d0XEE$_$2,34,24,vision,2
2Xt31_d0XEE$_$2,34,25,vision,0
2Xt31_d0XEE$_$2,34,26,vision,0
2Xt31_d0XEE$_$2,34,27,vision,0
2Xt31_d0XEE$_$2,34,28,vision,0
2Xt31_d0XEE$_$2,34,29,vision,0
2Xt31_d0XEE$_$2,34,30,vision,0
2Xt31_d0XEE$_$2,34,31,vision,0
2Xt31_d0XEE$_$2,34,32,vision,0
2Xt31_d0XEE$_$2,34,33,vision,0
2Xt31_d0XEE$_$2,34,34,vision,0
2Xt31_d0XEE$_$2,34,35,vision,0
2Xt31_d0XEE$_$2,34,36,vision,0
2Xt31_d0XEE$_$2,34,37,vision,0
2Xt31_d0XEE$_$2,34,38,vision,0
2Xt31_d0XEE$_$2,34,39,vision,0
2Xt31_d0XEE$_$2,34,40,vision,0
2Xt31_d0XEE$_$2,34,41,vision,0
2Xt31_d0XEE$_$2,34,42,vision,0
2Xt31_d0XEE$_$2,34,43,vision,0
2Xt31_d0XEE$_$2,34,44,vision,0
2Xt31_d0XEE$_$2,34,45,vision,0
2Xt31_d0XEE$_$2,34,46,vision,0
2Xt31_d0XEE$_$2,34,47,vision,0
2Xt31_d0XEE$_$2,34,48,vision,0
2Xt31_d0XEE$_$2,34,49,vision,0
d8BR6hsvzoY$_$1,35,0,vision,0
d8BR6hsvzoY$_$1,35,1,vision,2
d8BR6hsvzoY$_$1,35,2,vision,2
d8BR6hsvzoY$_$1,35,3,vision,2
d8BR6hsvzoY$_$1,35,4,vision,2
d8BR6hsvzoY$_$1,35,5,vision,2
d8BR6hsvzoY$_$1,35,6,vision,2
d8BR6hsvzoY$_$1,35,7,vision,2
d8BR6hsvzoY$_$1,35,8,vision,2
d8BR6hsvzoY$_$1,35,9,vision,2
d8BR6hsvzoY$_$1,35,10,vision,2
d8BR6hsvzoY$_$1,35,11,vision,2
d8BR6hsvzoY$_$1,35,12,vision,2
d8BR6hsvzoY$_$1,35,13,vision,2
d8BR6hsvzoY$_$1,35,14,vision,2
d8BR6hsvzoY$_$1,35,15,vision,2
d8BR6hsvzoY$_$1,35,16,vision,2
d8BR6hsvzoY$_$1,35,17,vision,2
d8BR6hsvzoY$_$1,35,18,vision,2
d8BR6hsvzoY$_$1,35,19,vision,2
d8BR6hsvzoY$_$1,35,20,vision,2
d8BR6hsvzoY$_$1,35,21,vision,2
d8BR6hsvzoY$_$1,35,22,vision,2
d8BR6hsvzoY$_$1,35,23,vision,2
d8BR6hsvzoY$_$1,35,24,vision,2
d8BR6hsvzoY$_$1,35,25,vision,0
d8BR6hsvzoY$_$1,35,26,vision,0
d8BR6hsvzoY$_$1,35,27,vision,0
d8BR6hsvzoY$_$1,35,28,vision,0
d8BR6hsvzoY$_$1,35,29,vision,0
d8BR6hsvzoY$_$1,35,30,vision,0
d8BR6hsvzoY$_$1,35,31,vision,0
d8BR6hsvzoY$_$1,35,32,vision,0
d8BR6hsvzoY$_$1,35,33,vision,0
d8BR6hsvzoY$_$1,35,34,vision,0
d8BR6hsvzoY$_$1,35,35,vision,0
d8BR6hsvzoY$_$1,35,36,vision,0
d8BR6hsvzoY$_$1,35,37,vision,0
d8BR6hsvzoY$_$1,35,38,vision,0
d8BR6hsvzoY$_$1,35,39,vision,0
d8BR6hsvzoY$_$1,35,40,vision,0
d8BR6hsvzoY$_$1,35,41,vision,0
d8BR6hsvzoY$_$1,35,42,vision,0
d8BR6hsvzoY$_$1,35,43,vision,0
d8BR6hsvzoY$_$1,35,44,vision,0
d8BR6hsvzoY$_$1,35,45,vision,0
d8BR6hsvzoY$_$1,35,46,vision,0
d8BR6hsvzoY$_$1,35,47,vision,0
d8BR6hsvzoY$_$1,35,48,vision,0
d8BR6hsvzoY$_$1,35,49,vision,0
IM6HW1HwHhM$_$17,36,0,vision,0
IM6HW1HwHhM$_$17,36,1,vision,2
IM6HW1HwHhM$_$17,36,2,vision,2
IM6HW1HwHhM$_$17,36,3,vision,2
IM6HW1HwHhM$_$17,36,4,vision,2
IM6HW1HwHhM$_$17,36,5,vision,2
IM6HW1HwHhM$_$17,36,6,vision,2
IM6HW1HwHhM$_$17,36,7,vision,2
IM6HW1HwHhM$_$17,36,8,vision,2
IM6HW1HwHhM$_$17,36,9,vision,2
IM6HW1HwHhM$_$17,36,10,vision,2
IM6HW1HwHhM$_$17,36,11,vision,2
IM6HW1HwHhM$_$17,36,12,vision,2
IM6HW1HwHhM$_$17,36,13,vision,2
IM6HW1HwHhM$_$17,36,14,vision,2
IM6HW1HwHhM$_$17,36,15,vision,2
IM6HW1HwHhM$_$17,36,16,vision,2
IM6HW1HwHhM$_$17,36,17,vision,2
IM6HW1HwHhM$_$17,36,18,vision,2
IM6HW1HwHhM$_$17,36,19,vision,2
IM6HW1HwHhM$_$17,36,20,vision,2
IM6HW1HwHhM$_$17,36,21,vision,2
IM6HW1HwHhM$_$17,36,22,vision,2
IM6HW1HwHhM$_$17,36,23,vision,2
IM6HW1HwHhM$_$17,36,24,vision,2
IM6HW1HwHhM$_$17,36,25,vision,2
IM6HW1HwHhM$_$17,36,26,vision,0
IM6HW1HwHhM$_$17,36,27,vision,0
IM6HW1HwHhM$_$17,36,28,vision,0
IM6HW1HwHhM$_$17,36,29,vision,0
IM6HW1HwHhM$_$17,36,30,vision,0
IM6HW1HwHhM$_$17,36,31,vision,0
IM6HW1HwHhM$_$17,36,32,vision,0
IM6HW1HwHhM$_$17,36,33,vision,0
IM6HW1HwHhM$_$17,36,34,vision,0
IM6HW1HwHhM$_$17,36,35,vision,0
IM6HW1HwHhM$_$17,36,36,vision,0
IM6HW1HwHhM$_$17,36,37,vision,0
IM6HW1HwHhM$_$17,36,38,vision,0
IM6HW1HwHhM$_$17,36,39,vision,0
IM6HW1HwHhM$_$17,36,40,vision,0
IM6HW1HwHhM$_$17,36,41,vision,0
IM6HW1HwHhM$_$17,36,42,vision,0
IM6HW1HwHhM$_$17,36,43,vision,0
IM6HW1HwHhM$_$17,36,44,vision,0
IM6HW1HwHhM$_$17,36,45,vision,0
IM6HW1HwHhM$_$17,36,46,vision,0
IM6HW1HwHhM$_$17,36,47,vision,0
IM6HW1HwHhM$_$17,36,48,vision,0
IM6HW1HwHhM$_$17,36,49,vision,0
102858$_$6,37,0,vision,0
102858$_$6,37,1,vision,2
102858$_$6,37,2,vision,2
102858$_$6,37,3,vision,2
102858$_$6,37,4,vision,2
102858$_$6,37,5,vision,2
102858$_$6,37,6,vision,2
102858$_$6,37,7,vision,2
102858$_$6,37,8,vision,2
102858$_$6,37,9,vision,2
102858$_$6,37,10,vision,2
102858$_$6,37,11,vision,2
102858$_$6,37,12,vision,2
102858$_$6,37,13,vision,2
102858$_$6,37,14,vision,2
102858$_$6,37,15,vision,2
102858$_$6,37,16,vision,2
102858$_$6,37,17,vision,2
102858$_$6,37,18,vision,2
102858$_$6,37,19,vision,2
102858$_$6,37,20,vision,2
102858$_$6,37,21,vision,2
102858$_$6,37,22,vision,2
102858$_$6,37,23,vision,2
102858$_$6,37,24,vision,2
102858$_$6,37,25,vision,2
102858$_$6,37,26,vision,2
102858$_$6,37,27,vision,0
102858$_$6,37,28,vision,0
102858$_$6,37,29,vision,0
102858$_$6,37,30,vision,0
102858$_$6,37,31,vision,0
102858$_$6,37,32,vision,0
102858$_$6,37,33,vision,0
102858$_$6,37,34,vision,0
102858$_$6,37,35,vision,0
102858$_$6,37,36,vision,0
102858$_$6,37,37,vision,0
102858$_$6,37,38,vision,0
102858$_$6,37,39,vision,0
102858$_$6,37,40,vision,0
102858$_$6,37,41,vision,0
102858$_$6,37,42,vision,0
102858$_$6,37,43,vision,0
102858$_$6,37,44,vision,0
102858$_$6,37,45,vision,0
102858$_$6,37,46,vision,0
102858$_$6,37,47,vision,0
102858$_$6,37,48,vision,0
102858$_$6,37,49,vision,0
_gzYkdjNvPc$_$1,38,0,vision,0
_gzYkdjNvPc$_$1,38,1,vision,2
_gzYkdjNvPc$_$1,38,2,vision,2
_gzYkdjNvPc$_$1,38,3,vision,2
_gzYkdjNvPc$_$1,38,4,vision,2
_gzYkdjNvPc$_$1,38,5,vision,2
_gzYkdjNvPc$_$1,38,6,vision,2
_gzYkdjNvPc$_$1,38,7,vision,2
_gzYkdjNvPc$_$1,38,8,vision,2
_gzYkdjNvPc$_$1,38,9,vision,2
_gzYkdjNvPc$_$1,38,10,vision,2
_gzYkdjNvPc$_$1,38,11,vision,2
_gzYkdjNvPc$_$1,38,12,vision,2
_gzYkdjNvPc$_$1,38,13,vision,2
_gzYkdjNvPc$_$1,38,14,vision,2
_gzYkdjNvPc$_$1,38,15,vision,2
_gzYkdjNvPc$_$1,38,16,vision,2
_gzYkdjNvPc$_$1,38,17,vision,2
_gzYkdjNvPc$_$1,38,18,vision,2
_gzYkdjNvPc$_$1,38,19,vision,2
_gzYkdjNvPc$_$1,38,20,vision,2
_gzYkdjNvPc$_$1,38,21,vision,2
_gzYkdjNvPc$_$1,38,22,vision,2
_gzYkdjNvPc$_$1,38,23,vision,2
_gzYkdjNvPc$_$1,38,24,vision,2
_gzYkdjNvPc$_$1,38,25,vision,2
_gzYkdjNvPc$_$1,38,26,vision,2
_gzYkdjNvPc$_$1,38,27,vision,0
_gzYkdjNvPc$_$1,38,28,vision,0
_gzYkdjNvPc$_$1,38,29,vision,0
_gzYkdjNvPc$_$1,38,30,vision,0
_gzYkdjNvPc$_$1,38,31,vision,0
_gzYkdjNvPc$_$1,38,32,vision,0
_gzYkdjNvPc$_$1,38,33,vision,0
_gzYkdjNvPc$_$1,38,34,vision,0
_gzYkdjNvPc$_$1,38,35,vision,0
_gzYkdjNvPc$_$1,38,36,vision,0
_gzYkdjNvPc$_$1,38,37,vision,0
_gzYkdjNvPc$_$1,38,38,vision,0
_gzYkdjNvPc$_$1,38,39,vision,0
_gzYkdjNvPc$_$1,38,40,vision,0
_gzYkdjNvPc$_$1,38,41,vision,0
_gzYkdjNvPc$_$1,38,42,vision,0
_gzYkdjNvPc$_$1,38,43,vision,0
_gzYkdjNvPc$_$1,38,44,vision,0
_gzYkdjNvPc$_$1,38,45,vision,0
_gzYkdjNvPc$_$1,38,46,vision,0
_gzYkdjNvPc$_$1,38,47,vision,0
_gzYkdjNvPc$_$1,38,48,vision,0
_gzYkdjNvPc$_$1,38,49,vision,0
236021$_$1,39,0,vision,0
236021$_$1,39,1,vision,2
236021$_$1,39,2,vision,2
236021$_$1,39,3,vision,2
236021$_$1,39,4,vision,2
236021$_$1,39,5,vision,2
236021$_$1,39,6,vision,2
236021$_$1,39,7,vision,2
236021$_$1,39,8,vision,2
236021$_$1,39,9,vision,2
236021$_$1,39,10,vision,2
236021$_$1,39,11,vision,2
236021$_$1,39,12,vision,2
236021$_$1,39,13,vision,2
236021$_$1,39,14,vision,2
236021$_$1,39,15,vision,2
236021$_$1,39,16,vision,2
236021$_$1,39,17,vision,2
236021$_$1,39,18,vision,2
236021$_$1,39,19,vision,2
236021$_$1,39,20,vision,2
236021$_$1,39,21,vision,2
236021$_$1,39,22,vision,2
236021$_$1,39,23,vision,2
236021$_$1,39,24,vision,2
236021$_$1,39,25,vision,2
236021$_$1,39,26,vision,2
236021$_$1,39,27,vision,2
236021$_$1,39,28,vision,0
236021$_$1,39,29,vision,0
236021$_$1,39,30,vision,0
236021$_$1,39,31,vision,0
236021$_$1,39,32,vision,0
236021$_$1,39,33,vision,0
236021$_$1,39,34,vision,0
236021$_$1,39,35,vision,0
236021$_$1,39,36,vision,0
236021$_$1,39,37,vision,0
236021$_$1,39,38,vision,0
236021$_$1,39,39,vision,0
236021$_$1,39,40,vision,0
236021$_$1,39,41,vision,0
236021$_$1,39,42,vision,0
236021$_$1,39,43,vision,0
236021$_$1,39,44,vision,0
236021$_$1,39,45,vision,0
236021$_$1,39,46,vision,0
236021$_$1,39,47,vision,0
236021$_$1,39,48,vision,0
236021$_$1,39,49,vision,0
mHGaQ_nv9UY$_$4,40,0,vision,0
mHGaQ_nv9UY$_$4,40,1,vision,2
mHGaQ_nv9UY$_$4,40,2,vision,2
mHGaQ_nv9UY$_$4,40,3,vision,2
mHGaQ_nv9UY$_$4,40,4,vision,2
mHGaQ_nv9UY$_$4,40,5,vision,2
mHGaQ_nv9UY$_$4,40,6,vision,2
mHGaQ_nv9UY$_$4,40,7,vision,2
mHGaQ_nv9UY$_$4,40,8,vision,2
mHGaQ_nv9UY$_$4,40,9,vision,2
mHGaQ_nv9UY$_$4,40,10,vision,2
mHGaQ_nv9UY$_$4,40,11,vision,2
mHGaQ_nv9UY$_$4,40,12,vision,2
mHGaQ_nv9UY$_$4,40,13,vision,2
mHGaQ_nv9UY$_$4,40,14,vision,2
mHGaQ_nv9UY$_$4,40,15,vision,2
mHGaQ_nv9UY$_$4,40,16,vision,2
mHGaQ_nv9UY$_$4,40,17,vision,2
mHGaQ_nv9UY$_$4,40,18,vision,2
mHGaQ_nv9UY$_$4,40,19,vision,2
mHGaQ_nv9UY$_$4,40,20,vision,2
mHGaQ_nv9UY$_$4,40,21,vision,2
mHGaQ_nv9UY$_$4,40,22,vision,2
mHGaQ_nv9UY$_$4,40,23,vision,2
mHGaQ_nv9UY$_$4,40,24,vision,2
mHGaQ_nv9UY$_$4,40,25,vision,2
mHGaQ_nv9UY$_$4,40,26,vision,2
mHGaQ_nv9UY$_$4,40,27,vision,2
mHGaQ_nv9UY$_$4,40,28,vision,0
mHGaQ_nv9UY$_$4,40,29,vision,0
mHGaQ_nv9UY$_$4,40,30,vision,0
mHGaQ_nv9UY$_$4,40,31,vision,0
mHGaQ_nv9UY$_$4,40,32,vision,0
mHGaQ_nv9UY$_$4,40,33,vision,0
mHGaQ_nv9UY$_$4,40,34,vision,0
mHGaQ_nv9UY$_$4,40,35,vision,0
mHGaQ_nv9UY$_$4,40,36,vision,0
mHGaQ_nv9UY$_$4,40,37,vision,0
mHGaQ_nv9UY$_$4,40,38,vision,0
mHGaQ_nv9UY$_$4,40,39,vision,0
mHGaQ_nv9UY$_$4,40,40,vision,0
mHGaQ_nv9UY$_$4,40,41,vision,0
mHGaQ_nv9UY$_$4,40,42,vision,0
mHGaQ_nv9UY$_$4,40,43,vision,0
mHGaQ_nv9UY$_$4,40,44,vision,0
mHGaQ_nv9UY$_$4,40,45,vision,0
mHGaQ_nv9UY$_$4,40,46,vision,0
mHGaQ_nv9UY$_$4,40,47,vision,0
mHGaQ_nv9UY$_$4,40,48,vision,0
mHGaQ_nv9UY$_$4,40,49,vision,0
Wrcf2xtqbkQ$_$9,41,0,vision,0
Wrcf2xtqbkQ$_$9,41,1,vision,2
Wrcf2xtqbkQ$_$9,41,2,vision,2
Wrcf2xtqbkQ$_$9,41,3,vision,2
Wrcf2xtqbkQ$_$9,41,4,vision,2
Wrcf2xtqbkQ$_$9,41,5,vision,2
Wrcf2xtqbkQ$_$9,41,6,vision,2
Wrcf2xtqbkQ$_$9,41,7,vision,2
Wrcf2xtqbkQ$_$9,41,8,vision,2
Wrcf2xtqbkQ$_$9,41,9,vision,2
Wrcf2xtqbkQ$_$9,41,10,vision,2
Wrcf2xtqbkQ$_$9,41,11,vision,2
Wrcf2xtqbkQ$_$9,41,12,vision,2
Wrcf2xtqbkQ$_$9,41,13,vision,2
Wrcf2xtqbkQ$_$9,41,14,vision,2
Wrcf2xtqbkQ$_$9,41,15,vision,2
Wrcf2xtqbkQ$_$9,41,16,vision,2
Wrcf2xtqbkQ$_$9,41,17,vision,2
Wrcf2xtqbkQ$_$9,41,18,vision,2
Wrcf2xtqbkQ$_$9,41,19,vision,2
Wrcf2xtqbkQ$_$9,41,20,vision,2
Wrcf2xtqbkQ$_$9,41,21,vision,2
Wrcf2xtqbkQ$_$9,41,22,vision,2
Wrcf2xtqbkQ$_$9,41,23,vision,2
Wrcf2xtqbkQ$_$9,41,24,vision,2
Wrcf2xtqbkQ$_$9,41,25,vision,2
Wrcf2xtqbkQ$_$9,41,26,vision,2
Wrcf2xtqbkQ$_$9,41,27,vision,2
Wrcf2xtqbkQ$_$9,41,28,vision,2
Wrcf2xtqbkQ$_$9,41,29,vision,0
Wrcf2xtqbkQ$_$9,41,30,vision,0
Wrcf2xtqbkQ$_$9,41,31,vision,0
Wrcf2xtqbkQ$_$9,41,32,vision,0
Wrcf2xtqbkQ$_$9,41,33,vision,0
Wrcf2xtqbkQ$_$9,41,34,vision,0
Wrcf2xtqbkQ$_$9,41,35,vision,0
Wrcf2xtqbkQ$_$9,41,36,vision,0
Wrcf2xtqbkQ$_$9,41,37,vision,0
Wrcf2xtqbkQ$_$9,41,38,vision,0
Wrcf2xtqbkQ$_$9,41,39,vision,0
Wrcf2xtqbkQ$_$9,41,40,vision,0
Wrcf2xtqbkQ$_$9,41,41,vision,0
Wrcf2xtqbkQ$_$9,41,42,vision,0
Wrcf2xtqbkQ$_$9,41,43,vision,0
Wrcf2xtqbkQ$_$9,41,44,vision,0
Wrcf2xtqbkQ$_$9,41,45,vision,0
Wrcf2xtqbkQ$_$9,41,46,vision,0
Wrcf2xtqbkQ$_$9,41,47,vision,0
Wrcf2xtqbkQ$_$9,41,48,vision,0
Wrcf2xtqbkQ$_$9,41,49,vision,0
TYJzg5IJN8o$_$14,42,0,vision,0
TYJzg5IJN8o$_$14,42,1,vision,2
TYJzg5IJN8o$_$14,42,2,vision,2
TYJzg5IJN8o$_$14,42,3,vision,2
TYJzg5IJN8o$_$14,42,4,vision,2
TYJzg5IJN8o$_$14,42,5,vision,2
TYJzg5IJN8o$_$14,42,6,vision,2
TYJzg5IJN8o$_$14,42,7,vision,2
TYJzg5IJN8o$_$14,42,8,vision,2
TYJzg5IJN8o$_$14,42,9,vision,2
TYJzg5IJN8o$_$14,42,10,vision,2
TYJzg5IJN8o$_$14,42,11,vision,2
TYJzg5IJN8o$_$14,42,12,vision,2
TYJzg5IJN8o$_$14,42,13,vision,2
TYJzg5IJN8o$_$14,42,14,vision,2
TYJzg5IJN8o$_$14,42,15,vision,2
TYJzg5IJN8o$_$14,42,16,vision,2
TYJzg5IJN8o$_$14,42,17,vision,2
TYJzg5IJN8o$_$14,42,18,vision,2
TYJzg5IJN8o$_$14,42,19,vision,2
TYJzg5IJN8o$_$14,42,20,vision,2
TYJzg5IJN8o$_$14,42,21,vision,2
TYJzg5IJN8o$_$14,42,22,vision,2
TYJzg5IJN8o$_$14,42,23,vision,2
TYJzg5IJN8o$_$14,42,24,vision,2
TYJzg5IJN8o$_$14,42,25,vision,2
TYJzg5IJN8o$_$14,42,26,vision,2
TYJzg5IJN8o$_$14,42,27,vision,2
TYJzg5IJN8o$_$14,42,28,vision,2
TYJzg5IJN8o$_$14,42,29,vision,2
TYJzg5IJN8o$_$14,42,30,vision,0
TYJzg5IJN8o$_$14,42,31,vision,0
TYJzg5IJN8o$_$14,42,32,vision,0
TYJzg5IJN8o$_$14,42,33,vision,0
TYJzg5IJN8o$_$14,42,34,vision,0
TYJzg5IJN8o$_$14,42,35,vision,0
TYJzg5IJN8o$_$14,42,36,vision,0
TYJzg5IJN8o$_$14,42,37,vision,0
TYJzg5IJN8o$_$14,42,38,vision,0
TYJzg5IJN8o$_$14,42,39,vision,0
TYJzg5IJN8o$_$14,42,40,vision,0
TYJzg5IJN8o$_$14,42,41,vision,0
TYJzg5IJN8o$_$14,42,42,vision,0
TYJzg5IJN8o$_$14,42,43,vision,0
TYJzg5IJN8o$_$14,42,44,vision,0
TYJzg5IJN8o$_$14,42,45,vision,0
TYJzg5IJN8o$_$14,42,46,vision,0
TYJzg5IJN8o$_$14,42,47,vision,0
TYJzg5IJN8o$_$14,42,48,vision,0
TYJzg5IJN8o$_$14,42,49,vision,0
188343$_$9,43,0,vision,0
188343$_$9,43,1,vision,2
188343$_$9,43,2,vision,2
188343$_$9,43,3,vision,2
188343$_$9,43,4,vision,2
188343$_$9,43,5,vision,2
188343$_$9,43,6,vision,2
188343$_$9,43,7,vision,2
188343$_$9,43,8,vision,2
188343$_$9,43,9,vision,2
188343$_$9,43,10,vision,2
188343$_$9,43,11,vision,2
188343$_$9,43,12,vision,2
188343$_$9,43,13,vision,2
188343$_$9,43,14,vision,2
188343$_$9,43,15,vision,2
188343$_$9,43,16,vision,2
188343$_$9,43,17,vision,2
188343$_$9,43,18,vision,2
188343$_$9,43,19,vision,2
188343$_$9,43,20,vision,2
188343$_$9,43,21,vision,2
188343$_$9,43,22,vision,2
188343$_$9,43,23,vision,2
188343$_$9,43,24,vision,2
188343$_$9,43,25,vision,2
188343$_$9,43,26,vision,2
188343$_$9,43,27,vision,2
188343$_$9,43,28,vision,2
188343$_$9,43,29,vision,2
188343$_$9,43,30,vision,2
188343$_$9,43,31,vision,0
188343$_$9,43,32,vision,0
188343$_$9,43,33,vision,0
188343$_$9,43,34,vision,0
188343$_$9,43,35,vision,0
188343$_$9,43,36,vision,0
188343$_$9,43,37,vision,0
188343$_$9,43,38,vision,0
188343$_$9,43,39,vision,0
188343$_$9,43,40,vision,0
188343$_$9,43,41,vision,0
188343$_$9,43,42,vision,0
188343$_$9,43,43,vision,0
188343$_$9,43,44,vision,0
188343$_$9,43,45,vision,0
188343$_$9,43,46,vision,0
188343$_$9,43,47,vision,0
188343$_$9,43,48,vision,0
188343$_$9,43,49,vision,0
6uPGcKTpC4I$_$2,44,0,vision,0
6uPGcKTpC4I$_$2,44,1,vision,2
6uPGcKTpC4I$_$2,44,2,vision,2
6uPGcKTpC4I$_$2,44,3,vision,2
6uPGcKTpC4I$_$2,44,4,vision,2
6uPGcKTpC4I$_$2,44,5,vision,2
6uPGcKTpC4I$_$2,44,6,vision,2
6uPGcKTpC4I$_$2,44,7,vision,2
6uPGcKTpC4I$_$2,44,8,vision,2
6uPGcKTpC4I$_$2,44,9,vision,2
6uPGcKTpC4I$_$2,44,10,vision,2
6uPGcKTpC4I$_$2,44,11,vision,2
6uPGcKTpC4I$_$2,44,12,vision,2
6uPGcKTpC4I$_$2,44,13,vision,2
6uPGcKTpC4I$_$2,44,14,vision,2
6uPGcKTpC4I$_$2,44,15,vision,2
6uPGcKTpC4I$_$2,44,16,vision,2
6uPGcKTpC4I$_$2,44,17,vision,2
6uPGcKTpC4I$_$2,44,18,vision,2
6uPGcKTpC4I$_$2,44,19,vision,2
6uPGcKTpC4I$_$2,44,20,vision,2
6uPGcKTpC4I$_$2,44,21,vision,2
6uPGcKTpC4I$_$2,44,22,vision,2
6uPGcKTpC4I$_$2,44,23,vision,2
6uPGcKTpC4I$_$2,44,24,vision,2
6uPGcKTpC4I$_$2,44,25,vision,2
6uPGcKTpC4I$_$2,44,26,vision,2
6uPGcKTpC4I$_$2,44,27,vision,2
6uPGcKTpC4I$_$2,44,28,vision,2
6uPGcKTpC4I$_$2,44,29,vision,2
6uPGcKTpC4I$_$2,44,30,vision,2
6uPGcKTpC4I$_$2,44,31,vision,2
6uPGcKTpC4I$_$2,44,32,vision,0
6uPGcKTpC4I$_$2,44,33,vision,0
6uPGcKTpC4I$_$2,44,34,vision,0
6uPGcKTpC4I$_$2,44,35,vision,0
6uPGcKTpC4I$_$2,44,36,vision,0
6uPGcKTpC4I$_$2,44,37,vision,0
6uPGcKTpC4I$_$2,44,38,vision,0
6uPGcKTpC4I$_$2,44,39,vision,0
6uPGcKTpC4I$_$2,44,40,vision,0
6uPGcKTpC4I$_$2,44,41,vision,0
6uPGcKTpC4I$_$2,44,42,vision,0
6uPGcKTpC4I$_$2,44,43,vision,0
6uPGcKTpC4I$_$2,44,44,vision,0
6uPGcKTpC4I$_$2,44,45,vision,0
6uPGcKTpC4I$_$2,44,46,vision,0
6uPGcKTpC4I$_$2,44,47,vision,0
6uPGcKTpC4I$_$2,44,48,vision,0
6uPGcKTpC4I$_$2,44,49,vision,0
Arh2TKRi_mg$_$16,45,0,vision,0
Arh2TKRi_mg$_$16,45,1,vision,2
Arh2TKRi_mg$_$16,45,2,vision,2
Arh2TKRi_mg$_$16,45,3,vision,2
Arh2TKRi_mg$_$16,45,4,vision,2
Arh2TKRi_mg$_$16,45,5,vision,2
Arh2TKRi_mg$_$16,45,6,vision,2
Arh2TKRi_mg$_$16,45,7,vision,2
Arh2TKRi_mg$_$16,45,8,vision,2
Arh2TKRi_mg$_$16,45,9,vision,2
Arh2TKRi_mg$_$16,45,10,vision,2
Arh2TKRi_mg$_$16,45,11,vision,2
Arh2TKRi_mg$_$16,45,12,vision,2
Arh2TKRi_mg$_$16,45,13,vision,2
Arh2TKRi_mg$_$16,45,14,vision,2
Arh2TKRi_mg$_$16,45,15,vision,2
Arh2TKRi_mg$_$16,45,16,vision,2
Arh2TKRi_mg$_$16,45,17,vision,2
Arh2TKRi_mg$_$16,45,18,vision,2
Arh2TKRi_mg$_$16,45,19,vision,2
Arh2TKRi_mg$_$16,45,20,vision,2
Arh2TKRi_mg$_$16,45,21,vision,2
Arh2TKRi_mg$_$16,45,22,vision,2
Arh2TKRi_mg$_$16,45,23,vision,2
Arh2TKRi_mg$_$16,45,24,vision,2
Arh2TKRi_mg$_$16,45,25,vision,2
Arh2TKRi_mg$_$16,45,26,vision,2
Arh2TKRi_mg$_$16,45,27,vision,2
Arh2TKRi_mg$_$16,45,28,vision,2
Arh2TKRi_mg$_$16,45,29,vision,2
Arh2TKRi_mg$_$16,45,30,vision,2
Arh2TKRi_mg$_$16,45,31,vision,2
Arh2TKRi_mg$_$16,45,32,vision,2
Arh2TKRi_mg$_$16,45,33,vision,0
Arh2TKRi_mg$_$16,45,34,vision,0
Arh2TKRi_mg$_$16,45,35,vision,0
Arh2TKRi_mg$_$16,45,36,vision,0
Arh2TKRi_mg$_$16,45,37,vision,0
Arh2TKRi_mg$_$16,45,38,vision,0
Arh2TKRi_mg$_$16,45,39,vision,0
Arh2TKRi_mg$_$16,45,40,vision,0
Arh2TKRi_mg$_$16,45,41,vision,0
Arh2TKRi_mg$_$16,45,42,vision,0
Arh2TKRi_mg$_$16,45,43,vision,0
Arh2TKRi_mg$_$16,45,44,vision,0
Arh2TKRi_mg$_$16,45,45,vision,0
Arh2TKRi_mg$_$16,45,46,vision,0
Arh2TKRi_mg$_$16,45,47,vision,0
Arh2TKRi_mg$_$16,45,48,vision,0
Arh2TKRi_mg$_$16,45,49,vision,0
aFhc2ddipoM$_$14,46,0,vision,0
aFhc2ddipoM$_$14,46,1,vision,2
aFhc2ddipoM$_$14,46,2,vision,2
aFhc2ddipoM$_$14,46,3,vision,2
aFhc2ddipoM$_$14,46,4,vision,2
aFhc2ddipoM$_$14,46,5,vision,2
aFhc2ddipoM$_$14,46,6,vision,2
aFhc2ddipoM$_$14,46,7,vision,2
aFhc2ddipoM$_$14,46,8,vision,2
aFhc2ddipoM$_$14,46,9,vision,2
aFhc2ddipoM$_$14,46,10,vision,2
aFhc2ddipoM$_$14,46,11,vision,2
aFhc2ddipoM$_$14,46,12,vision,2
aFhc2ddipoM$_$14,46,13,vision,2
aFhc2ddipoM$_$14,46,14,vision,2
aFhc2ddipoM$_$14,46,15,vision,2
aFhc2ddipoM$_$14,46,16,vision,2
aFhc2ddipoM$_$14,46,17,vision,2
aFhc2ddipoM$_$14,46,18,vision,2
aFhc2ddipoM$_$14,46,19,vision,2
aFhc2ddipoM$_$14,46,20,vision,2
aFhc2ddipoM$_$14,46,21,vision,2
aFhc2ddipoM$_$14,46,22,vision,2
aFhc2ddipoM$_$14,46,23,vision,2
aFhc2ddipoM$_$14,46,24,vision,2
aFhc2ddipoM$_$14,46,25,vision,2
aFhc2ddipoM$_$14,46,26,vision,2
aFhc2ddipoM$_$14,46,27,vision,2
aFhc2ddipoM$_$14,46,28,vision,2
aFhc2ddipoM$_$14,46,29,vision,2
aFhc2ddipoM$_$14,46,30,vision,2
aFhc2ddipoM$_$14,46,31,vision,2
aFhc2ddipoM$_$14,46,32,vision,2
aFhc2ddipoM$_$14,46,33,vision,0
aFhc2ddipoM$_$14,46,34,vision,0
aFhc2ddipoM$_$14,46,35,vision,0
aFhc2ddipoM$_$14,46,36,vision,0
aFhc2ddipoM$_$14,46,37,vision,0
aFhc2ddipoM$_$14,46,38,vision,0
aFhc2ddipoM$_$14,46,39,vision,0
aFhc2ddipoM$_$14,46,40,vision,0
aFhc2ddipoM$_$14,46,41,vision,0
aFhc2ddipoM$_$14,46,42,vision,0
aFhc2ddipoM$_$14,46,43,vision,0
aFhc2ddipoM$_$14,46,44,vision,0
aFhc2ddipoM$_$14,46,45,vision,0
aFhc2ddipoM$_$14,46,46,vision,0
aFhc2ddipoM$_$14,46,47,vision,0
aFhc2ddipoM$_$14,46,48,vision,0
aFhc2ddipoM$_$14,46,49,vision,0
3MFNIag0wNE$_$14,47,0,vision,0
3MFNIag0wNE$_$14,47,1,vision,2
3MFNIag0wNE$_$14,47,2,vision,2
3MFNIag0wNE$_$14,47,3,vision,2
3MFNIag0wNE$_$14,47,4,vision,2
3MFNIag0wNE$_$14,47,5,vision,2
3MFNIag0wNE$_$14,47,6,vision,2
3MFNIag0wNE$_$14,47,7,vision,2
3MFNIag0wNE$_$14,47,8,vision,2
3MFNIag0wNE$_$14,47,9,vision,2
3MFNIag0wNE$_$14,47,10,vision,2
3MFNIag0wNE$_$14,47,11,vision,2
3MFNIag0wNE$_$14,47,12,vision,2
3MFNIag0wNE$_$14,47,13,vision,2
3MFNIag0wNE$_$14,47,14,vision,2
3MFNIag0wNE$_$14,47,15,vision,2
3MFNIag0wNE$_$14,47,16,vision,2
3MFNIag0wNE$_$14,47,17,vision,2
3MFNIag0wNE$_$14,47,18,vision,2
3MFNIag0wNE$_$14,47,19,vision,2
3MFNIag0wNE$_$14,47,20,vision,2
3MFNIag0wNE$_$14,47,21,vision,2
3MFNIag0wNE$_$14,47,22,vision,2
3MFNIag0wNE$_$14,47,23,vision,2
3MFNIag0wNE$_$14,47,24,vision,2
3MFNIag0wNE$_$14,47,25,vision,2
3MFNIag0wNE$_$14,47,26,vision,2
3MFNIag0wNE$_$14,47,27,vision,2
3MFNIag0wNE$_$14,47,28,vision,2
3MFNIag0wNE$_$14,47,29,vision,2
3MFNIag0wNE$_$14,47,30,vision,2
3MFNIag0wNE$_$14,47,31,vision,2
3MFNIag0wNE$_$14,47,32,vision,2
3MFNIag0wNE$_$14,47,33,vision,2
3MFNIag0wNE$_$14,47,34,vision,0
3MFNIag0wNE$_$14,47,35,vision,0
3MFNIag0wNE$_$14,47,36,vision,0
3MFNIag0wNE$_$14,47,37,vision,0
3MFNIag0wNE$_$14,47,38,vision,0
3MFNIag0wNE$_$14,47,39,vision,0
3MFNIag0wNE$_$14,47,40,vision,0
3MFNIag0wNE$_$14,47,41,vision,0
3MFNIag0wNE$_$14,47,42,vision,0
3MFNIag0wNE$_$14,47,43,vision,0
3MFNIag0wNE$_$14,47,44,vision,0
3MFNIag0wNE$_$14,47,45,vision,0
3MFNIag0wNE$_$14,47,46,vision,0
3MFNIag0wNE$_$14,47,47,vision,0
3MFNIag0wNE$_$14,47,48,vision,0
3MFNIag0wNE$_$14,47,49,vision,0
33170$_$3,48,0,vision,0
33170$_$3,48,1,vision,2
33170$_$3,48,2,vision,2
33170$_$3,48,3,vision,2
33170$_$3,48,4,vision,2
33170$_$3,48,5,vision,2
33170$_$3,48,6,vision,2
33170$_$3,48,7,vision,2
33170$_$3,48,8,vision,2
33170$_$3,48,9,vision,2
33170$_$3,48,10,vision,2
33170$_$3,48,11,vision,2
33170$_$3,48,12,vision,2
33170$_$3,48,13,vision,2
33170$_$3,48,14,vision,2
33170$_$3,48,15,vision,2
33170$_$3,48,16,vision,2
33170$_$3,48,17,vision,2
33170$_$3,48,18,vision,2
33170$_$3,48,19,vision,2
33170$_$3,48,20,vision,2
33170$_$3,48,21,vision,2
33170$_$3,48,22,vision,2
33170$_$3,48,23,vision,2
33170$_$3,48,24,vision,2
33170$_$3,48,25,vision,2
33170$_$3,48,26,vision,2
33170$_$3,48,27,vision,2
33170$_$3,48,28,vision,2
33170$_$3,48,29,vision,2
33170$_$3,48,30,vision,2
33170$_$3,48,31,vision,2
33170$_$3,48,32,vision,2
33170$_$3,48,33,vision,2
33170$_$3,48,34,vision,2
33170$_$3,48,35,vision,0
33170$_$3,48,36,vision,0
33170$_$3,48,37,vision,0
33170$_$3,48,38,vision,0
33170$_$3,48,39,vision,0
33170$_$3,48,40,vision,0
33170$_$3,48,41,vision,0
33170$_$3,48,42,vision,0
33170$_$3,48,43,vision,0
33170$_$3,48,44,vision,0
33170$_$3,48,45,vision,0
33170$_$3,48,46,vision,0
33170$_$3,48,47,vision,0
33170$_$3,48,48,vision,0
33170$_$3,48,49,vision,0
ROcTx5VEn7o$_$11,49,0,vision,0
ROcTx5VEn7o$_$11,49,1,vision,2
ROcTx5VEn7o$_$11,49,2,vision,2
ROcTx5VEn7o$_$11,49,3,vision,2
ROcTx5VEn7o$_$11,49,4,vision,2
ROcTx5VEn7o$_$11,49,5,vision,2
ROcTx5VEn7o$_$11,49,6,vision,2
ROcTx5VEn7o$_$11,49,7,vision,2
ROcTx5VEn7o$_$11,49,8,vision,2
ROcTx5VEn7o$_$11,49,9,vision,2
ROcTx5VEn7o$_$11,49,10,vision,2
ROcTx5VEn7o$_$11,49,11,vision,2
ROcTx5VEn7o$_$11,49,12,vision,2
ROcTx5VEn7o$_$11,49,13,vision,2
ROcTx5VEn7o$_$11,49,14,vision,2
ROcTx5VEn7o$_$11,49,15,vision,2
ROcTx5VEn7o$_$11,49,16,vision,2
ROcTx5VEn7o$_$11,49,17,vision,2
ROcTx5VEn7o$_$11,49,18,vision,2
ROcTx5VEn7o$_$11,49,19,vision,2
ROcTx5VEn7o$_$11,49,20,vision,2
ROcTx5VEn7o$_$11,49,21,vision,2
ROcTx5VEn7o$_$11,49,22,vision,2
ROcTx5VEn7o$_$11,49,23,vision,2
ROcTx5VEn7o$_$11,49,24,vision,2
ROcTx5VEn7o$_$11,49,25,vision,2
ROcTx5VEn7o$_$11,49,26,vision,2
ROcTx5VEn7o$_$11,49,27,vision,2
ROcTx5VEn7o$_$11,49,28,vision,2
ROcTx5VEn7o$_$11,49,29,vision,2
ROcTx5VEn7o$_$11,49,30,vision,2
ROcTx5VEn7o$_$11,49,31,vision,2
ROcTx5VEn7o$_$11,49,32,vision,2
ROcTx5VEn7o$_$11,49,33,vision,2
ROcTx5VEn7o$_$11,49,34,vision,2
ROcTx5VEn7o$_$11,49,35,vision,2
ROcTx5VEn7o$_$11,49,36,vision,0
ROcTx5VEn7o$_$11,49,37,vision,0
ROcTx5VEn7o$_$11,49,38,vision,0
ROcTx5VEn7o$_$11,49,39,vision,0
ROcTx5VEn7o$_$11,49,40,vision,0
ROcTx5VEn7o$_$11,49,41,vision,0
ROcTx5VEn7o$_$11,49,42,vision,0
ROcTx5VEn7o$_$11,49,43,vision,0
ROcTx5VEn7o$_$11,49,44,vision,0
ROcTx5VEn7o$_$11,49,45,vision,0
ROcTx5VEn7o$_$11,49,46,vision,0
ROcTx5VEn7o$_$11,49,47,vision,0
ROcTx5VEn7o$_$11,49,48,vision,0
ROcTx5VEn7o$_$11,49,49,vision,0
6KvG5VbLalY$_$9,50,0,vision,0
6KvG5VbLalY$_$9,50,1,vision,2
6KvG5VbLalY$_$9,50,2,vision,2
6KvG5VbLalY$_$9,50,3,vision,2
6KvG5VbLalY$_$9,50,4,vision,2
6KvG5VbLalY$_$9,50,5,vision,2
6KvG5VbLalY$_$9,50,6,vision,2
6KvG5VbLalY$_$9,50,7,vision,2
6KvG5VbLalY$_$9,50,8,vision,2
6KvG5VbLalY$_$9,50,9,vision,2
6KvG5VbLalY$_$9,50,10,vision,2
6KvG5VbLalY$_$9,50,11,vision,2
6KvG5VbLalY$_$9,50,12,vision,2
6KvG5VbLalY$_$9,50,13,vision,2
6KvG5VbLalY$_$9,50,14,vision,2
6KvG5VbLalY$_$9,50,15,vision,2
6KvG5VbLalY$_$9,50,16,vision,2
6KvG5VbLalY$_$9,50,17,vision,2
6KvG5VbLalY$_$9,50,18,vision,2
6KvG5VbLalY$_$9,50,19,vision,2
6KvG5VbLalY$_$9,50,20,vision,2
6KvG5VbLalY$_$9,50,21,vision,2
6KvG5VbLalY$_$9,50,22,vision,2
6KvG5VbLalY$_$9,50,23,vision,2
6KvG5VbLalY$_$9,50,24,vision,2
6KvG5VbLalY$_$9,50,25,vision,2
6KvG5VbLalY$_$9,50,26,vision,2
6KvG5VbLalY$_$9,50,27,vision,2
6KvG5VbLalY$_$9,50,28,vision,2
6KvG5VbLalY$_$9,50,29,vision,2
6KvG5VbLalY$_$9,50,30,vision,2
6KvG5VbLalY$_$9,50,31,vision,2
6KvG5VbLalY$_$9,50,32,vision,2
6KvG5VbLalY$_$9,50,33,vision,2
6KvG5VbLalY$_$9,50,34,vision,2
6KvG5VbLalY$_$9,50,35,vision,2
6KvG5VbLalY$_$9,50,36,vision,2
6KvG5VbLalY$_$9,50,37,vision,2
6KvG5VbLalY$_$9,50,38,vision,0
6KvG5VbLalY$_$9,50,39,vision,0
6KvG5VbLalY$_$9,50,40,vision,0
6KvG5VbLalY$_$9,50,41,vision,0
6KvG5VbLalY$_$9,50,42,vision,0
6KvG5VbLalY$_$9,50,43,vision,0
6KvG5VbLalY$_$9,50,44,vision,0
6KvG5VbLalY$_$9,50,45,vision,0
6KvG5VbLalY$_$9,50,46,vision,0
6KvG5VbLalY$_$9,50,47,vision,0
6KvG5VbLalY$_$9,50,48,vision,0
6KvG5VbLalY$_$9,50,49,vision,0
TWszOxkOV0w$_$1,51,0,vision,0
TWszOxkOV0w$_$1,51,1,vision,2
TWszOxkOV0w$_$1,51,2,vision,2
TWszOxkOV0w$_$1,51,3,vision,2
TWszOxkOV0w$_$1,51,4,vision,2
TWszOxkOV0w$_$1,51,5,vision,2
TWszOxkOV0w$_$1,51,6,vision,2
TWszOxkOV0w$_$1,51,7,vision,2
TWszOxkOV0w$_$1,51,8,vision,2
TWszOxkOV0w$_$1,51,9,vision,2
TWszOxkOV0w$_$1,51,10,vision,2
TWszOxkOV0w$_$1,51,11,vision,2
TWszOxkOV0w$_$1,51,12,vision,2
TWszOxkOV0w$_$1,51,13,vision,2
TWszOxkOV0w$_$1,51,14,vision,2
TWszOxkOV0w$_$1,51,15,vision,2
TWszOxkOV0w$_$1,51,16,vision,2
TWszOxkOV0w$_$1,51,17,vision,2
TWszOxkOV0w$_$1,51,18,vision,2
TWszOxkOV0w$_$1,51,19,vision,2
TWszOxkOV0w$_$1,51,20,vision,2
TWszOxkOV0w$_$1,51,21,vision,2
TWszOxkOV0w$_$1,51,22,vision,2
TWszOxkOV0w$_$1,51,23,vision,2
TWszOxkOV0w$_$1,51,24,vision,2
TWszOxkOV0w$_$1,51,25,vision,2
TWszOxkOV0w$_$1,51,26,vision,2
TWszOxkOV0w$_$1,51,27,vision,2
TWszOxkOV0w$_$1,51,28,vision,2
TWszOxkOV0w$_$1,51,29,vision,2
TWszOxkOV0w$_$1,51,30,vision,2
TWszOxkOV0w$_$1,51,31,vision,2
TWszOxkOV0w$_$1,51,32,vision,2
TWszOxkOV0w$_$1,51,33,vision,2
TWszOxkOV0w$_$1,51,34,vision,2
TWszOxkOV0w$_$1,51,35,vision,2
TWszOxkOV0w$_$1,51,36,vision,2
TWszOxkOV0w$_$1,51,37,vision,2
TWszOxkOV0w$_$1,51,38,vision,2
TWszOxkOV0w$_$1,51,39,vision,0
TWszOxkOV0w$_$1,51,40,vision,0
TWszOxkOV0w$_$1,51,41,vision,0
TWszOxkOV0w$_$1,51,42,vision,0
TWszOxkOV0w$_$1,51,43,vision,0
TWszOxkOV0w$_$1,51,44,vision,0
TWszOxkOV0w$_$1,51,45,vision,0
TWszOxkOV0w$_$1,51,46,vision,0
TWszOxkOV0w$_$1,51,47,vision,0
TWszOxkOV0w$_$1,51,48,vision,0
TWszOxkOV0w$_$1,51,49,vision,0
ioupaiAuRr0$_$4,52,0,vision,0
ioupaiAuRr0$_$4,52,1,vision,2
ioupaiAuRr0$_$4,52,2,vision,2
ioupaiAuRr0$_$4,52,3,vision,2
ioupaiAuRr0$_$4,52,4,vision,2
ioupaiAuRr0$_$4,52,5,vision,2
ioupaiAuRr0$_$4,52,6,vision,2
ioupaiAuRr0$_$4,52,7,vision,2
ioupaiAuRr0$_$4,52,8,vision,2
ioupaiAuRr0$_$4,52,9,vision,2
ioupaiAuRr0$_$4,52,10,vision,2
ioupaiAuRr0$_$4,52,11,vision,2
ioupaiAuRr0$_$4,52,12,vision,2
ioupaiAuRr0$_$4,52,13,vision,2
ioupaiAuRr0$_$4,52,14,vision,2
ioupaiAuRr0$_$4,52,15,vision,2
ioupaiAuRr0$_$4,52,16,vision,2
ioupaiAuRr0$_$4,52,17,vision,2
ioupaiAuRr0$_$4,52,18,vision,2
ioupaiAuRr0$_$4,52,19,vision,2
ioupaiAuRr0$_$4,52,20,vision,2
ioupaiAuRr0$_$4,52,21,vision,2
ioupaiAuRr0$_$4,52,22,vision,2
ioupaiAuRr0$_$4,52,23,vision,2
ioupaiAuRr0$_$4,52,24,vision,2
ioupaiAuRr0$_$4,52,25,vision,2
ioupaiAuRr0$_$4,52,26,vision,2
ioupaiAuRr0$_$4,52,27,vision,2
ioupaiAuRr0$_$4,52,28,vision,2
ioupaiAuRr0$_$4,52,29,vision,2
ioupaiAuRr0$_$4,52,30,vision,2
ioupaiAuRr0$_$4,52,31,vision,2
ioupaiAuRr0$_$4,52,32,vision,2
ioupaiAuRr0$_$4,52,33,vision,2
ioupaiAuRr0$_$4,52,34,vision,2
ioupaiAuRr0$_$4,52,35,vision,2
ioupaiAuRr0$_$4,52,36,vision,2
ioupaiAuRr0$_$4,52,37,vision,2
ioupaiAuRr0$_$4,52,38,vision,2
ioupaiAuRr0$_$4,52,39,vision,2
ioupaiAuRr0$_$4,52,40,vision,2
ioupaiAuRr0$_$4,52,41,vision,0
ioupaiAuRr0$_$4,52,42,vision,0
ioupaiAuRr0$_$4,52,43,vision,0
ioupaiAuRr0$_$4,52,44,vision,0
ioupaiAuRr0$_$4,52,45,vision,0
ioupaiAuRr0$_$4,52,46,vision,0
ioupaiAuRr0$_$4,52,47,vision,0
ioupaiAuRr0$_$4,52,48,vision,0
ioupaiAuRr0$_$4,52,49,vision,0
272624$_$8,53,0,vision,0
272624$_$8,53,1,vision,2
272624$_$8,53,2,vision,2
272624$_$8,53,3,vision,2
272624$_$8,53,4,vision,2
272624$_$8,53,5,vision,2
272624$_$8,53,6,vision,2
272624$_$8,53,7,vision,2
272624$_$8,53,8,vision,2
272624$_$8,53,9,vision,2
272624$_$8,53,10,vision,2
272624$_$8,53,11,vision,2
272624$_$8,53,12,vision,2
272624$_$8,53,13,vision,2
272624$_$8,53,14,vision,2
272624$_$8,53,15,vision,2
272624$_$8,53,16,vision,2
272624$_$8,53,17,vision,2
272624$_$8,53,18,vision,2
272624$_$8,53,19,vision,2
272624$_$8,53,20,vision,2
272624$_$8,53,21,vision,2
272624$_$8,53,22,vision,2
272624$_$8,53,23,vision,2
272624$_$8,53,24,vision,2
272624$_$8,53,25,vision,2
272624$_$8,53,26,vision,2
272624$_$8,53,27,vision,2
272624$_$8,53,28,vision,2
272624$_$8,53,29,vision,2
272624$_$8,53,30,vision,2
272624$_$8,53,31,vision,2
272624$_$8,53,32,vision,2
272624$_$8,53,33,vision,2
272624$_$8,53,34,vision,2
272624$_$8,53,35,vision,2
272624$_$8,53,36,vision,2
272624$_$8,53,37,vision,2
272624$_$8,53,38,vision,2
272624$_$8,53,39,vision,2
272624$_$8,53,40,vision,2
272624$_$8,53,41,vision,2
272624$_$8,53,42,vision,2
272624$_$8,53,43,vision,2
272624$_$8,53,44,vision,0
272624$_$8,53,45,vision,0
272624$_$8,53,46,vision,0
272624$_$8,53,47,vision,0
272624$_$8,53,48,vision,0
272624$_$8,53,49,vision,0
PwapK9d8IGk$_$4,54,0,vision,0
PwapK9d8IGk$_$4,54,1,vision,2
PwapK9d8IGk$_$4,54,2,vision,2
PwapK9d8IGk$_$4,54,3,vision,2
PwapK9d8IGk$_$4,54,4,vision,2
PwapK9d8IGk$_$4,54,5,vision,2
PwapK9d8IGk$_$4,54,6,vision,2
PwapK9d8IGk$_$4,54,7,vision,2
PwapK9d8IGk$_$4,54,8,vision,2
PwapK9d8IGk$_$4,54,9,vision,2
PwapK9d8IGk$_$4,54,10,vision,2
PwapK9d8IGk$_$4,54,11,vision,2
PwapK9d8IGk$_$4,54,12,vision,2
PwapK9d8IGk$_$4,54,13,vision,2
PwapK9d8IGk$_$4,54,14,vision,2
PwapK9d8IGk$_$4,54,15,vision,2
PwapK9d8IGk$_$4,54,16,vision,2
PwapK9d8IGk$_$4,54,17,vision,2
PwapK9d8IGk$_$4,54,18,vision,2
PwapK9d8IGk$_$4,54,19,vision,2
PwapK9d8IGk$_$4,54,20,vision,2
PwapK9d8IGk$_$4,54,21,vision,2
PwapK9d8IGk$_$4,54,22,vision,2
PwapK9d8IGk$_$4,54,23,vision,2
PwapK9d8IGk$_$4,54,24,vision,2
PwapK9d8IGk$_$4,54,25,vision,2
PwapK9d8IGk$_$4,54,26,vision,2
PwapK9d8IGk$_$4,54,27,vision,2
PwapK9d8IGk$_$4,54,28,vision,2
PwapK9d8IGk$_$4,54,29,vision,2
PwapK9d8IGk$_$4,54,30,vision,2
PwapK9d8IGk$_$4,54,31,vision,2
PwapK9d8IGk$_$4,54,32,vision,2
PwapK9d8IGk$_$4,54,33,vision,2
PwapK9d8IGk$_$4,54,34,vision,2
PwapK9d8IGk$_$4,54,35,vision,2
PwapK9d8IGk$_$4,54,36,vision,2
PwapK9d8IGk$_$4,54,37,vision,2
PwapK9d8IGk$_$4,54,38,vision,2
PwapK9d8IGk$_$4,54,39,vision,2
PwapK9d8IGk$_$4,54,40,vision,2
PwapK9d8IGk$_$4,54,41,vision,2
PwapK9d8IGk$_$4,54,42,vision,2
PwapK9d8IGk$_$4,54,43,vision,2
PwapK9d8IGk$_$4,54,44,vision,2
PwapK9d8IGk$_$4,54,45,vision,2
PwapK9d8IGk$_$4,54,46,vision,0
PwapK9d8IGk$_$4,54,47,vision,0
PwapK9d8IGk$_$4,54,48,vision,0
PwapK9d8IGk$_$4,54,49,vision,0
8x_nCOh6Wmc$_$6,55,0,vision,0
8x_nCOh6Wmc$_$6,55,1,vision,2
8x_nCOh6Wmc$_$6,55,2,vision,2
8x_nCOh6Wmc$_$6,55,3,vision,2
8x_nCOh6Wmc$_$6,55,4,vision,2
8x_nCOh6Wmc$_$6,55,5,vision,2
8x_nCOh6Wmc$_$6,55,6,vision,2
8x_nCOh6Wmc$_$6,55,7,vision,2
8x_nCOh6Wmc$_$6,55,8,vision,2
8x_nCOh6Wmc$_$6,55,9,vision,2
8x_nCOh6Wmc$_$6,55,10,vision,2
8x_nCOh6Wmc$_$6,55,11,vision,2
8x_nCOh6Wmc$_$6,55,12,vision,2
8x_nCOh6Wmc$_$6,55,13,vision,2
8x_nCOh6Wmc$_$6,55,14,vision,2
8x_nCOh6Wmc$_$6,55,15,vision,2
8x_nCOh6Wmc$_$6,55,16,vision,2
8x_nCOh6Wmc$_$6,55,17,vision,2
8x_nCOh6Wmc$_$6,55,18,vision,2
8x_nCOh6Wmc$_$6,55,19,vision,2
8x_nCOh6Wmc$_$6,55,20,vision,2
8x_nCOh6Wmc$_$6,55,21,vision,2
8x_nCOh6Wmc$_$6,55,22,vision,2
8x_nCOh6Wmc$_$6,55,23,vision,2
8x_nCOh6Wmc$_$6,55,24,vision,2
8x_nCOh6Wmc$_$6,55,25,vision,2
8x_nCOh6Wmc$_$6,55,26,vision,2
8x_nCOh6Wmc$_$6,55,27,vision,2
8x_nCOh6Wmc$_$6,55,28,vision,2
8x_nCOh6Wmc$_$6,55,29,vision,2
8x_nCOh6Wmc$_$6,55,30,vision,2
8x_nCOh6Wmc$_$6,55,31,vision,2
8x_nCOh6Wmc$_$6,55,32,vision,2
8x_nCOh6Wmc$_$6,55,33,vision,2
8x_nCOh6Wmc$_$6,55,34,vision,2
8x_nCOh6Wmc$_$6,55,35,vision,2
8x_nCOh6Wmc$_$6,55,36,vision,2
8x_nCOh6Wmc$_$6,55,37,vision,2
8x_nCOh6Wmc$_$6,55,38,vision,2
8x_nCOh6Wmc$_$6,55,39,vision,2
8x_nCOh6Wmc$_$6,55,40,vision,2
8x_nCOh6Wmc$_$6,55,41,vision,2
8x_nCOh6Wmc$_$6,55,42,vision,2
8x_nCOh6Wmc$_$6,55,43,vision,2
8x_nCOh6Wmc$_$6,55,44,vision,2
8x_nCOh6Wmc$_$6,55,45,vision,2
8x_nCOh6Wmc$_$6,55,46,vision,2
8x_nCOh6Wmc$_$6,55,47,vision,2
8x_nCOh6Wmc$_$6,55,48,vision,0
8x_nCOh6Wmc$_$6,55,49,vision,0
241629$_$8,56,0,vision,0
241629$_$8,56,1,vision,2
241629$_$8,56,2,vision,2
241629$_$8,56,3,vision,2
241629$_$8,56,4,vision,2
241629$_$8,56,5,vision,2
241629$_$8,56,6,vision,2
241629$_$8,56,7,vision,2
241629$_$8,56,8,vision,2
241629$_$8,56,9,vision,2
241629$_$8,56,10,vision,2
241629$_$8,56,11,vision,2
241629$_$8,56,12,vision,2
241629$_$8,56,13,vision,2
241629$_$8,56,14,vision,2
241629$_$8,56,15,vision,2
241629$_$8,56,16,vision,2
241629$_$8,56,17,vision,2
241629$_$8,56,18,vision,2
241629$_$8,56,19,vision,2
241629$_$8,56,20,vision,2
241629$_$8,56,21,vision,2
241629$_$8,56,22,vision,2
241629$_$8,56,23,vision,2
241629$_$8,56,24,vision,2
241629$_$8,56,25,vision,2
241629$_$8,56,26,vision,2
241629$_$8,56,27,vision,2
241629$_$8,56,28,vision,2
241629$_$8,56,29,vision,2
241629$_$8,56,30,vision,2
241629$_$8,56,31,vision,2
241629$_$8,56,32,vision,2
241629$_$8,56,33,vision,2
241629$_$8,56,34,vision,2
241629$_$8,56,35,vision,2
241629$_$8,56,36,vision,2
241629$_$8,56,37,vision,2
241629$_$8,56,38,vision,2
241629$_$8,56,39,vision,2
241629$_$8,56,40,vision,2
241629$_$8,56,41,vision,2
241629$_$8,56,42,vision,2
241629$_$8,56,43,vision,2
241629$_$8,56,44,vision,2
241629$_$8,56,45,vision,2
241629$_$8,56,46,vision,2
241629$_$8,56,47,vision,2
241629$_$8,56,48,vision,2
241629$_$8,56,49,vision,0
5kaCGzjYukM$_$7,57,0,vision,0
5kaCGzjYukM$_$7,57,1,vision,2
5kaCGzjYukM$_$7,57,2,vision,2
5kaCGzjYukM$_$7,57,3,vision,2
5kaCGzjYukM$_$7,57,4,vision,2
5kaCGzjYukM$_$7,57,5,vision,2
5kaCGzjYukM$_$7,57,6,vision,2
5kaCGzjYukM$_$7,57,7,vision,2
5kaCGzjYukM$_$7,57,8,vision,2
5kaCGzjYukM$_$7,57,9,vision,2
5kaCGzjYukM$_$7,57,10,vision,2
5kaCGzjYukM$_$7,57,11,vision,2
5kaCGzjYukM$_$7,57,12,vision,2
5kaCGzjYukM$_$7,57,13,vision,2
5kaCGzjYukM$_$7,57,14,vision,2
5kaCGzjYukM$_$7,57,15,vision,2
5kaCGzjYukM$_$7,57,16,vision,2
5kaCGzjYukM$_$7,57,17,vision,2
5kaCGzjYukM$_$7,57,18,vision,2
5kaCGzjYukM$_$7,57,19,vision,2
5kaCGzjYukM$_$7,57,20,vision,2
5kaCGzjYukM$_$7,57,21,vision,2
5kaCGzjYukM$_$7,57,22,vision,2
5kaCGzjYukM$_$7,57,23,vision,2
5kaCGzjYukM$_$7,57,24,vision,2
5kaCGzjYukM$_$7,57,25,vision,2
5kaCGzjYukM$_$7,57,26,vision,2
5kaCGzjYukM$_$7,57,27,vision,2
5kaCGzjYukM$_$7,57,28,vision,2
5kaCGzjYukM$_$7,57,29,vision,2
5kaCGzjYukM$_$7,57,30,vision,2
5kaCGzjYukM$_$7,57,31,vision,2
5kaCGzjYukM$_$7,57,32,vision,2
5kaCGzjYukM$_$7,57,33,vision,2
5kaCGzjYukM$_$7,57,34,vision,2
5kaCGzjYukM$_$7,57,35,vision,2
5kaCGzjYukM$_$7,57,36,vision,2
5kaCGzjYukM$_$7,57,37,vision,2
5kaCGzjYukM$_$7,57,38,vision,2
5kaCGzjYukM$_$7,57,39,vision,2
5kaCGzjYukM$_$7,57,40,vision,2
5kaCGzjYukM$_$7,57,41,vision,2
5kaCGzjYukM$_$7,57,42,vision,2
5kaCGzjYukM$_$7,57,43,vision,2
5kaCGzjYukM$_$7,57,44,vision,2
5kaCGzjYukM$_$7,57,45,vision,2
5kaCGzjYukM$_$7,57,46,vision,2
5kaCGzjYukM$_$7,57,47,vision,2
5kaCGzjYukM$_$7,57,48,vision,2
5kaCGzjYukM$_$7,57,49,vision,0
eOiC1kb17P4$_$0,58,0,vision,0
eOiC1kb17P4$_$0,58,1,vision,2
eOiC1kb17P4$_$0,58,2,vision,2
eOiC1kb17P4$_$0,58,3,vision,2
eOiC1kb17P4$_$0,58,4,vision,2
eOiC1kb17P4$_$0,58,5,vision,2
eOiC1kb17P4$_$0,58,6,vision,2
eOiC1kb17P4$_$0,58,7,vision,2
eOiC1kb17P4$_$0,58,8,vision,2
eOiC1kb17P4$_$0,58,9,vision,2
eOiC1kb17P4$_$0,58,10,vision,2
eOiC1kb17P4$_$0,58,11,vision,2
eOiC1kb17P4$_$0,58,12,vision,2
eOiC1kb17P4$_$0,58,13,vision,2
eOiC1kb17P4$_$0,58,14,vision,2
eOiC1kb17P4$_$0,58,15,vision,2
eOiC1kb17P4$_$0,58,16,vision,2
eOiC1kb17P4$_$0,58,17,vision,2
eOiC1kb17P4$_$0,58,18,vision,2
eOiC1kb17P4$_$0,58,19,vision,2
eOiC1kb17P4$_$0,58,20,vision,2
eOiC1kb17P4$_$0,58,21,vision,2
eOiC1kb17P4$_$0,58,22,vision,2
eOiC1kb17P4$_$0,58,23,vision,2
eOiC1kb17P4$_$0,58,24,vision,2
eOiC1kb17P4$_$0,58,25,vision,2
eOiC1kb17P4$_$0,58,26,vision,2
eOiC1kb17P4$_$0,58,27,vision,2
eOiC1kb17P4$_$0,58,28,vision,2
eOiC1kb17P4$_$0,58,29,vision,2
eOiC1kb17P4$_$0,58,30,vision,2
eOiC1kb17P4$_$0,58,31,vision,2
eOiC1kb17P4$_$0,58,32,vision,2
eOiC1kb17P4$_$0,58,33,vision,2
eOiC1kb17P4$_$0,58,34,vision,2
eOiC1kb17P4$_$0,58,35,vision,2
eOiC1kb17P4$_$0,58,36,vision,2
eOiC1kb17P4$_$0,58,37,vision,2
eOiC1kb17P4$_$0,58,38,vision,2
eOiC1kb17P4$_$0,58,39,vision,2
eOiC1kb17P4$_$0,58,40,vision,2
eOiC1kb17P4$_$0,58,41,vision,2
eOiC1kb17P4$_$0,58,42,vision,2
eOiC1kb17P4$_$0,58,43,vision,2
eOiC1kb17P4$_$0,58,44,vision,2
eOiC1kb17P4$_$0,58,45,vision,2
eOiC1kb17P4$_$0,58,46,vision,2
eOiC1kb17P4$_$0,58,47,vision,2
eOiC1kb17P4$_$0,58,48,vision,2
eOiC1kb17P4$_$0,58,49,vision,0
xjsaS-LeZ14$_$6,59,0,vision,0
xjsaS-LeZ14$_$6,59,1,vision,2
xjsaS-LeZ14$_$6,59,2,vision,2
xjsaS-LeZ14$_$6,59,3,vision,2
xjsaS-LeZ14$_$6,59,4,vision,2
xjsaS-LeZ14$_$6,59,5,vision,2
xjsaS-LeZ14$_$6,59,6,vision,2
xjsaS-LeZ14$_$6,59,7,vision,2
xjsaS-LeZ14$_$6,59,8,vision,2
xjsaS-LeZ14$_$6,59,9,vision,2
xjsaS-LeZ14$_$6,59,10,vision,2
xjsaS-LeZ14$_$6,59,11,vision,2
xjsaS-LeZ14$_$6,59,12,vision,2
xjsaS-LeZ14$_$6,59,13,vision,2
xjsaS-LeZ14$_$6,59,14,vision,2
xjsaS-LeZ14$_$6,59,15,vision,2
xjsaS-LeZ14$_$6,59,16,vision,2
xjsaS-LeZ14$_$6,59,17,vision,2
xjsaS-LeZ14$_$6,59,18,vision,2
xjsaS-LeZ14$_$6,59,19,vision,2
xjsaS-LeZ14$_$6,59,20,vision,2
xjsaS-LeZ14$_$6,59,21,vision,2
xjsaS-LeZ14$_$6,59,22,vision,2
xjsaS-LeZ14$_$6,59,23,vision,2
xjsaS-LeZ14$_$6,59,24,vision,2
xjsaS-LeZ14$_$6,59,25,vision,2
xjsaS-LeZ14$_$6,59,26,vision,2
xjsaS-LeZ14$_$6,59,27,vision,2
xjsaS-LeZ14$_$6,59,28,vision,2
xjsaS-LeZ14$_$6,59,29,vision,2
xjsaS-LeZ14$_$6,59,30,vision,2
xjsaS-LeZ14$_$6,59,31,vision,2
xjsaS-LeZ14$_$6,59,32,vision,2
xjsaS-LeZ14$_$6,59,33,vision,2
xjsaS-LeZ14$_$6,59,34,vision,2
xjsaS-LeZ14$_$6,59,35,vision,2
xjsaS-LeZ14$_$6,59,36,vision,2
xjsaS-LeZ14$_$6,59,37,vision,2
xjsaS-LeZ14$_$6,59,38,vision,2
xjsaS-LeZ14$_$6,59,39,vision,2
xjsaS-LeZ14$_$6,59,40,vision,2
xjsaS-LeZ14$_$6,59,41,vision,2
xjsaS-LeZ14$_$6,59,42,vision,2
xjsaS-LeZ14$_$6,59,43,vision,2
xjsaS-LeZ14$_$6,59,44,vision,2
xjsaS-LeZ14$_$6,59,45,vision,2
xjsaS-LeZ14$_$6,59,46,vision,2
xjsaS-LeZ14$_$6,59,47,vision,2
xjsaS-LeZ14$_$6,59,48,vision,2
xjsaS-LeZ14$_$6,59,49,vision,0
