sample_id,modality,absolute_error_change,intensity_change,class_changed
-UacrmKiTn4$_$7,text,0.020756959915161133,0.020756959915161133,False
-qDkUB0GgYY$_$5,text,-0.03592848777770996,0.035928428173065186,False
0utROiKxejc$_$1,text,-0.02180713415145874,-0.02180713415145874,False
0utROiKxejc$_$4,text,-0.15235331654548645,0.15235331654548645,False
0y022OlZ3W0$_$3,text,0.3709355592727661,-0.3709355592727661,False
0y022OlZ3W0$_$5,text,0.12502288818359375,0.12502288818359375,False
0y022OlZ3W0$_$8,text,0.12512484192848206,0.12512481212615967,False
101787$_$11,text,0.5282528400421143,-0.5282528400421143,True
101787$_$13,text,-0.22863984107971191,-0.22863984107971191,False
101787$_$1,text,0.031108587980270386,0.031108587980270386,False
101787$_$5,text,-0.05860340595245361,-0.05860340595245361,False
101787$_$7,text,0.3166937828063965,-0.3166936933994293,False
101787$_$9,text,-0.024262189865112305,0.024262189865112305,False
102408$_$2,text,0.21152901649475098,0.22945082187652588,False
102408$_$5,text,-0.3794717788696289,-0.37947168946266174,False
102408$_$9,text,-0.10235261917114258,-0.10235261917114258,False
102858$_$20,text,-0.2833290100097656,0.28332898020744324,False
102858$_$21,text,-0.2905275821685791,0.2905275821685791,False
102858$_$1,text,-0.2501252293586731,0.2501251995563507,False
102858$_$0,text,-0.20656415820121765,-0.20656415820121765,False
102858$_$4,text,0.21798396110534668,-0.2179839015007019,False
102858$_$6,text,0.2812192440032959,-0.2812191843986511,False
102858$_$10,text,0.34291791915893555,-0.34291794896125793,False
102858$_$17,text,-0.034609317779541016,0.0346093513071537,False
102858$_$19,text,-0.06686410307884216,0.06686410307884216,False
112433$_$10,text,-0.12429952621459961,0.12429952621459961,True
112433$_$3,text,0.05208539962768555,-0.05208539962768555,False
112433$_$7,text,-0.37152427434921265,0.37152427434921265,False
112433$_$6,text,-0.013733983039855957,-0.013733983039855957,False
117tQqLjza4$_$6,text,-0.04728609323501587,-0.04728609323501587,False
11j7EfglCAs$_$2,text,-0.2996683716773987,0.2996683418750763,False
121128$_$10,text,-0.021290302276611328,0.021290361881256104,False
121128$_$1,text,-0.15761709213256836,0.21175244450569153,False
121128$_$0,text,-0.1451161652803421,0.1451161652803421,False
121128$_$5,text,0.20052242279052734,-0.20052257180213928,False
125344$_$0,text,-0.14421796798706055,0.14421796798706055,True
125676$_$0,text,0.10104820132255554,0.10104823112487793,False
125676$_$4,text,0.21450233459472656,-0.21450239419937134,False
128059$_$11,text,0.11508536338806152,-0.11508536338806152,False
128059$_$12,text,-0.1597142219543457,0.15971413254737854,True
128059$_$2,text,0.17051666975021362,0.17051666975021362,False
128059$_$7,text,0.05134198069572449,-0.05134198069572449,False
128059$_$6,text,-0.13470876216888428,0.13470877707004547,False
128059$_$9,text,-0.1110694408416748,0.1110694408416748,False
128763$_$12,text,-0.2485302984714508,-0.2485302984714508,False
128763$_$3,text,-0.09182906150817871,-0.09182906150817871,False
128763$_$2,text,0.14934831857681274,-0.14934831857681274,False
128763$_$5,text,0.06592875719070435,-0.06592875719070435,False
128763$_$7,text,-0.16883909702301025,0.16883909702301025,False
128763$_$8,text,-0.027411580085754395,0.027411580085754395,False
130456$_$11,text,0.3679938316345215,-0.3679940700531006,False
130456$_$3,text,0.30407118797302246,-0.30407124757766724,False
130456$_$5,text,-0.039267927408218384,-0.03926793485879898,False
130456$_$4,text,0.1686788648366928,-0.1686788648366928,False
130456$_$7,text,-0.3032805025577545,0.4442436993122101,False
130456$_$6,text,0.06035017967224121,-0.06035017967224121,False
188343$_$13,text,0.03826761245727539,-0.03826749324798584,False
188343$_$12,text,0.1823939085006714,0.1823939085006714,False
188343$_$5,text,-0.25878387689590454,0.25878387689590454,False
188343$_$9,text,0.11497759819030762,-0.11497771739959717,False
188343$_$8,text,-0.16081511974334717,-0.16081511974334717,False
1HK7Nea0PFo$_$1,text,0.3060120940208435,-0.3060120940208435,False
216097$_$1,text,-0.004112303256988525,-0.004112303256988525,False
216097$_$2,text,0.08954882621765137,-0.08954882621765137,True
216097$_$5,text,-0.005300283432006836,-0.005300290882587433,True
216097$_$4,text,-0.06201387941837311,0.07567092776298523,True
216097$_$7,text,-0.35732078552246094,-0.35732072591781616,False
216097$_$8,text,0.030566930770874023,0.030566811561584473,False
223431$_$11,text,0.07399904727935791,0.07399904727935791,False
223431$_$10,text,0.11678600311279297,0.11678600311279297,False
223431$_$13,text,-0.0646657943725586,-0.06466573476791382,True
223431$_$0,text,-0.29925093054771423,-0.38894209265708923,True
223431$_$5,text,-0.1430303156375885,0.1430303156375885,False
225770$_$3,text,0.1547309160232544,0.1547309309244156,True
225770$_$5,text,-0.1933671236038208,-0.2557828426361084,False
225770$_$4,text,0.12658891081809998,-0.12658891081809998,False
225770$_$6,text,0.13620752096176147,-0.13620752096176147,False
236021$_$12,text,0.02257072925567627,-0.02257075160741806,False
236021$_$1,text,-0.2655874192714691,0.3828026354312897,True
236021$_$3,text,0.05167675018310547,-0.05167675018310547,False
236021$_$2,text,-0.07226075232028961,-0.13723812997341156,False
236021$_$5,text,-0.0622326135635376,0.0622326135635376,False
236021$_$4,text,0.1738494634628296,-0.1738494485616684,True
237009$_$11,text,0.3011906147003174,0.30119064450263977,True
237009$_$12,text,0.12621676921844482,0.12621676921844482,False
237009$_$4,text,-0.13656823337078094,0.19635538756847382,False
237009$_$7,text,0.15264081954956055,0.15264081954956055,False
237009$_$9,text,0.06137418746948242,-0.06137418746948242,False
241629$_$10,text,0.038631975650787354,0.03863191604614258,False
241629$_$0,text,-0.17818641662597656,0.17818641662597656,False
241629$_$3,text,0.09359955787658691,-0.09359961748123169,False
241629$_$5,text,0.12208488583564758,-0.4737990200519562,True
241629$_$8,text,0.09030818939208984,-0.09030818939208984,False
243646$_$11,text,0.216668963432312,-0.216668963432312,False
243646$_$12,text,0.17273616790771484,0.17273616790771484,False
243646$_$9,text,-0.22781197726726532,0.22781197726726532,False
243646$_$8,text,-0.18305575847625732,0.18305575847625732,True
247318$_$12,text,0.3812263011932373,0.3812263011932373,False
247318$_$1,text,0.12669610977172852,0.12669610977172852,False
247318$_$3,text,-0.011172056198120117,-0.011172115802764893,False
247318$_$2,text,-0.051740169525146484,-0.051740288734436035,True
247318$_$5,text,-0.013532757759094238,0.013532757759094238,False
247318$_$7,text,0.14556312561035156,0.14556312561035156,False
247318$_$6,text,-0.040058434009552,-0.06401044130325317,False
252998$_$1,text,-0.10828909277915955,0.10828909277915955,False
252998$_$0,text,-0.09979479759931564,0.09979479759931564,True
252998$_$5,text,-0.0031986236572265625,-0.0031986236572265625,False
252998$_$4,text,0.05019855499267578,-0.05019855499267578,False
252998$_$7,text,0.2394258975982666,-0.2394258975982666,False
252998$_$8,text,-0.24835693836212158,-0.24835699796676636,False
257247$_$10,text,-0.040262818336486816,0.04026287794113159,False
257247$_$12,text,-0.2597142457962036,-0.2597142457962036,False
257247$_$2,text,-0.20251484215259552,-0.2568341791629791,False
258654$_$1,text,-0.14899688959121704,-0.14899688959121704,False
258654$_$3,text,-0.3478337526321411,-0.34783369302749634,False
258654$_$4,text,0.1256456971168518,0.1256456971168518,False
266791$_$24,text,-0.443744957447052,-0.443744957447052,False
266791$_$20,text,-0.10344791412353516,0.10344791412353516,True
266791$_$21,text,0.04909789562225342,0.04909789562225342,False
266791$_$23,text,-0.2211441993713379,-0.22114410996437073,False
266791$_$29,text,-0.37881529331207275,-0.37881535291671753,False
266791$_$3,text,0.3260078430175781,-0.32600778341293335,False
266791$_$5,text,-0.0613710880279541,-0.061371028423309326,False
266791$_$4,text,0.08588731288909912,0.08588729798793793,True
266791$_$6,text,0.0737886130809784,-0.0737886130809784,False
266791$_$8,text,-0.07051753997802734,-0.07051753997802734,False
266791$_$11,text,-0.17749786376953125,0.1774977743625641,True
266791$_$14,text,-0.12465709447860718,-0.12465709447860718,False
270254$_$23,text,0.48409467935562134,0.4840947091579437,False
270254$_$0,text,0.03368104249238968,-0.2570359408855438,False
270254$_$6,text,0.12156015634536743,-0.12156018614768982,True
270254$_$8,text,-0.2522176504135132,-0.2522176504135132,False
270254$_$11,text,-0.22686555981636047,-0.22686555981636047,False
270254$_$14,text,0.27011239528656006,0.27011245489120483,False
270254$_$16,text,-0.02703690528869629,-0.02703690528869629,False
272624$_$10,text,-0.018719375133514404,-0.018719375133514404,False
272624$_$13,text,0.22108590602874756,-0.22108596563339233,False
272624$_$12,text,0.40254920721054077,0.4025491774082184,True
272624$_$16,text,-0.2144426703453064,0.2144426703453064,False
272624$_$18,text,0.16061973571777344,-0.16061976552009583,False
272624$_$2,text,0.3337865471839905,-0.3337865471839905,False
272624$_$6,text,0.12679612636566162,-0.12679612636566162,False
272624$_$9,text,0.11536234617233276,0.11536233127117157,True
272624$_$8,text,0.1468656063079834,0.1468656063079834,False
273539$_$3,text,-0.42325353622436523,-0.4232535660266876,False
273539$_$2,text,-0.01923123002052307,0.01923123002052307,False
273539$_$9,text,0.3453218936920166,0.3453218340873718,False
290546$_$3,text,-0.2390681803226471,0.2390681803226471,False
290546$_$5,text,-0.07222104072570801,-0.07222104072570801,False
290546$_$7,text,-0.3330197334289551,0.3330197334289551,False
290546$_$6,text,0.24672025442123413,0.24672025442123413,False
2S00zYaVrtc$_$10,text,-0.04647421836853027,-0.046474307775497437,True
2S00zYaVrtc$_$12,text,0.0966043472290039,-0.09660428762435913,False
2S00zYaVrtc$_$20,text,-0.10928243398666382,0.10928243398666382,False
2S00zYaVrtc$_$17,text,-0.004237771034240723,-0.004237771034240723,False
2S00zYaVrtc$_$5,text,0.17519664764404297,-0.17519673705101013,False
2S00zYaVrtc$_$4,text,0.26132291555404663,-0.26132291555404663,False
2Xt31_d0XEE$_$2,text,0.502609133720398,-0.5026091933250427,False
31474$_$11,text,-0.030234694480895996,-0.030234724283218384,False
31474$_$14,text,-0.008126974105834961,0.008126974105834961,False
31474$_$0,text,0.31968954205513,-0.31968954205513,True
31474$_$3,text,0.3415445387363434,-0.3415445387363434,False
31474$_$6,text,0.0941166877746582,0.09411662817001343,False
31474$_$9,text,0.4377410411834717,0.4377410411834717,True
31474$_$8,text,0.01214146614074707,-0.01214146614074707,False
32681$_$1,text,0.0606270432472229,-0.0606270432472229,False
32681$_$3,text,-0.20694565773010254,-0.20694559812545776,False
32681$_$5,text,0.046831727027893066,-0.046831727027893066,False
32681$_$6,text,0.2224358320236206,0.2224358320236206,False
33170$_$1,text,-0.11627459526062012,0.11627465486526489,True
33170$_$3,text,0.025562524795532227,0.02556246519088745,False
33170$_$4,text,-0.20568525791168213,-0.20568528771400452,False
3MFNIag0wNE$_$12,text,-0.2514703869819641,-0.2514703571796417,False
3MFNIag0wNE$_$14,text,-0.03244352340698242,-0.03244352340698242,False
3MFNIag0wNE$_$16,text,0.15596416592597961,0.15596416592597961,False
3MFNIag0wNE$_$7,text,0.44048184156417847,0.44048184156417847,False
3V2qm0rw920$_$11,text,-0.044261634349823,0.044261634349823,False
3V2qm0rw920$_$13,text,0.07002794742584229,-0.07002794742584229,False
3V2qm0rw920$_$3,text,-0.00853651762008667,-0.00853651762008667,False
3j94B0pzSVs$_$12,text,0.15934371948242188,-0.15934374928474426,False
3j94B0pzSVs$_$17,text,0.2631354331970215,0.26313552260398865,True
3j94B0pzSVs$_$1,text,-0.015669412910938263,0.015669412910938263,False
3j94B0pzSVs$_$0,text,-0.11394000053405762,-0.11394000053405762,True
4cFeG2ydm9A$_$8,text,-0.09246289730072021,-0.09246289730072021,False
4dV3slGSc60$_$10,text,-0.13779234886169434,0.13779234886169434,False
4dV3slGSc60$_$12,text,-0.02108287811279297,-0.02108287811279297,False
4dV3slGSc60$_$22,text,-0.04250597953796387,0.042505860328674316,False
4dV3slGSc60$_$9,text,0.3319915533065796,-0.3319914937019348,True
4dV3slGSc60$_$8,text,-0.00027245283126831055,0.00027244165539741516,True
50103$_$3,text,-0.12722086906433105,-0.12722086906433105,False
5B0PQx3Ep3k$_$5,text,0.27882158756256104,-0.27882158756256104,False
5O1W39o56gg$_$1,text,0.04138308763504028,0.04138308763504028,False
5O1W39o56gg$_$2,text,0.5517769455909729,-0.5517769455909729,True
5O1W39o56gg$_$9,text,0.4456205368041992,-0.44562050700187683,False
5i6AgQSjXO4$_$3,text,0.0613139271736145,0.0613139271736145,False
5i6AgQSjXO4$_$2,text,0.1114809513092041,0.1114809513092041,False
5i6AgQSjXO4$_$6,text,-0.010905325412750244,-0.010905325412750244,False
5kaCGzjYukM$_$0,text,0.14929789304733276,-0.14929789304733276,False
5kaCGzjYukM$_$3,text,0.2802972197532654,0.2802972197532654,False
5kaCGzjYukM$_$2,text,0.28303244709968567,-0.28303247690200806,False
5kaCGzjYukM$_$5,text,-0.04101729393005371,-0.04101729393005371,False
5kaCGzjYukM$_$7,text,0.37580612301826477,0.3918459713459015,False
6KvG5VbLalY$_$9,text,0.17803223431110382,0.17803223431110382,False
6ZA8I83x-oY$_$0,text,-0.1418965756893158,-0.1418965756893158,False
6ZA8I83x-oY$_$2,text,0.052727699279785156,-0.052727580070495605,False
6hFiTU77Sm0$_$1,text,-0.15233705937862396,-0.15233705937862396,True
6hFiTU77Sm0$_$2,text,0.02385483682155609,-0.28744667768478394,False
6uPGcKTpC4I$_$1,text,0.07363548874855042,0.07363548874855042,False
6uPGcKTpC4I$_$2,text,0.16327835619449615,-0.3366648554801941,True
6uPGcKTpC4I$_$6,text,-0.20631593465805054,0.20631593465805054,False
70280$_$11,text,-0.24591797590255737,-0.2459179162979126,False
70280$_$3,text,-0.014562606811523438,0.014562606811523438,False
70280$_$4,text,0.1845361590385437,-0.1845361590385437,True
70280$_$6,text,0.2872554659843445,0.2872554659843445,True
75RGHaxmUK8$_$3,text,-0.19275972247123718,-0.19275975227355957,False
75RGHaxmUK8$_$5,text,0.02002909779548645,-0.02002909779548645,False
7_K3F-lAv1k$_$2,text,-0.08430419862270355,-0.08430419862270355,False
7r4vRxKLFCA$_$6,text,0.077545166015625,0.07754522562026978,False
80566$_$1,text,0.4006129503250122,0.4006129503250122,False
80566$_$0,text,0.27727100253105164,-0.27727100253105164,True
80566$_$3,text,-0.09914332628250122,0.09914333373308182,False
80566$_$2,text,0.13546183705329895,-0.13546183705329895,False
80566$_$4,text,-0.11585497856140137,0.11585497856140137,False
80566$_$6,text,0.21470260620117188,-0.21470260620117188,False
80855$_$11,text,0.00038732588291168213,0.00038732588291168213,False
80855$_$10,text,0.149305522441864,-0.149305522441864,False
80855$_$12,text,-0.058965690433979034,-0.058965690433979034,False
80855$_$15,text,0.18404138088226318,-0.18404141068458557,False
80855$_$17,text,-0.05667531490325928,0.05667531490325928,False
80855$_$0,text,0.23420508205890656,-0.23420508205890656,True
80855$_$3,text,0.21248354017734528,-0.31724268198013306,False
80855$_$2,text,-0.21096837520599365,0.21096843481063843,False
80855$_$7,text,0.011038064956665039,-0.011038064956665039,False
80855$_$20,text,-0.33172738552093506,0.33172741532325745,True
830KzUc6CbU$_$0,text,-0.12941139936447144,0.12941139936447144,False
830KzUc6CbU$_$13,text,-0.18838679790496826,0.1883867383003235,False
84140$_$0,text,-0.07120633125305176,0.07120636850595474,True
84140$_$5,text,-0.06978064775466919,-0.06978067755699158,False
89835$_$1,text,0.191298246383667,-0.1912982165813446,False
89835$_$0,text,0.1519714891910553,0.1519714891910553,True
89835$_$4,text,0.11023688316345215,0.1102367639541626,False
89835$_$7,text,0.1762394905090332,0.17623937129974365,False
8eaYvALnJ0o$_$1,text,0.10023641586303711,-0.10023653507232666,False
8eaYvALnJ0o$_$0,text,0.03171229362487793,-0.03171229362487793,False
8x_nCOh6Wmc$_$6,text,-0.3072358965873718,0.30723586678504944,False
96642$_$1,text,-0.07647699117660522,0.07647699117660522,True
96642$_$3,text,0.1946808099746704,-0.1946808099746704,True
96642$_$2,text,-0.330165296792984,-0.37816861271858215,True
96642$_$4,text,-0.01642632484436035,-0.016426384449005127,False
99501$_$10,text,0.1950744390487671,0.19507434964179993,True
99501$_$13,text,0.08547312021255493,0.08547312021255493,False
99501$_$1,text,0.13479647040367126,0.13479647040367126,False
99501$_$0,text,0.20869562029838562,-0.20869562029838562,False
99501$_$5,text,0.04600784182548523,-0.04600784182548523,False
99501$_$7,text,-0.16600465774536133,-0.16600465774536133,False
9QI-9w_VdB4$_$0,text,-0.19099244475364685,-0.19099244475364685,False
AG5EY8ZaFj4$_$3,text,-0.05341872572898865,-0.05341872572898865,False
AG5EY8ZaFj4$_$15,text,-0.06612783670425415,0.06612783670425415,False
Arh2TKRi_mg$_$15,text,0.03282898664474487,-0.03282898664474487,False
Arh2TKRi_mg$_$14,text,0.3505226969718933,-0.3505226671695709,False
Arh2TKRi_mg$_$16,text,0.2731824517250061,0.28196150064468384,False
Arh2TKRi_mg$_$19,text,-0.0035451650619506836,-0.0035451650619506836,False
Arh2TKRi_mg$_$32,text,-0.08134794235229492,0.08134794235229492,False
Arh2TKRi_mg$_$28,text,0.2409798502922058,0.2409798502922058,True
Arh2TKRi_mg$_$3,text,-0.05773386359214783,0.4331561028957367,False
AxNy9TeTLq8$_$0,text,0.15583348274230957,-0.15583348274230957,False
BSKAHXFYF_I$_$1,text,0.20586302876472473,-0.20586302876472473,False
BSKAHXFYF_I$_$3,text,0.17805704474449158,-0.1780570149421692,True
BSKAHXFYF_I$_$7,text,0.13089576363563538,0.13089576363563538,False
BSKAHXFYF_I$_$8,text,-0.04289093613624573,-0.14267310500144958,False
Baz0VVQ-E9E$_$10,text,0.21173807978630066,0.21173807978630066,False
Baz0VVQ-E9E$_$1,text,0.10155409574508667,0.10155409574508667,True
Baz0VVQ-E9E$_$5,text,0.19096767902374268,-0.19096767902374268,False
Baz0VVQ-E9E$_$7,text,0.21911397576332092,-0.21911397576332092,False
CJGuudyvA0Y$_$4,text,-0.3202190399169922,-0.3202190697193146,False
CPjbogfLHR4$_$2,text,-0.10770633816719055,0.10770633816719055,False
CPjbogfLHR4$_$5,text,0.20904946327209473,-0.20904934406280518,True
DdUJojoFU_c$_$11,text,0.07527369260787964,0.07527369260787964,False
DdUJojoFU_c$_$15,text,-0.14399376511573792,-0.1439937949180603,False
DdUJojoFU_c$_$14,text,0.12150728702545166,0.12150728702545166,False
DdUJojoFU_c$_$17,text,0.034189075231552124,0.034189075231552124,False
DdUJojoFU_c$_$16,text,-0.04508101940155029,-0.04508101940155029,False
DdUJojoFU_c$_$2,text,0.036275267601013184,0.036275267601013184,False
DdUJojoFU_c$_$6,text,0.07050615549087524,-0.07050617039203644,False
DdUJojoFU_c$_$8,text,0.041571855545043945,-0.041571855545043945,False
DlbYiwOnTyk$_$1,text,0.11489224433898926,0.11489218473434448,False
E8MuzHUhUHk$_$15,text,0.1533602476119995,-0.1533602476119995,False
E8MuzHUhUHk$_$14,text,-0.39583688974380493,-0.5139926075935364,False
E8MuzHUhUHk$_$16,text,0.1583627462387085,-0.1583627462387085,False
E8MuzHUhUHk$_$2,text,-0.3793572783470154,-0.39178454875946045,False
E8MuzHUhUHk$_$9,text,-0.1767435520887375,-0.4812535047531128,False
EEjCkc82oyk$_$7,text,0.07737243175506592,0.07737243175506592,False
EEjCkc82oyk$_$9,text,0.5850149393081665,0.5850149393081665,False
EQxkXiWAm08$_$8,text,0.08685651421546936,-0.08685652166604996,False
ET1cU5_A2YM$_$1,text,0.09735536575317383,0.09735548496246338,False
ET1cU5_A2YM$_$3,text,0.00829342007637024,-0.00829342007637024,False
ET1cU5_A2YM$_$6,text,0.09556865692138672,0.09556853771209717,False
EmmuWoCUgXs$_$22,text,-0.16686737537384033,-0.16686734557151794,False
EmmuWoCUgXs$_$7,text,0.4061582386493683,0.4061582684516907,True
Es9MkKsMsjU$_$10,text,0.1336890459060669,0.1336890459060669,True
Es9MkKsMsjU$_$12,text,-0.12317991256713867,-0.12317991256713867,False
Es9MkKsMsjU$_$2,text,0.13394761085510254,0.13394767045974731,False
Es9MkKsMsjU$_$7,text,0.13102710247039795,0.13102710247039795,False
Ezn3p5FWF_U$_$4,text,0.05554074048995972,0.21199184656143188,False
F1U26PLiXjM$_$1,text,-0.17598256468772888,0.17598256468772888,True
F6JV-K840EY$_$2,text,0.043676331639289856,0.3860551714897156,True
FB_b1dm0SRY$_$10,text,0.03909415006637573,-0.03909415006637573,False
FB_b1dm0SRY$_$0,text,-0.0076895952224731445,0.0076895952224731445,False
FB_b1dm0SRY$_$6,text,-0.21934455633163452,0.23572415113449097,False
FB_b1dm0SRY$_$9,text,0.16613593697547913,0.33555349707603455,False
FB_b1dm0SRY$_$8,text,-0.0678631067276001,0.0678631067276001,False
FxxJB8hBpyQ$_$1,text,-0.23760485649108887,-0.23760484158992767,False
Fy0Uid9afM8$_$0,text,0.05350935459136963,0.05350936949253082,True
Fy0Uid9afM8$_$3,text,0.17778176069259644,0.17778179049491882,True
Fy0Uid9afM8$_$5,text,0.14361584186553955,0.1436157524585724,True
Fy0Uid9afM8$_$4,text,0.1349218487739563,0.13492189347743988,False
H1DpVwktfDQ$_$0,text,0.19912755489349365,-0.19912753999233246,False
HGicRLwgtkM$_$1,text,0.0011930465698242188,-0.0011929869651794434,False
HGicRLwgtkM$_$3,text,0.012021183967590332,-0.01202121376991272,False
HGicRLwgtkM$_$2,text,0.031770944595336914,-0.03177100419998169,False
HGicRLwgtkM$_$6,text,-0.061511993408203125,0.061511993408203125,False
HmXXW45eZL4$_$1,text,0.19711783528327942,0.19711783528327942,True
HmXXW45eZL4$_$4,text,-0.16346025466918945,0.16346025466918945,False
IM6HW1HwHhM$_$11,text,0.16607284545898438,-0.16607296466827393,False
IM6HW1HwHhM$_$15,text,0.06080484390258789,-0.06080484390258789,False
IM6HW1HwHhM$_$17,text,-0.0470050573348999,-0.0470050573348999,False
IUmxJNs2zaY$_$3,text,-0.009099364280700684,-0.009099364280700684,False
IUmxJNs2zaY$_$2,text,0.11379384994506836,-0.11379384994506836,False
JAnRCQ9A0vI$_$1,text,-0.12504863739013672,-0.12504863739013672,False
JAnRCQ9A0vI$_$0,text,0.2514723837375641,0.2514723837375641,False
JAnRCQ9A0vI$_$3,text,0.0315975546836853,-0.14990442991256714,False
JAnRCQ9A0vI$_$2,text,0.05334126949310303,0.05334126949310303,False
JAnRCQ9A0vI$_$5,text,-0.07162737846374512,-0.07162737846374512,False
JAnRCQ9A0vI$_$4,text,0.13911056518554688,0.13911056518554688,True
JAnRCQ9A0vI$_$8,text,-0.02662968635559082,0.02662968635559082,False
JOK1SSmPtFw$_$10,text,-0.09430915117263794,-0.09430915117263794,False
JOK1SSmPtFw$_$13,text,-0.30661195516586304,-0.30661195516586304,False
JOK1SSmPtFw$_$14,text,-0.08665167540311813,-0.1269282102584839,False
JOK1SSmPtFw$_$16,text,-0.1266874074935913,-0.1266874074935913,False
JOK1SSmPtFw$_$0,text,0.30812186002731323,-0.30812186002731323,False
JOK1SSmPtFw$_$5,text,-0.05654069408774376,-0.05654069408774376,False
JOK1SSmPtFw$_$4,text,-0.04122619330883026,-0.04122619330883026,True
JOK1SSmPtFw$_$8,text,0.04526817798614502,0.04526817798614502,False
JPT38CA3sGI$_$1,text,0.1536710262298584,-0.15367096662521362,False
JPT38CA3sGI$_$0,text,0.04346060752868652,-0.04346059635281563,False
JPT38CA3sGI$_$5,text,0.20618343353271484,-0.20618358254432678,False
JVpF99zuQhA$_$0,text,-0.14746379852294922,-0.14746379852294922,False
JVpF99zuQhA$_$2,text,-0.05769941955804825,0.05769941955804825,False
JVpF99zuQhA$_$4,text,0.009980935603380203,-0.009980935603380203,False
K0m1tO3Ybyc$_$15,text,0.02112823724746704,0.02112823724746704,False
K0m1tO3Ybyc$_$8,text,-0.11622953414916992,-0.1162295937538147,False
K8gp7ncdUl8$_$5,text,0.3477555513381958,-0.3477555215358734,True
KDjl2exStlI$_$10,text,0.2206782102584839,-0.2206782102584839,True
KDjl2exStlI$_$13,text,0.1450006365776062,-0.1450006365776062,False
KDjl2exStlI$_$5,text,0.04932931065559387,-0.04932931065559387,False
KDjl2exStlI$_$4,text,-0.20864059031009674,0.20864059031009674,False
KkKWFZZmmCM$_$1,text,-0.3064642548561096,-0.3064642548561096,False
KpMCvUyQCXg$_$1,text,0.07365885376930237,0.07365885376930237,False
KpMCvUyQCXg$_$3,text,0.1550530195236206,0.15505297482013702,False
KpMCvUyQCXg$_$5,text,-0.051581621170043945,-0.051581621170043945,False
L1eFHRQGFeg$_$2,text,0.25770050287246704,-0.25770053267478943,False
MCsvw5-7lVE$_$1,text,-0.07628738880157471,0.07628738880157471,False
MCsvw5-7lVE$_$2,text,-0.04843175411224365,-0.04843175411224365,False
MCsvw5-7lVE$_$4,text,0.36701104044914246,0.36701104044914246,False
MMpo2bDk-DU$_$10,text,-0.06761020421981812,-0.06761018931865692,False
MMpo2bDk-DU$_$17,text,0.23203453421592712,0.23203453421592712,True
MMpo2bDk-DU$_$16,text,0.28344857692718506,0.28344854712486267,True
MMpo2bDk-DU$_$19,text,0.008316576480865479,-0.008316576480865479,False
MjaaudUc5-4$_$1,text,0.1673552542924881,0.6121512651443481,True
MjaaudUc5-4$_$0,text,0.26133978366851807,0.2613397538661957,False
MjaaudUc5-4$_$3,text,-0.012961983680725098,-0.012961983680725098,False
MjaaudUc5-4$_$6,text,0.0796205997467041,-0.07962062954902649,False
MoQmPA7Q07Q$_$1,text,-0.1561172604560852,0.1561172604560852,False
MoQmPA7Q07Q$_$2,text,-0.22415143251419067,0.22415143251419067,False
N1X63d_jgmw$_$5,text,0.17208242416381836,-0.17208243906497955,True
N5xfBtD6rLY$_$7,text,0.47188901901245117,-0.47188901901245117,False
NoZsdSGnNpI$_$7,text,0.041334256529808044,0.041334256529808044,False
Nrurc5sMUOE$_$5,text,0.10133348405361176,0.10133348405361176,True
Nrurc5sMUOE$_$7,text,-0.13099420070648193,0.13099420070648193,True
Nrurc5sMUOE$_$8,text,0.11986660957336426,-0.11986660957336426,False
NzvNW7vP-Co$_$5,text,0.0987122654914856,-0.09871223568916321,False
NzvNW7vP-Co$_$4,text,-0.03291219472885132,0.03291219472885132,True
NzvNW7vP-Co$_$7,text,-0.17653048038482666,0.17653048038482666,False
OLP0nCKwU6k$_$6,text,0.04365316033363342,0.04365316033363342,False
OrYBtyO0aPI$_$1,text,-0.008291304111480713,0.008291274309158325,False
OrYBtyO0aPI$_$4,text,0.41759228706359863,-0.41759228706359863,True
PboaYD5hlG8$_$10,text,0.07082831859588623,-0.07082831859588623,False
PboaYD5hlG8$_$3,text,0.026796936988830566,-0.026796936988830566,True
PboaYD5hlG8$_$2,text,0.11345899105072021,0.11345893144607544,False
PboaYD5hlG8$_$7,text,-0.006973326206207275,-0.006973326206207275,False
PboaYD5hlG8$_$9,text,0.003637334331870079,-0.047720812261104584,False
PboaYD5hlG8$_$8,text,-0.48504137992858887,-0.48504140973091125,False
Pt-D0LUHDSc$_$2,text,-0.30553773045539856,-0.30553776025772095,False
PwapK9d8IGk$_$4,text,0.058572281152009964,-0.06843438744544983,False
PyQrAYl1bFs$_$0,text,-0.06534898281097412,-0.06534898281097412,False
PyQrAYl1bFs$_$3,text,-0.01001131534576416,0.010011374950408936,False
PyQrAYl1bFs$_$4,text,-0.004164695739746094,0.1445542871952057,False
Q4WzApjaCNI$_$0,text,0.12776091694831848,-0.12776091694831848,False
Q7S0tX4FUNA$_$4,text,0.013643801212310791,0.2496742606163025,False
Q7S0tX4FUNA$_$7,text,0.004687309265136719,0.004687309265136719,False
Q7S0tX4FUNA$_$8,text,-0.2371463179588318,-0.23714633285999298,False
Qa6Yz62V-Yc$_$0,text,-0.06316810846328735,0.06316810846328735,False
QjcQx8_PQfw$_$10,text,0.03327745199203491,-0.03327745199203491,False
QjcQx8_PQfw$_$7,text,0.06605497002601624,0.06605497747659683,False
QpchvHpGFc8$_$3,text,-0.18687260150909424,0.18687257170677185,False
RArhIHk4Qs4$_$13,text,-0.42525357007980347,0.42525357007980347,False
RArhIHk4Qs4$_$17,text,-0.2788228988647461,0.2788228988647461,True
RArhIHk4Qs4$_$16,text,0.4037927985191345,-0.4037927985191345,False
RArhIHk4Qs4$_$19,text,0.03765660524368286,-0.037656594067811966,False
RArhIHk4Qs4$_$1,text,0.09430292248725891,0.09430292248725891,False
RArhIHk4Qs4$_$2,text,0.14524322748184204,-0.14524322748184204,False
RArhIHk4Qs4$_$7,text,0.33085474371910095,-0.33085474371910095,False
RArhIHk4Qs4$_$6,text,-0.1538519561290741,0.1538519561290741,True
RArhIHk4Qs4$_$8,text,-0.13697293400764465,0.13697293400764465,False
RArhIHk4Qs4$_$21,text,-0.15394327044487,-0.15394327044487,False
ROcTx5VEn7o$_$11,text,0.08140891790390015,0.08140891790390015,False
ROcTx5VEn7o$_$1,text,0.04749441146850586,0.04749441146850586,False
ROcTx5VEn7o$_$5,text,0.09856151044368744,0.09856151044368744,False
ROcTx5VEn7o$_$9,text,-0.03305026888847351,-0.03305026888847351,True
RrGpzInAwCg$_$0,text,-0.1106863021850586,-0.1106863021850586,False
RzOFxDk26p0$_$1,text,0.033130109310150146,-0.033130109310150146,False
RzOFxDk26p0$_$0,text,0.041660308837890625,-0.041660308837890625,False
SHa756SwGJQ$_$0,text,-0.012974604964256287,-0.2133742719888687,False
SHa756SwGJQ$_$2,text,0.22422754764556885,0.22422754764556885,False
SHa756SwGJQ$_$4,text,0.15237367153167725,0.15237361192703247,False
SHa756SwGJQ$_$7,text,0.06950652599334717,-0.06950658559799194,False
SHa756SwGJQ$_$6,text,-0.015033096075057983,-0.20547999441623688,False
TH32jop4FiI$_$15,text,0.09466326236724854,-0.09466324746608734,False
TH32jop4FiI$_$17,text,0.08604836463928223,-0.08604836463928223,False
TWszOxkOV0w$_$1,text,-0.13172602653503418,-0.13172613084316254,False
TXCXFYIc3Yo$_$16,text,-0.015238523483276367,0.015238478779792786,False
TXCXFYIc3Yo$_$2,text,-0.1539459228515625,0.1539459228515625,False
TXCXFYIc3Yo$_$7,text,-0.05081450939178467,0.050814539194107056,False
TXCXFYIc3Yo$_$6,text,-0.6438992023468018,0.6438990831375122,True
TYJzg5IJN8o$_$11,text,0.1410546898841858,0.1410546600818634,False
TYJzg5IJN8o$_$10,text,-0.09403449296951294,-0.09403447806835175,True
TYJzg5IJN8o$_$14,text,0.06775659322738647,-0.06775659322738647,False
TYJzg5IJN8o$_$0,text,0.05262613296508789,-0.05262613296508789,False
TYJzg5IJN8o$_$4,text,-0.35762694478034973,-0.35762694478034973,False
TYJzg5IJN8o$_$7,text,-0.20262537896633148,-0.207353875041008,True
Uc_6d-fkZEc$_$3,text,-0.14903247356414795,-0.14903247356414795,False
UlTJmndbGHM$_$1,text,0.08722752332687378,-0.08722752332687378,False
UlTJmndbGHM$_$4,text,0.24039214849472046,0.24039217829704285,False
VbV9S4svrTg$_$13,text,-0.12688672542572021,-0.12688672542572021,False
VbV9S4svrTg$_$3,text,0.30861663818359375,-0.308616578578949,True
VbV9S4svrTg$_$7,text,0.33810490369796753,-0.33810490369796753,False
VbV9S4svrTg$_$8,text,0.01512134075164795,-0.01512134075164795,False
VinxKpWioTo$_$1,text,-0.022156953811645508,-0.022156953811645508,False
VinxKpWioTo$_$0,text,-0.20160365104675293,-0.20160365104675293,False
VinxKpWioTo$_$3,text,-0.031324565410614014,-0.031324565410614014,False
VinxKpWioTo$_$5,text,-0.06965649127960205,-0.06965649127960205,False
ViyQVpGW05w$_$1,text,0.031511008739471436,-0.031511008739471436,False
ViyQVpGW05w$_$4,text,0.4597930312156677,0.4597930312156677,False
ViyQVpGW05w$_$6,text,0.0879436731338501,0.0879436731338501,False
Vuay0mVKkik$_$3,text,-0.1417849063873291,-0.1417848765850067,False
WmQF5RmbsVQ$_$6,text,0.09951651096343994,0.09951651096343994,False
Wrcf2xtqbkQ$_$9,text,0.03867621719837189,-0.03867621719837189,False
Wrcf2xtqbkQ$_$8,text,0.03900104761123657,0.03900102898478508,False
WxajvjGKz7Y$_$0,text,0.036165714263916016,-0.036165714263916016,False
WxajvjGKz7Y$_$3,text,-0.05321088433265686,-0.0730215311050415,False
WxajvjGKz7Y$_$6,text,0.15450170636177063,0.15450170636177063,False
XIGpuL-Kkyk$_$12,text,0.04841935634613037,-0.04841940104961395,False
XIGpuL-Kkyk$_$0,text,0.07165408134460449,0.07165408134460449,False
XIGpuL-Kkyk$_$4,text,0.11692321300506592,0.11692321300506592,False
XIGpuL-Kkyk$_$7,text,-0.3493495285511017,-0.3493495285511017,True
XaVYxIW0FDg$_$2,text,0.07370810210704803,0.2431478053331375,False
XyP8bVmGX6M$_$4,text,-0.24873578548431396,-0.24873578548431396,False
XzVapdEr_GY$_$3,text,-0.14178812503814697,0.14178812503814697,False
XzVapdEr_GY$_$4,text,0.225974440574646,-0.22597438097000122,False
Y7h-S3cJ52o$_$0,text,-0.12581217288970947,-0.12581217288970947,False
Y7qkyMyanjU$_$2,text,-0.07736016809940338,-0.07736016809940338,False
Y7qkyMyanjU$_$4,text,0.09481871128082275,0.09481871128082275,False
YbuG8xyUO-o$_$3,text,0.125091552734375,0.125091552734375,True
YbuG8xyUO-o$_$2,text,0.021386444568634033,-0.021386444568634033,False
Z7L3V5bwzI0$_$2,text,-0.4098621606826782,0.409862220287323,False
ZaoFHcbRM9g$_$3,text,0.41720128059387207,-0.4172011911869049,False
ZaoFHcbRM9g$_$2,text,-0.43947160243988037,0.43947160243988037,True
ZaoFHcbRM9g$_$5,text,0.0937078595161438,0.0937078595161438,False
ZaoFHcbRM9g$_$9,text,0.12511694431304932,0.12511689960956573,False
ZaoFHcbRM9g$_$8,text,-0.17266225814819336,-0.17266225814819336,False
Zvisaa77Cng$_$1,text,0.10701632499694824,0.10701628029346466,False
Zvisaa77Cng$_$5,text,-0.2813785672187805,0.2813785672187805,True
_7HVhnSYX1Y$_$26,text,-0.018971383571624756,-0.018971383571624756,False
_7HVhnSYX1Y$_$12,text,-0.19179773330688477,-0.19179773330688477,False
_7HVhnSYX1Y$_$14,text,-0.04542374610900879,-0.17490696907043457,False
_7HVhnSYX1Y$_$19,text,-0.2794942855834961,0.2794942855834961,False
_7HVhnSYX1Y$_$31,text,-0.0016093254089355469,-0.0016093254089355469,False
_7HVhnSYX1Y$_$3,text,0.23423495888710022,-0.2342349737882614,False
_BvNNdEkhZA$_$14,text,0.3181881904602051,0.3181881308555603,False
_BvNNdEkhZA$_$19,text,0.07431003451347351,-0.07431001961231232,False
_BvNNdEkhZA$_$7,text,0.009563922882080078,-0.009563922882080078,False
_BvNNdEkhZA$_$6,text,-0.10622143000364304,-0.1491595208644867,False
_BvNNdEkhZA$_$9,text,-0.07571829855442047,0.07571829855442047,False
_aZDaIfGfPo$_$1,text,0.1582198143005371,0.1582198143005371,False
_aZDaIfGfPo$_$0,text,0.03996109962463379,-0.03996109962463379,False
_gr7o5ynhnw$_$13,text,-0.06474345922470093,-0.06474345922470093,False
_gr7o5ynhnw$_$12,text,-0.08927798271179199,-0.08927798271179199,False
_gr7o5ynhnw$_$15,text,0.20120781660079956,-0.20120787620544434,False
_gzYkdjNvPc$_$12,text,-0.17681604623794556,0.17681607604026794,False
_gzYkdjNvPc$_$17,text,0.4728946089744568,0.4728946089744568,False
_gzYkdjNvPc$_$1,text,0.5097653865814209,0.5097653865814209,False
_gzYkdjNvPc$_$3,text,0.042519718408584595,0.042519718408584595,False
_gzYkdjNvPc$_$2,text,0.21649253368377686,0.21649254858493805,True
_gzYkdjNvPc$_$5,text,-0.16108158230781555,0.16108161211013794,False
_gzYkdjNvPc$_$4,text,-0.1746702790260315,-0.1746702790260315,True
_gzYkdjNvPc$_$6,text,-0.07814431190490723,0.17188316583633423,True
_gzYkdjNvPc$_$9,text,-0.006981611251831055,0.006981611251831055,False
a-WihYDk6vc$_$8,text,0.04721879959106445,0.04721879959106445,False
a-WihYDk6vc$_$0,text,-0.04931873083114624,-0.04931873083114624,False
aFhc2ddipoM$_$14,text,0.09959566593170166,-0.09959566593170166,False
aK5tRCXjUvU$_$0,text,-0.1221764087677002,0.1221764087677002,False
b-FX9NOVQOM$_$1,text,0.08867347240447998,0.08867354691028595,False
b-FX9NOVQOM$_$4,text,0.038666605949401855,0.038666605949401855,False
b1LEcg6z66g$_$0,text,-0.25468742847442627,-0.25468748807907104,False
b1LEcg6z66g$_$4,text,0.20750972628593445,-0.20750971138477325,False
b1LEcg6z66g$_$8,text,-0.20979326963424683,-0.20979328453540802,True
bAkUEnPoucg$_$3,text,0.2492600679397583,-0.2492600381374359,False
bNQkb4K5DX0$_$3,text,-0.15558239817619324,0.15558238327503204,False
bNQkb4K5DX0$_$7,text,0.023435592651367188,-0.023435652256011963,False
bWunvAd96zI$_$1,text,0.10439205169677734,0.10439200699329376,False
bWunvAd96zI$_$2,text,0.18165665864944458,-0.1816566437482834,False
bWunvAd96zI$_$5,text,0.09548084437847137,0.09548084437847137,False
bWunvAd96zI$_$4,text,-0.17070189118385315,-0.17070189118385315,False
bj9e8w4vNxo$_$12,text,0.015543373301625252,0.07786423712968826,False
bpvYdXVlgvc$_$1,text,-0.030263349413871765,-0.030263349413871765,True
bpvYdXVlgvc$_$3,text,-0.04544544219970703,-0.04544539749622345,False
bpvYdXVlgvc$_$4,text,0.1661936640739441,0.1661936640739441,False
bpvYdXVlgvc$_$6,text,-0.11014294624328613,-0.11014300584793091,False
c1a1y9ytHH0$_$0,text,0.007279932498931885,-0.007279932498931885,True
c1a1y9ytHH0$_$3,text,-0.09808672964572906,-0.09808672964572906,False
c1a1y9ytHH0$_$7,text,-0.20615816116333008,-0.20615816116333008,False
c5cB7AfVgcE$_$12,text,0.0692363977432251,-0.06923641264438629,False
c5cB7AfVgcE$_$5,text,-0.19827499985694885,-0.19827499985694885,False
d8BR6hsvzoY$_$1,text,0.10666459798812866,-0.10666455328464508,True
d8BR6hsvzoY$_$0,text,0.0534893274307251,0.0534893274307251,False
d8BR6hsvzoY$_$2,text,-0.21044868230819702,-0.21044868230819702,False
d8BR6hsvzoY$_$5,text,-0.15902364253997803,-0.15902364253997803,True
d8BR6hsvzoY$_$6,text,0.04508063197135925,-0.04508063197135925,False
d8BR6hsvzoY$_$9,text,-0.10467526316642761,-0.10467526316642761,False
d8BR6hsvzoY$_$8,text,0.16688776016235352,-0.16688774526119232,False
dBWvtPeHpWM$_$4,text,-0.03181314468383789,0.03181314468383789,False
dEDbm2ubVRQ$_$0,text,0.24227237701416016,0.24227240681648254,False
dEDbm2ubVRQ$_$3,text,0.13138847053050995,-0.13138847053050995,False
dEDbm2ubVRQ$_$8,text,0.121432363986969,0.121432363986969,False
dt641WxonBI$_$1,text,0.03570973873138428,0.03570973873138428,False
dt641WxonBI$_$3,text,-0.1719854474067688,0.1719854474067688,False
eOiC1kb17P4$_$0,text,-0.18216431140899658,0.18216432631015778,False
erNDEjQeox8$_$12,text,-0.05011475086212158,0.05011478811502457,False
ewBrNsyY82Q$_$4,text,-0.09839552640914917,-0.09839552640914917,False
fWOIAxzBQFY$_$12,text,0.04446601867675781,0.04446601867675781,False
fWOIAxzBQFY$_$5,text,0.11872357130050659,-0.11872357130050659,False
fWOIAxzBQFY$_$7,text,0.06422305107116699,0.06422305107116699,False
f_ZJ7L14oYQ$_$11,text,-0.02780139446258545,0.027801454067230225,False
f_ZJ7L14oYQ$_$27,text,0.18933725357055664,-0.18933731317520142,False
f_ZJ7L14oYQ$_$21,text,-0.025725603103637695,0.025725603103637695,False
f_ZJ7L14oYQ$_$17,text,0.10866492986679077,0.10866494476795197,False
f_ZJ7L14oYQ$_$9,text,-0.10868603736162186,0.1557600200176239,True
f_ZJ7L14oYQ$_$8,text,0.16472846269607544,-0.16472850739955902,True
ffrJ91swyq0$_$1,text,0.3396008014678955,-0.3396008014678955,False
g8Cl74tS3oY$_$2,text,-0.009478211402893066,0.10993516445159912,False
g8Cl74tS3oY$_$6,text,-0.16049113869667053,0.16049113869667053,False
gR4gM_WXesQ$_$10,text,-0.022676721215248108,0.022676721215248108,False
gR4gM_WXesQ$_$26,text,0.05732078105211258,0.05732078105211258,False
gR4gM_WXesQ$_$20,text,-0.285442590713501,-0.2854425609111786,False
gR4gM_WXesQ$_$24,text,0.09240248799324036,0.09240250289440155,False
gR4gM_WXesQ$_$18,text,0.011225581169128418,-0.011225670576095581,False
gR4gM_WXesQ$_$3,text,-0.2037370502948761,0.2037370353937149,True
gR4gM_WXesQ$_$4,text,0.1283886432647705,-0.1283886432647705,False
gR4gM_WXesQ$_$8,text,0.2865281105041504,-0.286528080701828,False
gVqs4TzqySw$_$1,text,0.08791318535804749,0.23560616374015808,False
gVqs4TzqySw$_$3,text,-0.3439638912677765,-0.520639181137085,True
gVqs4TzqySw$_$2,text,-0.2752493619918823,-0.2752493619918823,False
gVqs4TzqySw$_$4,text,0.007913408800959587,0.007913408800959587,False
goMtnNHQ_z4$_$1,text,-0.2558891773223877,-0.4167556166648865,False
goMtnNHQ_z4$_$2,text,-0.03446829319000244,0.03446829319000244,False
goMtnNHQ_z4$_$13,text,0.02928948402404785,0.11963963508605957,False
goMtnNHQ_z4$_$12,text,-0.347930908203125,-0.3479308485984802,False
hqzF4IDaIYE$_$0,text,0.48598599433898926,0.48598602414131165,False
hqzF4IDaIYE$_$3,text,-0.018774747848510742,0.018774747848510742,False
hqzF4IDaIYE$_$2,text,-0.037466734647750854,0.037466734647750854,False
hqzF4IDaIYE$_$4,text,-0.07463973760604858,0.07463972270488739,False
hqzF4IDaIYE$_$6,text,0.2493688464164734,0.2493688017129898,False
hvfaYsv7p8E$_$0,text,-0.19566980004310608,-0.19566980004310608,False
iUXqlrui25c$_$10,text,0.25058233737945557,0.25058239698410034,False
iUXqlrui25c$_$21,text,0.21377962827682495,0.21377970278263092,True
iUXqlrui25c$_$23,text,0.31533679366111755,-0.31533679366111755,False
icbUzboLcDQ$_$0,text,0.30080151557922363,0.3008015751838684,False
ioupaiAuRr0$_$5,text,-0.108066126704216,-0.108066126704216,False
ioupaiAuRr0$_$4,text,-0.20006152987480164,0.20006152987480164,True
jICmfLeFymA$_$16,text,-0.0077468156814575195,0.0077468156814575195,False
jPrEKz1rAno$_$11,text,0.08664071559906006,-0.08664071559906006,False
jPrEKz1rAno$_$7,text,0.13765215873718262,0.13765215873718262,False
jPrEKz1rAno$_$6,text,0.13020578026771545,-0.13020581007003784,False
k5ZOshC2LP4$_$1,text,0.14371204376220703,0.14371201395988464,False
kbGhEJ4W44o$_$0,text,-0.26648110151290894,0.26648110151290894,False
kfsO4c0Ekes$_$7,text,0.028171181678771973,0.028171181678771973,False
kvUb78Rdzdc$_$3,text,0.4001525640487671,-0.4001525938510895,False
lO87-4Kf0cQ$_$2,text,0.070731520652771,0.070731520652771,False
lO87-4Kf0cQ$_$5,text,0.06647485494613647,-0.06647484004497528,False
lWf5hHRHIDs$_$11,text,0.135711669921875,-0.135711669921875,False
lawHYX5eB20$_$1,text,0.0707254409790039,0.0707254409790039,False
lawHYX5eB20$_$2,text,0.10994821786880493,-0.10994821786880493,False
mHGaQ_nv9UY$_$13,text,0.0777212381362915,-0.07772126793861389,False
mHGaQ_nv9UY$_$14,text,-0.0014813542366027832,-0.0014813318848609924,False
mHGaQ_nv9UY$_$17,text,-0.08467511832714081,-0.08467511832714081,True
mHGaQ_nv9UY$_$22,text,-0.0971519947052002,0.0971519947052002,False
mHGaQ_nv9UY$_$5,text,-0.1356944739818573,-0.3723354637622833,True
mHGaQ_nv9UY$_$4,text,-0.14739060401916504,-0.14739061892032623,False
mLW-jn67gRE$_$20,text,0.05866187810897827,-0.05866187810897827,False
mLW-jn67gRE$_$17,text,-0.06355845928192139,-0.06355845928192139,False
mLW-jn67gRE$_$1,text,0.44173723459243774,0.44173723459243774,True
mLW-jn67gRE$_$3,text,0.07716718316078186,0.07716718316078186,False
mLW-jn67gRE$_$5,text,0.02339482307434082,0.02339482307434082,False
mLW-jn67gRE$_$6,text,0.3281324803829193,0.3281324803829193,True
mLW-jn67gRE$_$9,text,0.19436530768871307,0.19436530768871307,False
mjpCK2Edsv8$_$0,text,0.1948453187942505,-0.1948452889919281,False
nUZYqTRSGDw$_$4,text,0.027466654777526855,0.027466684579849243,False
nyzIL6YAonY$_$5,text,-0.0023568272590637207,0.0023568272590637207,False
nyzIL6YAonY$_$6,text,-0.08497762680053711,0.08497762680053711,False
ooAF6I-fmTg$_$3,text,0.20442479848861694,-0.20442479848861694,False
ooAF6I-fmTg$_$5,text,-0.052463263273239136,-0.052463263273239136,False
ooAF6I-fmTg$_$7,text,-0.1353060007095337,-0.13530594110488892,False
pOrk7fl1AYo$_$1,text,0.30644431710243225,-0.30644431710243225,True
pOrk7fl1AYo$_$3,text,0.22669793665409088,-0.2266979217529297,False
pOrk7fl1AYo$_$2,text,-0.49526795744895935,0.49526795744895935,True
pOrk7fl1AYo$_$4,text,0.05580246448516846,0.055802442133426666,False
q9yDL81QppI$_$1,text,0.0699658989906311,-0.0699658989906311,False
q9yDL81QppI$_$0,text,0.06958472728729248,0.0695846676826477,False
q9yDL81QppI$_$2,text,0.05016458034515381,0.05016458034515381,False
qK77ZmbqmOM$_$9,text,-0.23101088404655457,-0.23101088404655457,True
qK77ZmbqmOM$_$0,text,-0.025553464889526367,-0.025553464889526367,False
qY1sXq-YCHs$_$8,text,-0.1686483770608902,-0.1686483919620514,True
qmMSumMloAs$_$1,text,0.04643106460571289,-0.04643107205629349,False
qmMSumMloAs$_$3,text,0.3197018504142761,-0.3197018504142761,False
qmMSumMloAs$_$2,text,-0.3918178081512451,0.3918176591396332,True
r13W4H8ZhqI$_$12,text,-0.14985203742980957,0.14985206723213196,False
r13W4H8ZhqI$_$1,text,0.22658506035804749,-0.22658506035804749,True
r13W4H8ZhqI$_$5,text,-0.0352778434753418,0.03527786210179329,False
r13W4H8ZhqI$_$8,text,0.18495619297027588,-0.18495625257492065,False
r5ijC2W9ddk$_$8,text,0.2419549524784088,0.2419549822807312,False
r5ijC2W9ddk$_$0,text,0.22243210673332214,-0.3632296025753021,False
r9tgDqXEcuc$_$4,text,-0.016333356499671936,0.016333356499671936,False
rf0yDSeVEUA$_$1,text,-0.02760791778564453,0.02760791778564453,False
rf0yDSeVEUA$_$0,text,0.2714505195617676,-0.2714505195617676,False
rf0yDSeVEUA$_$3,text,-0.28980162739753723,-0.28980159759521484,False
rojyUp4FPSg$_$26,text,-0.12258535623550415,0.12258535623550415,False
rojyUp4FPSg$_$20,text,0.15529990196228027,-0.15529990196228027,True
rojyUp4FPSg$_$21,text,0.9134299159049988,-0.9134299159049988,False
rojyUp4FPSg$_$23,text,0.3222942352294922,-0.32229429483413696,False
rojyUp4FPSg$_$5,text,0.023626327514648438,0.17754101753234863,False
rojyUp4FPSg$_$7,text,0.3007960915565491,-0.6192426085472107,False
rojyUp4FPSg$_$9,text,0.11339759826660156,-0.11339753866195679,False
rojyUp4FPSg$_$10,text,0.0026373863220214844,-0.0026373863220214844,False
rojyUp4FPSg$_$12,text,0.21333861351013184,-0.21333864331245422,False
rojyUp4FPSg$_$16,text,-0.3484843969345093,0.3484843671321869,True
rojyUp4FPSg$_$18,text,-0.0160597562789917,0.016059696674346924,False
rojyUp4FPSg$_$37,text,0.1356065273284912,-0.1356065273284912,False
rojyUp4FPSg$_$36,text,0.07148218154907227,-0.07657146453857422,False
rojyUp4FPSg$_$34,text,0.038199663162231445,-0.038199663162231445,False
rojyUp4FPSg$_$32,text,-0.03220602869987488,-0.6384488940238953,False
rwNlqh0k1j4$_$15,text,-0.3382585048675537,-0.3382584750652313,False
rwNlqh0k1j4$_$3,text,0.0771493911743164,0.0771493911743164,False
rwNlqh0k1j4$_$2,text,0.18649566173553467,-0.18649566173553467,False
rwNlqh0k1j4$_$7,text,-0.09139703214168549,-0.09139703214168549,False
sC16n1k66io$_$2,text,-0.15723097324371338,0.15723104774951935,True
sC16n1k66io$_$16,text,0.3715217709541321,-0.3715217411518097,True
sPremsknoLM$_$1,text,0.007276251912117004,0.007276251912117004,False
ssqiwP19JhM$_$10,text,0.1941564679145813,0.1941564679145813,False
ssqiwP19JhM$_$2,text,0.026743441820144653,0.026743412017822266,False
szic2IB9HB4$_$5,text,-0.30098819732666016,0.30098819732666016,True
tQ-CIfgj-Js$_$3,text,0.22220434248447418,0.22220434248447418,False
tXQpm-nKxNA$_$5,text,0.06039690971374512,-0.06039690971374512,False
tXQpm-nKxNA$_$7,text,0.0218503475189209,-0.0218503475189209,False
uacdDoBtT1k$_$0,text,0.07992368936538696,0.07992368936538696,False
uacdDoBtT1k$_$6,text,-0.0004253387451171875,0.17909860610961914,True
unNY4zIk8MM$_$1,text,0.12288576364517212,-0.12288576364517212,False
unNY4zIk8MM$_$3,text,-0.09385544061660767,0.09385544061660767,False
unNY4zIk8MM$_$5,text,-0.016457080841064453,-0.016457080841064453,False
unNY4zIk8MM$_$8,text,-0.0031295418739318848,-0.0031295418739318848,False
uooIiW6dEyg$_$1,text,-0.33207136392593384,-0.33207136392593384,True
uooIiW6dEyg$_$5,text,-0.029511868953704834,-0.029511868953704834,False
v2Rr-EsJda8$_$0,text,-0.3299291729927063,-0.3299291729927063,False
v2Rr-EsJda8$_$6,text,-0.0660926103591919,0.0660926103591919,False
v9gjg7TDlTA$_$0,text,-0.11991137266159058,0.11991135776042938,True
v9gjg7TDlTA$_$4,text,0.01942574977874756,-0.01942574977874756,False
vHzbn_YW76s$_$3,text,0.3167530298233032,0.31675300002098083,True
vU0a4F36Ksw$_$13,text,-0.06802952289581299,-0.06802952289581299,False
vU0a4F36Ksw$_$12,text,-0.04492044448852539,-0.04492044448852539,False
vU0a4F36Ksw$_$17,text,-0.011555314064025879,0.011555254459381104,False
vU0a4F36Ksw$_$0,text,-0.037333548069000244,0.037333548069000244,False
vU0a4F36Ksw$_$3,text,0.4072635769844055,-0.4072635769844055,False
vU0a4F36Ksw$_$5,text,0.06029367446899414,-0.060293614864349365,False
vU0a4F36Ksw$_$7,text,-0.023897767066955566,0.023897767066955566,False
vU0a4F36Ksw$_$20,text,-0.26073694229125977,0.2607368528842926,True
vbr3EA8cJTI$_$0,text,-0.0020210742950439453,0.0020210742950439453,False
vbr3EA8cJTI$_$2,text,0.12472224235534668,-0.12472224235534668,False
vbr3EA8cJTI$_$7,text,0.04233121871948242,0.04233121871948242,False
vbr3EA8cJTI$_$6,text,-0.0943753719329834,-0.0943753719329834,False
wF8980oGklk$_$24,text,0.16627728939056396,-0.16627724468708038,True
wF8980oGklk$_$25,text,-0.08293759822845459,0.08293761312961578,False
wF8980oGklk$_$1,text,-0.12327450513839722,-0.12327450513839722,False
wF8980oGklk$_$0,text,-0.026846766471862793,-0.026846766471862793,False
wF8980oGklk$_$3,text,-0.35657888650894165,-0.6394911408424377,True
wF8980oGklk$_$2,text,-0.08786594867706299,0.08786594867706299,False
wF8980oGklk$_$6,text,0.11917685717344284,0.11917685717344284,False
wF8980oGklk$_$17,text,-0.04522442817687988,0.04522442817687988,False
wosolsrH3sM$_$6,text,-0.09503781795501709,0.09503782540559769,False
x-zGBp7axao$_$3,text,-0.39783018827438354,0.39783015847206116,False
x2lOwQaAn4g$_$4,text,-0.11012136936187744,-0.11012136936187744,False
xUgAP84vsg4$_$15,text,0.6376183032989502,-0.6376183032989502,False
xUgAP84vsg4$_$4,text,0.13352560997009277,-0.13352560997009277,False
xUgAP84vsg4$_$8,text,0.3334779143333435,-0.3334779143333435,False
xivYoEUQ5sk$_$5,text,-0.28775763511657715,0.28775766491889954,False
xivYoEUQ5sk$_$4,text,-0.18516087532043457,0.18516087532043457,False
xjsaS-LeZ14$_$20,text,0.25669896602630615,-0.25669896602630615,False
xjsaS-LeZ14$_$14,text,-0.013616979122161865,0.013616979122161865,False
xjsaS-LeZ14$_$6,text,0.10060608386993408,-0.10060607641935349,False
y8HXGm1-Ecw$_$7,text,-0.05208772420883179,-0.05208770930767059,False
y9FyTEyGy5Y$_$1,text,-0.0058228373527526855,-0.0058228373527526855,False
zhE_68GMJIk$_$8,text,0.23399658501148224,0.23399658501148224,False
zhE_68GMJIk$_$5,text,0.2861301898956299,-0.2861301898956299,False
zjYEBwXGD8I$_$13,text,-0.19376325607299805,-0.19376325607299805,True
zjYEBwXGD8I$_$15,text,-0.3211353123188019,0.3211353123188019,False
zjYEBwXGD8I$_$0,text,0.03093540668487549,0.03093540668487549,False
zjYEBwXGD8I$_$2,text,0.39404618740081787,-0.3940461277961731,True
zjYEBwXGD8I$_$4,text,0.17076122760772705,-0.19112038612365723,False
zjYEBwXGD8I$_$9,text,0.03571206331253052,0.03571206331253052,False
zk2jTlAtvSU$_$3,text,0.18010102212429047,0.18010102212429047,False
-UacrmKiTn4$_$7,audio,-0.03225421905517578,-0.03225421905517578,False
-qDkUB0GgYY$_$5,audio,-0.017658233642578125,0.017658233642578125,False
0utROiKxejc$_$1,audio,0.015215873718261719,0.015215873718261719,False
0utROiKxejc$_$4,audio,-0.0060506463050842285,0.0060506463050842285,False
0y022OlZ3W0$_$3,audio,-0.014752626419067383,0.014752626419067383,False
0y022OlZ3W0$_$5,audio,-0.012742042541503906,-0.012742042541503906,False
0y022OlZ3W0$_$8,audio,-0.023239314556121826,-0.023239314556121826,False
101787$_$11,audio,0.043089792132377625,-0.043089792132377625,False
101787$_$13,audio,-0.057904601097106934,-0.057904601097106934,False
101787$_$1,audio,0.04034039378166199,0.04034039378166199,False
101787$_$5,audio,0.006952166557312012,0.006952166557312012,False
101787$_$7,audio,0.009390115737915039,-0.009390056133270264,False
101787$_$9,audio,-0.025464653968811035,0.025464653968811035,False
102408$_$2,audio,0.00013396143913269043,-0.00013396143913269043,False
102408$_$5,audio,-0.002039670944213867,-0.002039670944213867,False
102408$_$9,audio,0.0036077499389648438,0.0036077499389648438,False
102858$_$20,audio,-0.04125666618347168,0.041256725788116455,False
102858$_$21,audio,0.021904706954956055,-0.021904587745666504,False
102858$_$1,audio,-0.052109599113464355,0.05210958421230316,False
102858$_$0,audio,0.03896439075469971,0.03896439075469971,False
102858$_$4,audio,0.007299900054931641,-0.00729978084564209,False
102858$_$6,audio,0.0767359733581543,-0.0767359733581543,False
102858$_$10,audio,-0.045850157737731934,0.04585012048482895,False
102858$_$17,audio,0.030205488204956055,-0.03020549565553665,True
102858$_$19,audio,0.005800575017929077,-0.005800575017929077,False
112433$_$10,audio,-0.31652402877807617,0.31652402877807617,False
112433$_$3,audio,0.054642558097839355,-0.054642558097839355,False
112433$_$7,audio,0.002741217613220215,-0.002741217613220215,False
112433$_$6,audio,-0.06337809562683105,-0.06337809562683105,False
117tQqLjza4$_$6,audio,-0.02424556016921997,-0.02424556016921997,False
11j7EfglCAs$_$2,audio,-0.05822932720184326,0.05822932720184326,False
121128$_$10,audio,0.06043815612792969,-0.0604381263256073,False
121128$_$1,audio,-0.02696472406387329,0.02696472406387329,False
121128$_$0,audio,0.01897561550140381,-0.01897561550140381,False
121128$_$5,audio,-0.004877328872680664,0.004877328872680664,False
125344$_$0,audio,-0.002014636993408203,0.0020146742463111877,False
125676$_$0,audio,-0.022494018077850342,-0.022494010627269745,True
125676$_$4,audio,0.03032207489013672,-0.030322134494781494,False
128059$_$11,audio,-0.013126373291015625,0.013126373291015625,False
128059$_$12,audio,-0.07173395156860352,0.07173389196395874,False
128059$_$2,audio,0.008647263050079346,0.008647263050079346,False
128059$_$7,audio,-0.01682865619659424,0.01682865619659424,False
128059$_$6,audio,0.0005755424499511719,-0.0005755126476287842,False
128059$_$9,audio,-0.048537254333496094,0.048537254333496094,False
128763$_$12,audio,0.01177072525024414,0.01177072525024414,False
128763$_$3,audio,-0.012664198875427246,-0.012664198875427246,False
128763$_$2,audio,0.007411956787109375,-0.007411956787109375,False
128763$_$5,audio,0.004726439714431763,-0.004726439714431763,False
128763$_$7,audio,-0.005495667457580566,0.005495667457580566,False
128763$_$8,audio,-0.010747432708740234,0.010747432708740234,False
130456$_$11,audio,0.03568840026855469,-0.03568845987319946,False
130456$_$3,audio,-0.02631855010986328,0.02631862461566925,False
130456$_$5,audio,0.0454707145690918,0.045470722019672394,False
130456$_$4,audio,0.008520841598510742,-0.008520841598510742,False
130456$_$7,audio,0.03747272491455078,-0.03747272491455078,False
130456$_$6,audio,-0.007431983947753906,0.007431983947753906,False
188343$_$13,audio,-0.009693622589111328,0.009693622589111328,False
188343$_$12,audio,-0.0018801689147949219,-0.0018801689147949219,False
188343$_$5,audio,-0.016838669776916504,0.016838669776916504,False
188343$_$9,audio,0.005278587341308594,-0.005278646945953369,False
188343$_$8,audio,-0.011409759521484375,-0.011409759521484375,False
1HK7Nea0PFo$_$1,audio,-0.03640425205230713,0.03640425205230713,False
216097$_$1,audio,-0.020187854766845703,-0.020187854766845703,False
216097$_$2,audio,0.04266047477722168,-0.04266047477722168,False
216097$_$5,audio,-0.00608488917350769,-0.00608488917350769,False
216097$_$4,audio,0.07695680111646652,-0.07695680111646652,False
216097$_$7,audio,-0.0034984350204467773,-0.003498375415802002,False
216097$_$8,audio,-0.0493965744972229,-0.049396634101867676,False
223431$_$11,audio,0.005744516849517822,0.005744516849517822,False
223431$_$10,audio,-0.040207862854003906,-0.04020783305168152,True
223431$_$13,audio,-0.0006401538848876953,-0.0006400942802429199,False
223431$_$0,audio,0.09276556968688965,0.09276556968688965,False
223431$_$5,audio,0.0011444687843322754,-0.0011444687843322754,False
225770$_$3,audio,0.0008549690246582031,0.0008549578487873077,False
225770$_$5,audio,-0.03533849120140076,-0.03533848375082016,False
225770$_$4,audio,-0.02124747633934021,0.02124747633934021,False
225770$_$6,audio,0.03859853744506836,-0.03859853744506836,False
236021$_$12,audio,0.023208975791931152,-0.023208949714899063,False
236021$_$1,audio,0.05370742082595825,-0.05370742082595825,False
236021$_$3,audio,0.023608803749084473,-0.023608803749084473,False
236021$_$2,audio,-0.02378537505865097,-0.02378537505865097,False
236021$_$5,audio,0.03170120716094971,-0.03170120716094971,False
236021$_$4,audio,-0.030163049697875977,0.030163049697875977,False
237009$_$11,audio,0.016002893447875977,0.016002893447875977,False
237009$_$12,audio,-0.018472790718078613,-0.018472790718078613,False
237009$_$4,audio,-0.01881672441959381,0.01881672441959381,False
237009$_$7,audio,-0.019674062728881836,-0.01967412233352661,False
237009$_$9,audio,0.0050307512283325195,-0.0050307512283325195,False
241629$_$10,audio,0.0783272385597229,0.07832729816436768,False
241629$_$0,audio,0.008065640926361084,-0.008065640926361084,False
241629$_$3,audio,-0.0022966861724853516,0.002296626567840576,False
241629$_$5,audio,-0.03304086625576019,-0.03304086625576019,False
241629$_$8,audio,0.006190180778503418,-0.006190180778503418,False
243646$_$11,audio,-0.0014438629150390625,0.0014438629150390625,False
243646$_$12,audio,-0.011515617370605469,-0.011515617370605469,False
243646$_$9,audio,-0.13046419620513916,0.13046419620513916,False
243646$_$8,audio,-0.011749029159545898,0.011749029159545898,True
247318$_$12,audio,0.0020575523376464844,0.0020575523376464844,False
247318$_$1,audio,-0.000719904899597168,-0.006773302797228098,False
247318$_$3,audio,0.009108781814575195,0.00910872220993042,False
247318$_$2,audio,-0.008292794227600098,-0.008292853832244873,False
247318$_$5,audio,0.053669095039367676,-0.05366915464401245,False
247318$_$7,audio,-0.01126551628112793,-0.01126551628112793,False
247318$_$6,audio,0.08848907053470612,0.08848907053470612,False
252998$_$1,audio,-0.07735265791416168,0.07735265791416168,False
252998$_$0,audio,-0.006516516208648682,0.006516516208648682,False
252998$_$5,audio,-0.001093745231628418,-0.001093745231628418,False
252998$_$4,audio,0.006467223167419434,-0.006467223167419434,False
252998$_$7,audio,-0.0055119991302490234,0.0055119991302490234,False
252998$_$8,audio,-0.008191347122192383,-0.008191308006644249,False
257247$_$10,audio,-0.026886463165283203,0.026886463165283203,False
257247$_$12,audio,-0.03302490711212158,-0.03302490711212158,False
257247$_$2,audio,0.02526727318763733,0.02526727318763733,False
258654$_$1,audio,0.02525562047958374,0.02525562047958374,False
258654$_$3,audio,-0.036002159118652344,-0.03600209951400757,False
258654$_$4,audio,0.023548603057861328,0.023548603057861328,False
266791$_$24,audio,0.029347896575927734,0.029347896575927734,False
266791$_$20,audio,-0.0760805606842041,0.0760805606842041,True
266791$_$21,audio,0.0009037256240844727,0.0009037256240844727,False
266791$_$23,audio,0.04068112373352051,0.04068116843700409,False
266791$_$29,audio,-0.016486287117004395,-0.016486257314682007,False
266791$_$3,audio,-0.018257498741149902,0.01825752854347229,False
266791$_$5,audio,-0.015169858932495117,-0.015169918537139893,False
266791$_$4,audio,0.010318398475646973,0.010318353772163391,False
266791$_$6,audio,0.014438584446907043,-0.014438584446907043,False
266791$_$8,audio,-0.0030257105827331543,-0.0030257105827331543,False
266791$_$11,audio,-0.0603184700012207,0.060318440198898315,False
266791$_$14,audio,0.06762105226516724,0.06762105226516724,False
270254$_$23,audio,0.02009451389312744,0.02009451389312744,False
270254$_$0,audio,-0.020713865756988525,-0.020713865756988525,False
270254$_$6,audio,-0.046190083026885986,0.04619009420275688,False
270254$_$8,audio,-0.0024958252906799316,-0.0024958252906799316,False
270254$_$11,audio,0.010367482900619507,0.010367482900619507,False
270254$_$14,audio,0.02744114398956299,0.027441129088401794,False
270254$_$16,audio,-0.022110074758529663,-0.022110074758529663,False
272624$_$10,audio,-0.028898894786834717,-0.028898894786834717,False
272624$_$13,audio,-0.01208198070526123,0.012081891298294067,False
272624$_$12,audio,-0.008055448532104492,-0.008055448532104492,False
272624$_$16,audio,0.0018935203552246094,-0.0018935203552246094,False
272624$_$18,audio,-0.04116731882095337,0.04116728901863098,False
272624$_$2,audio,0.012639254331588745,-0.012639254331588745,False
272624$_$6,audio,0.02448338270187378,-0.02448338270187378,False
272624$_$9,audio,0.0011298656463623047,0.001129835844039917,False
272624$_$8,audio,-0.049082159996032715,-0.049082159996032715,False
273539$_$3,audio,0.07022404670715332,0.07022404670715332,False
273539$_$2,audio,-0.02701219916343689,0.02701219916343689,False
273539$_$9,audio,0.03129911422729492,0.03129911422729492,False
290546$_$3,audio,0.011822342872619629,-0.011822342872619629,False
290546$_$5,audio,-0.0318218469619751,-0.0318218469619751,False
290546$_$7,audio,0.014749348163604736,-0.014749348163604736,False
290546$_$6,audio,-0.03502194583415985,-0.03502194583415985,False
2S00zYaVrtc$_$10,audio,0.005905866622924805,0.005905747413635254,False
2S00zYaVrtc$_$12,audio,0.02033841609954834,-0.020338356494903564,False
2S00zYaVrtc$_$20,audio,-0.004624843597412109,0.004624843597412109,False
2S00zYaVrtc$_$17,audio,-0.022863566875457764,-0.022863566875457764,False
2S00zYaVrtc$_$5,audio,-0.02987051010131836,0.02987051010131836,False
2S00zYaVrtc$_$4,audio,-0.017702460289001465,0.017702460289001465,False
2Xt31_d0XEE$_$2,audio,0.01386404037475586,-0.01386404037475586,False
31474$_$11,audio,0.02520120143890381,0.025201156735420227,True
31474$_$14,audio,-0.04500877857208252,0.04500877857208252,False
31474$_$0,audio,0.0675942599773407,-0.0675942599773407,False
31474$_$3,audio,-0.01793817989528179,0.01793817989528179,False
31474$_$6,audio,0.01856064796447754,0.018560588359832764,False
31474$_$9,audio,0.019483089447021484,0.019483089447021484,False
31474$_$8,audio,0.013314485549926758,-0.013314485549926758,False
32681$_$1,audio,-0.00046062469482421875,0.00046062469482421875,False
32681$_$3,audio,-0.028967618942260742,-0.02896764874458313,False
32681$_$5,audio,0.0012001991271972656,-0.0012001991271972656,False
32681$_$6,audio,-0.003732025623321533,-0.003732025623321533,False
33170$_$1,audio,-0.008743762969970703,0.008743822574615479,False
33170$_$3,audio,-0.022868633270263672,-0.022868692874908447,False
33170$_$4,audio,0.006025552749633789,0.006025493144989014,False
3MFNIag0wNE$_$12,audio,-0.01281726360321045,-0.01281726360321045,False
3MFNIag0wNE$_$14,audio,-0.017735838890075684,-0.017735838890075684,False
3MFNIag0wNE$_$16,audio,0.092389315366745,0.09238933026790619,False
3MFNIag0wNE$_$7,audio,0.010876774787902832,0.010876774787902832,False
3V2qm0rw920$_$11,audio,-0.05572211742401123,0.05572211742401123,False
3V2qm0rw920$_$13,audio,0.042906999588012695,-0.042906999588012695,False
3V2qm0rw920$_$3,audio,-0.061193645000457764,-0.061193645000457764,False
3j94B0pzSVs$_$12,audio,0.0016493797302246094,-0.0016494393348693848,False
3j94B0pzSVs$_$17,audio,0.01103055477142334,0.011030614376068115,False
3j94B0pzSVs$_$1,audio,-0.1016010195016861,0.1016010195016861,False
3j94B0pzSVs$_$0,audio,-0.010636001825332642,-0.010636001825332642,False
4cFeG2ydm9A$_$8,audio,-0.02738475799560547,-0.02738475799560547,False
4dV3slGSc60$_$10,audio,0.048961758613586426,-0.048961758613586426,False
4dV3slGSc60$_$12,audio,0.007576704025268555,0.007576704025268555,False
4dV3slGSc60$_$22,audio,0.004430055618286133,-0.004430055618286133,False
4dV3slGSc60$_$9,audio,0.007452487945556641,-0.00745246559381485,False
4dV3slGSc60$_$8,audio,0.016052186489105225,-0.01605216972529888,False
50103$_$3,audio,0.017416954040527344,0.017416954040527344,False
5B0PQx3Ep3k$_$5,audio,0.01519322395324707,-0.01519322395324707,False
5O1W39o56gg$_$1,audio,0.019409656524658203,0.019409656524658203,False
5O1W39o56gg$_$2,audio,0.06292957067489624,-0.06292956322431564,False
5O1W39o56gg$_$9,audio,-0.025070026516914368,0.025070026516914368,False
5i6AgQSjXO4$_$3,audio,0.042811691761016846,0.042811691761016846,False
5i6AgQSjXO4$_$2,audio,-0.011015623807907104,-0.011015623807907104,False
5i6AgQSjXO4$_$6,audio,-0.03861042857170105,-0.03861042857170105,False
5kaCGzjYukM$_$0,audio,-0.016966044902801514,0.016966044902801514,False
5kaCGzjYukM$_$3,audio,-0.03142845630645752,-0.03142845630645752,False
5kaCGzjYukM$_$2,audio,-0.0138779878616333,0.0138779878616333,False
5kaCGzjYukM$_$5,audio,-0.04868197441101074,-0.04868209362030029,False
5kaCGzjYukM$_$7,audio,0.03005349636077881,-0.03005349636077881,False
6KvG5VbLalY$_$9,audio,-0.01835806667804718,-0.01835806667804718,False
6ZA8I83x-oY$_$0,audio,0.04580128192901611,0.04580128192901611,False
6ZA8I83x-oY$_$2,audio,-0.018178939819335938,0.01817905902862549,False
6hFiTU77Sm0$_$1,audio,-0.031484171748161316,-0.031484171748161316,False
6hFiTU77Sm0$_$2,audio,0.0324559211730957,0.0324559211730957,False
6uPGcKTpC4I$_$1,audio,-0.009998247027397156,-0.009998247027397156,False
6uPGcKTpC4I$_$2,audio,0.043758854269981384,0.043758854269981384,False
6uPGcKTpC4I$_$6,audio,-0.008577108383178711,0.008577078580856323,False
70280$_$11,audio,0.017675399780273438,0.0176754891872406,False
70280$_$3,audio,0.024669170379638672,-0.024669170379638672,False
70280$_$4,audio,-0.061840713024139404,0.061840713024139404,False
70280$_$6,audio,0.06349748373031616,0.06349748373031616,False
75RGHaxmUK8$_$3,audio,0.005590677261352539,0.005590617656707764,False
75RGHaxmUK8$_$5,audio,-0.049976885318756104,0.06533914804458618,False
7_K3F-lAv1k$_$2,audio,-0.011725008487701416,-0.011725008487701416,False
7r4vRxKLFCA$_$6,audio,-0.014689445495605469,-0.014689326286315918,False
80566$_$1,audio,0.01334044337272644,0.01334044337272644,False
80566$_$0,audio,0.011832892894744873,-0.011832892894744873,False
80566$_$3,audio,-0.03205817937850952,0.03205817937850952,True
80566$_$2,audio,-0.011690735816955566,0.011690735816955566,False
80566$_$4,audio,-0.028568029403686523,0.0285680890083313,False
80566$_$6,audio,0.02263575792312622,-0.02263575792312622,False
80855$_$11,audio,-0.03252139315009117,-0.03252139315009117,False
80855$_$10,audio,-2.104043960571289e-05,2.104043960571289e-05,False
80855$_$12,audio,0.008116178214550018,0.008116178214550018,False
80855$_$15,audio,0.037131667137145996,-0.037131696939468384,False
80855$_$17,audio,0.019130706787109375,-0.019130706787109375,False
80855$_$0,audio,0.06200059503316879,-0.06200059503316879,False
80855$_$3,audio,0.0389338843524456,0.0389338843524456,False
80855$_$2,audio,-0.10306477546691895,0.10306479036808014,False
80855$_$7,audio,0.010501563549041748,-0.010501563549041748,False
80855$_$20,audio,-0.015282392501831055,0.015282422304153442,False
830KzUc6CbU$_$0,audio,0.04645690321922302,-0.04645690321922302,False
830KzUc6CbU$_$13,audio,0.02113652229309082,-0.02113652229309082,False
84140$_$0,audio,-0.03142905235290527,0.03142900764942169,False
84140$_$5,audio,-0.004240632057189941,-0.004240691661834717,False
89835$_$1,audio,-0.01730126142501831,0.01730126142501831,False
89835$_$0,audio,-0.019296422600746155,-0.019296422600746155,False
89835$_$4,audio,0.004158735275268555,0.004158675670623779,False
89835$_$7,audio,-0.02154231071472168,-0.02154242992401123,False
8eaYvALnJ0o$_$1,audio,-0.041243791580200195,0.041243672370910645,False
8eaYvALnJ0o$_$0,audio,0.015610039234161377,-0.015610039234161377,False
8x_nCOh6Wmc$_$6,audio,-0.01665198802947998,0.01665198802947998,False
96642$_$1,audio,0.01398324966430664,-0.01398324966430664,False
96642$_$3,audio,0.014650404453277588,-0.014650404453277588,False
96642$_$2,audio,0.01533210277557373,0.01533210277557373,False
96642$_$4,audio,-0.021906375885009766,-0.021906375885009766,False
99501$_$10,audio,-0.01827549934387207,-0.01827549934387207,False
99501$_$13,audio,0.0060269832611083984,0.0060269832611083984,False
99501$_$1,audio,0.012507647275924683,0.012507647275924683,False
99501$_$0,audio,-0.11799846589565277,0.11799846589565277,False
99501$_$5,audio,-0.00396651029586792,0.00396651029586792,False
99501$_$7,audio,-0.013970494270324707,-0.013970494270324707,False
9QI-9w_VdB4$_$0,audio,0.0804639458656311,0.0804639458656311,False
AG5EY8ZaFj4$_$3,audio,0.0008666515350341797,0.0008666515350341797,False
AG5EY8ZaFj4$_$15,audio,0.06999687850475311,-0.06999687850475311,False
Arh2TKRi_mg$_$15,audio,0.010847747325897217,-0.010847747325897217,False
Arh2TKRi_mg$_$14,audio,-0.03402090072631836,0.03402090072631836,False
Arh2TKRi_mg$_$16,audio,0.024117112159729004,-0.024117112159729004,False
Arh2TKRi_mg$_$19,audio,0.010877013206481934,0.010877013206481934,False
Arh2TKRi_mg$_$32,audio,0.01831197738647461,-0.01831197738647461,False
Arh2TKRi_mg$_$28,audio,0.01993030309677124,0.01993030309677124,False
Arh2TKRi_mg$_$3,audio,-0.0042043328285217285,0.0042043328285217285,False
AxNy9TeTLq8$_$0,audio,0.005579113960266113,-0.005579113960266113,False
BSKAHXFYF_I$_$1,audio,-0.006990447640419006,0.006990447640419006,False
BSKAHXFYF_I$_$3,audio,-0.0071242451667785645,0.0071242451667785645,True
BSKAHXFYF_I$_$7,audio,-0.011226564645767212,-0.032998472452163696,False
BSKAHXFYF_I$_$8,audio,-0.018344253301620483,-0.018344253301620483,False
Baz0VVQ-E9E$_$10,audio,-0.01562604308128357,-0.015626054257154465,False
Baz0VVQ-E9E$_$1,audio,0.04484272003173828,0.04484272003173828,False
Baz0VVQ-E9E$_$5,audio,-0.02265167236328125,0.02265167236328125,False
Baz0VVQ-E9E$_$7,audio,0.04187080264091492,-0.04187080264091492,False
CJGuudyvA0Y$_$4,audio,0.008839547634124756,0.008839502930641174,False
CPjbogfLHR4$_$2,audio,0.038708001375198364,-0.038708001375198364,False
CPjbogfLHR4$_$5,audio,0.0021333694458007812,-0.0021333694458007812,False
DdUJojoFU_c$_$11,audio,-0.00315016508102417,-0.00315016508102417,False
DdUJojoFU_c$_$15,audio,0.0004506111145019531,0.00045055150985717773,False
DdUJojoFU_c$_$14,audio,-0.04882937669754028,-0.04882937669754028,False
DdUJojoFU_c$_$17,audio,0.037777990102767944,0.037777990102767944,False
DdUJojoFU_c$_$16,audio,-0.0022929906845092773,-0.0022929906845092773,False
DdUJojoFU_c$_$2,audio,-0.00238645076751709,-0.00238645076751709,False
DdUJojoFU_c$_$6,audio,0.002854287624359131,-0.002854287624359131,False
DdUJojoFU_c$_$8,audio,0.011717796325683594,-0.011717736721038818,False
DlbYiwOnTyk$_$1,audio,-0.029394984245300293,-0.029394984245300293,False
E8MuzHUhUHk$_$15,audio,-0.001628875732421875,0.001628875732421875,False
E8MuzHUhUHk$_$14,audio,-0.03978729248046875,-0.03978729248046875,False
E8MuzHUhUHk$_$16,audio,-0.02240467071533203,0.02240467071533203,False
E8MuzHUhUHk$_$2,audio,0.006254434585571289,0.006254434585571289,False
E8MuzHUhUHk$_$9,audio,-0.03971320390701294,-0.03971320390701294,False
EEjCkc82oyk$_$7,audio,0.0379025936126709,0.0379025936126709,False
EEjCkc82oyk$_$9,audio,0.006362244486808777,0.006362244486808777,False
EQxkXiWAm08$_$8,audio,-0.007567048072814941,0.0075670406222343445,False
ET1cU5_A2YM$_$1,audio,-0.020337820053100586,-0.02033776044845581,False
ET1cU5_A2YM$_$3,audio,0.011896699666976929,-0.011896699666976929,False
ET1cU5_A2YM$_$6,audio,0.0008835792541503906,0.0008834600448608398,False
EmmuWoCUgXs$_$22,audio,0.028039097785949707,0.028039157390594482,False
EmmuWoCUgXs$_$7,audio,0.023462802171707153,0.023462817072868347,False
Es9MkKsMsjU$_$10,audio,-0.02795588970184326,-0.027955830097198486,False
Es9MkKsMsjU$_$12,audio,-0.03934609889984131,-0.03934609889984131,False
Es9MkKsMsjU$_$2,audio,0.004548192024230957,0.004548251628875732,False
Es9MkKsMsjU$_$7,audio,-0.023241162300109863,-0.023241162300109863,False
Ezn3p5FWF_U$_$4,audio,-0.006582379341125488,0.006582379341125488,False
F1U26PLiXjM$_$1,audio,0.07488971948623657,-0.07488971948623657,False
F6JV-K840EY$_$2,audio,-0.02867160737514496,0.02867160737514496,False
FB_b1dm0SRY$_$10,audio,-0.00911867618560791,0.00911867618560791,False
FB_b1dm0SRY$_$0,audio,-0.03971487283706665,0.03971485048532486,False
FB_b1dm0SRY$_$6,audio,0.02395603060722351,-0.02395603060722351,False
FB_b1dm0SRY$_$9,audio,0.04500287026166916,-0.04500287026166916,False
FB_b1dm0SRY$_$8,audio,0.028063595294952393,-0.028063595294952393,False
FxxJB8hBpyQ$_$1,audio,-0.001025080680847168,-0.0010250210762023926,False
Fy0Uid9afM8$_$0,audio,-0.030605792999267578,-0.03060581535100937,False
Fy0Uid9afM8$_$3,audio,0.014638304710388184,0.014638349413871765,True
Fy0Uid9afM8$_$5,audio,0.014414072036743164,0.014413982629776001,False
Fy0Uid9afM8$_$4,audio,0.0019750595092773438,0.001975052058696747,False
H1DpVwktfDQ$_$0,audio,0.012387871742248535,-0.012387871742248535,False
HGicRLwgtkM$_$1,audio,0.0032512545585632324,-0.0032512247562408447,False
HGicRLwgtkM$_$3,audio,0.04407775402069092,-0.04407776892185211,False
HGicRLwgtkM$_$2,audio,-0.01752758026123047,0.017527520656585693,False
HGicRLwgtkM$_$6,audio,0.049303293228149414,-0.049303293228149414,False
HmXXW45eZL4$_$1,audio,-0.004985690116882324,-0.004985690116882324,False
HmXXW45eZL4$_$4,audio,0.020293354988098145,-0.020293354988098145,False
IM6HW1HwHhM$_$11,audio,-0.02754688262939453,0.02754688262939453,False
IM6HW1HwHhM$_$15,audio,-0.03328907489776611,0.03328907489776611,False
IM6HW1HwHhM$_$17,audio,0.0014780163764953613,0.0014780163764953613,False
IUmxJNs2zaY$_$3,audio,-0.00705265998840332,-0.00705265998840332,False
IUmxJNs2zaY$_$2,audio,-0.053592562675476074,0.053592562675476074,False
JAnRCQ9A0vI$_$1,audio,-0.007486104965209961,-0.007486104965209961,False
JAnRCQ9A0vI$_$0,audio,-0.03547832369804382,-0.03547832369804382,False
JAnRCQ9A0vI$_$3,audio,-0.03875410556793213,-0.03875410556793213,False
JAnRCQ9A0vI$_$2,audio,-0.008837223052978516,-0.008837223052978516,False
JAnRCQ9A0vI$_$5,audio,0.04236137866973877,0.04236137866973877,False
JAnRCQ9A0vI$_$4,audio,0.023393899202346802,0.023393899202346802,False
JAnRCQ9A0vI$_$8,audio,0.02587229013442993,-0.02587229013442993,False
JOK1SSmPtFw$_$10,audio,-0.010350465774536133,-0.010350465774536133,False
JOK1SSmPtFw$_$13,audio,0.018023014068603516,0.018023043870925903,False
JOK1SSmPtFw$_$14,audio,0.001232542097568512,0.001232542097568512,False
JOK1SSmPtFw$_$16,audio,0.050114572048187256,0.050114572048187256,False
JOK1SSmPtFw$_$0,audio,0.019466042518615723,-0.019466042518615723,False
JOK1SSmPtFw$_$5,audio,0.03124840557575226,0.03124840557575226,False
JOK1SSmPtFw$_$4,audio,-0.051746517419815063,-0.051746517419815063,False
JOK1SSmPtFw$_$8,audio,0.029973000288009644,0.029973000288009644,False
JPT38CA3sGI$_$1,audio,-0.006052851676940918,0.006052963435649872,False
JPT38CA3sGI$_$0,audio,-0.015595674514770508,0.01559566892683506,False
JPT38CA3sGI$_$5,audio,-0.002006053924560547,0.0020059943199157715,False
JVpF99zuQhA$_$0,audio,0.07387667894363403,0.07387667894363403,False
JVpF99zuQhA$_$2,audio,-0.017674610018730164,0.017674610018730164,False
JVpF99zuQhA$_$4,audio,-0.005088351666927338,0.005088351666927338,False
K0m1tO3Ybyc$_$15,audio,-0.028926432132720947,-0.028926432132720947,False
K0m1tO3Ybyc$_$8,audio,0.03871297836303711,0.0387130081653595,False
K8gp7ncdUl8$_$5,audio,0.05264914035797119,-0.05264913663268089,False
KDjl2exStlI$_$10,audio,0.02014446258544922,-0.02014446258544922,False
KDjl2exStlI$_$13,audio,-0.027241021394729614,0.027241021394729614,False
KDjl2exStlI$_$5,audio,0.04567760229110718,-0.04567761719226837,False
KDjl2exStlI$_$4,audio,-0.010207056999206543,0.010207056999206543,False
KkKWFZZmmCM$_$1,audio,-0.02505013346672058,-0.02505013346672058,False
KpMCvUyQCXg$_$1,audio,0.0017052292823791504,0.0017052292823791504,False
KpMCvUyQCXg$_$3,audio,-0.004366040229797363,-0.004366084933280945,False
KpMCvUyQCXg$_$5,audio,0.03459888696670532,0.03459888696670532,False
L1eFHRQGFeg$_$2,audio,0.054814159870147705,-0.05481413006782532,False
MCsvw5-7lVE$_$1,audio,0.007525742053985596,-0.007525742053985596,False
MCsvw5-7lVE$_$2,audio,0.04107034206390381,0.04107034206390381,False
MCsvw5-7lVE$_$4,audio,0.05602726340293884,0.05602726340293884,False
MMpo2bDk-DU$_$10,audio,-0.025296330451965332,-0.025296330451965332,False
MMpo2bDk-DU$_$17,audio,0.020714014768600464,0.020714014768600464,False
MMpo2bDk-DU$_$16,audio,0.004863739013671875,0.004863709211349487,False
MMpo2bDk-DU$_$19,audio,0.018475651741027832,-0.018475651741027832,False
MjaaudUc5-4$_$1,audio,0.04163460433483124,-0.04163460433483124,False
MjaaudUc5-4$_$0,audio,-0.05124962329864502,-0.05124965310096741,False
MjaaudUc5-4$_$3,audio,-0.08244156837463379,-0.08244156837463379,False
MjaaudUc5-4$_$6,audio,0.036486029624938965,-0.03648608922958374,False
MoQmPA7Q07Q$_$1,audio,-0.03959858417510986,0.03959861397743225,False
MoQmPA7Q07Q$_$2,audio,0.008456110954284668,-0.008456110954284668,False
N1X63d_jgmw$_$5,audio,0.054216980934143066,-0.05421697348356247,False
N5xfBtD6rLY$_$7,audio,0.020456135272979736,-0.020456135272979736,False
NoZsdSGnNpI$_$7,audio,-0.03168807178735733,-0.03168807178735733,False
Nrurc5sMUOE$_$5,audio,0.04816234111785889,-0.05856245756149292,False
Nrurc5sMUOE$_$7,audio,-0.02650126814842224,0.02650126814842224,True
Nrurc5sMUOE$_$8,audio,0.01454266905784607,-0.01454266905784607,False
NzvNW7vP-Co$_$5,audio,0.03377610445022583,-0.03377607464790344,False
NzvNW7vP-Co$_$4,audio,-0.002903282642364502,0.002903282642364502,True
NzvNW7vP-Co$_$7,audio,-0.023913249373435974,0.023913249373435974,False
OLP0nCKwU6k$_$6,audio,0.0005249977111816406,0.0005249977111816406,False
OrYBtyO0aPI$_$1,audio,-0.025688886642456055,0.025688886642456055,False
OrYBtyO0aPI$_$4,audio,0.0006285905838012695,-0.0006285905838012695,False
PboaYD5hlG8$_$10,audio,-0.02658402919769287,0.02658402919769287,False
PboaYD5hlG8$_$3,audio,-0.028423547744750977,0.028423503041267395,False
PboaYD5hlG8$_$2,audio,0.010135054588317871,0.010134994983673096,False
PboaYD5hlG8$_$7,audio,-0.04530617594718933,-0.04530617594718933,False
PboaYD5hlG8$_$9,audio,0.0436667874455452,-0.08775026351213455,False
PboaYD5hlG8$_$8,audio,0.028906702995300293,0.028906725347042084,True
Pt-D0LUHDSc$_$2,audio,0.022294163703918457,0.022294163703918457,False
PwapK9d8IGk$_$4,audio,0.03955252096056938,-0.04941462352871895,False
PyQrAYl1bFs$_$0,audio,-0.002155780792236328,-0.002155780792236328,False
PyQrAYl1bFs$_$3,audio,-0.024604320526123047,0.024604439735412598,False
PyQrAYl1bFs$_$4,audio,-0.061784207820892334,0.061784207820892334,False
Q4WzApjaCNI$_$0,audio,0.004378467798233032,-0.004378467798233032,False
Q7S0tX4FUNA$_$4,audio,-0.01407080888748169,0.01407080888748169,False
Q7S0tX4FUNA$_$7,audio,0.03192329406738281,0.03192329406738281,False
Q7S0tX4FUNA$_$8,audio,-0.0058116912841796875,-0.0058116614818573,False
Qa6Yz62V-Yc$_$0,audio,0.0535220205783844,-0.0535220205783844,False
QjcQx8_PQfw$_$10,audio,-0.03733259439468384,0.03733259439468384,False
QjcQx8_PQfw$_$7,audio,-0.03357416391372681,-0.033574171364307404,False
QpchvHpGFc8$_$3,audio,0.0744326114654541,-0.0744326114654541,False
RArhIHk4Qs4$_$13,audio,-0.05311793088912964,0.05311794579029083,False
RArhIHk4Qs4$_$17,audio,-0.04325348138809204,0.04325348138809204,False
RArhIHk4Qs4$_$16,audio,-0.060641467571258545,0.060641467571258545,False
RArhIHk4Qs4$_$19,audio,0.0030933618545532227,-0.003093356266617775,False
RArhIHk4Qs4$_$1,audio,0.07105708122253418,0.07105708122253418,False
RArhIHk4Qs4$_$2,audio,0.0035148262977600098,-0.0035148262977600098,False
RArhIHk4Qs4$_$7,audio,0.003285020589828491,-0.003285020589828491,True
RArhIHk4Qs4$_$6,audio,-0.0011815428733825684,0.0011815279722213745,False
RArhIHk4Qs4$_$8,audio,0.024663925170898438,-0.024663925170898438,False
RArhIHk4Qs4$_$21,audio,-0.017949163913726807,-0.017949163913726807,False
ROcTx5VEn7o$_$11,audio,-0.014936298131942749,-0.014936298131942749,False
ROcTx5VEn7o$_$1,audio,0.033403486013412476,0.033403486013412476,False
ROcTx5VEn7o$_$5,audio,0.016432374715805054,0.016432374715805054,False
ROcTx5VEn7o$_$9,audio,-0.027029305696487427,-0.027029305696487427,True
RrGpzInAwCg$_$0,audio,-0.0073416829109191895,-0.0073416829109191895,False
RzOFxDk26p0$_$1,audio,0.025678038597106934,-0.025678038597106934,False
RzOFxDk26p0$_$0,audio,0.02878701686859131,-0.02878701686859131,False
SHa756SwGJQ$_$0,audio,0.006824970245361328,0.006824970245361328,False
SHa756SwGJQ$_$2,audio,-0.04022851586341858,-0.04022851586341858,False
SHa756SwGJQ$_$4,audio,0.007006525993347168,0.00700649619102478,False
SHa756SwGJQ$_$7,audio,-0.03695416450500488,0.03695416450500488,False
SHa756SwGJQ$_$6,audio,-0.038424551486968994,-0.038424551486968994,False
TH32jop4FiI$_$15,audio,0.014459013938903809,-0.014459043741226196,False
TH32jop4FiI$_$17,audio,-0.0539780855178833,0.0539780855178833,False
TWszOxkOV0w$_$1,audio,-0.0072841644287109375,-0.0072841644287109375,False
TXCXFYIc3Yo$_$16,audio,0.01181340217590332,-0.011813491582870483,False
TXCXFYIc3Yo$_$2,audio,-0.03574579954147339,0.03574579954147339,False
TXCXFYIc3Yo$_$7,audio,0.08994972705841064,-0.08994975686073303,False
TXCXFYIc3Yo$_$6,audio,0.032518625259399414,-0.03251868486404419,False
TYJzg5IJN8o$_$11,audio,-0.013517379760742188,-0.013517394661903381,False
TYJzg5IJN8o$_$10,audio,0.011853933334350586,0.011853933334350586,False
TYJzg5IJN8o$_$14,audio,-0.016782522201538086,0.016782522201538086,False
TYJzg5IJN8o$_$0,audio,-0.02203667163848877,0.02203667163848877,False
TYJzg5IJN8o$_$4,audio,-0.012072086334228516,-0.012072086334228516,False
TYJzg5IJN8o$_$7,audio,0.03920172154903412,0.03920172154903412,False
Uc_6d-fkZEc$_$3,audio,-0.003999948501586914,-0.003999948501586914,False
UlTJmndbGHM$_$1,audio,0.028064072132110596,-0.028064072132110596,False
UlTJmndbGHM$_$4,audio,-0.01806652545928955,-0.018066495656967163,False
VbV9S4svrTg$_$13,audio,-0.004879772663116455,-0.004879772663116455,False
VbV9S4svrTg$_$3,audio,0.03406381607055664,-0.03406378626823425,False
VbV9S4svrTg$_$7,audio,0.04566037654876709,-0.04566037654876709,False
VbV9S4svrTg$_$8,audio,0.02966606616973877,-0.02966606616973877,False
VinxKpWioTo$_$1,audio,-0.006949782371520996,-0.006949782371520996,False
VinxKpWioTo$_$0,audio,-0.008159637451171875,-0.008159637451171875,False
VinxKpWioTo$_$3,audio,-0.030046820640563965,-0.030046820640563965,False
VinxKpWioTo$_$5,audio,0.014939665794372559,0.014939665794372559,False
ViyQVpGW05w$_$1,audio,-0.01068723201751709,0.01068723201751709,False
ViyQVpGW05w$_$4,audio,-0.05404937267303467,-0.05404937267303467,False
ViyQVpGW05w$_$6,audio,0.0076416730880737305,0.007641643285751343,False
Vuay0mVKkik$_$3,audio,0.027308225631713867,0.027308136224746704,False
WmQF5RmbsVQ$_$6,audio,0.06516528129577637,0.06516528129577637,False
Wrcf2xtqbkQ$_$9,audio,-0.06801580637693405,0.06801580637693405,False
Wrcf2xtqbkQ$_$8,audio,-0.011876165866851807,-0.011876165866851807,False
WxajvjGKz7Y$_$0,audio,-0.050170838832855225,0.050170838832855225,True
WxajvjGKz7Y$_$3,audio,0.04624254256486893,0.04624254256486893,False
WxajvjGKz7Y$_$6,audio,0.020971328020095825,0.020971328020095825,False
XIGpuL-Kkyk$_$12,audio,-0.013814926147460938,0.01381489634513855,False
XIGpuL-Kkyk$_$0,audio,0.061552226543426514,0.061552226543426514,False
XIGpuL-Kkyk$_$4,audio,-0.015774846076965332,-0.015774846076965332,False
XIGpuL-Kkyk$_$7,audio,0.010712504386901855,0.010712504386901855,False
XaVYxIW0FDg$_$2,audio,0.001677870750427246,-0.001677870750427246,False
XyP8bVmGX6M$_$4,audio,0.020314455032348633,0.020314455032348633,False
XzVapdEr_GY$_$3,audio,0.055051445960998535,-0.055051445960998535,False
XzVapdEr_GY$_$4,audio,0.007470488548278809,-0.007470488548278809,False
Y7h-S3cJ52o$_$0,audio,-0.03261846303939819,-0.03261846303939819,False
Y7qkyMyanjU$_$2,audio,0.017077535390853882,0.017077535390853882,False
Y7qkyMyanjU$_$4,audio,0.01754051446914673,0.01754051446914673,False
YbuG8xyUO-o$_$3,audio,0.012816697359085083,0.012816697359085083,False
YbuG8xyUO-o$_$2,audio,0.08437162637710571,-0.08437162637710571,False
Z7L3V5bwzI0$_$2,audio,-0.006397724151611328,0.006397724151611328,False
ZaoFHcbRM9g$_$3,audio,0.0444483757019043,-0.04444834589958191,False
ZaoFHcbRM9g$_$2,audio,-0.08260416984558105,0.08260416984558105,True
ZaoFHcbRM9g$_$5,audio,-0.0031238794326782227,-0.005127310752868652,False
ZaoFHcbRM9g$_$9,audio,-0.08232736587524414,-0.08232742547988892,False
ZaoFHcbRM9g$_$8,audio,0.055832743644714355,0.05583271384239197,False
Zvisaa77Cng$_$1,audio,-0.03073972463607788,-0.030739739537239075,False
Zvisaa77Cng$_$5,audio,0.02994745969772339,-0.029947489500045776,False
_7HVhnSYX1Y$_$26,audio,0.013292908668518066,0.013292908668518066,False
_7HVhnSYX1Y$_$12,audio,0.010718226432800293,0.010718226432800293,False
_7HVhnSYX1Y$_$14,audio,-0.04247206449508667,-0.04247206449508667,False
_7HVhnSYX1Y$_$19,audio,0.016254305839538574,-0.016254298388957977,False
_7HVhnSYX1Y$_$31,audio,-0.003119945526123047,-0.003119945526123047,False
_7HVhnSYX1Y$_$3,audio,0.017230749130249023,-0.017230749130249023,False
_BvNNdEkhZA$_$14,audio,-0.010682463645935059,-0.010682478547096252,False
_BvNNdEkhZA$_$19,audio,0.014972329139709473,-0.014972329139709473,False
_BvNNdEkhZA$_$7,audio,-0.0006145238876342773,0.000614553689956665,False
_BvNNdEkhZA$_$6,audio,0.04750990867614746,0.04750990867614746,False
_BvNNdEkhZA$_$9,audio,-0.011220753192901611,0.011220753192901611,False
_aZDaIfGfPo$_$1,audio,-0.01602911949157715,-0.01602911949157715,False
_aZDaIfGfPo$_$0,audio,0.04261744022369385,-0.04261744022369385,False
_gr7o5ynhnw$_$13,audio,-0.05856740474700928,-0.05856740474700928,False
_gr7o5ynhnw$_$12,audio,0.010901927947998047,0.010901927947998047,False
_gr7o5ynhnw$_$15,audio,0.015419542789459229,-0.015419542789459229,False
_gzYkdjNvPc$_$12,audio,-0.0519411563873291,0.0519411563873291,False
_gzYkdjNvPc$_$17,audio,-0.0567479133605957,-0.0567479133605957,False
_gzYkdjNvPc$_$1,audio,0.0020006299018859863,0.0020006000995635986,False
_gzYkdjNvPc$_$3,audio,0.015175163745880127,0.015175163745880127,False
_gzYkdjNvPc$_$2,audio,-0.031209111213684082,-0.031209109351038933,False
_gzYkdjNvPc$_$5,audio,0.0003001689910888672,-0.00030015408992767334,False
_gzYkdjNvPc$_$4,audio,-0.01932661235332489,-0.01932661235332489,False
_gzYkdjNvPc$_$6,audio,-0.03035685420036316,0.03035685420036316,False
_gzYkdjNvPc$_$9,audio,-0.008913576602935791,0.008913591504096985,False
a-WihYDk6vc$_$8,audio,0.03078824281692505,0.03078824281692505,False
a-WihYDk6vc$_$0,audio,0.04493838548660278,0.04493838548660278,False
aFhc2ddipoM$_$14,audio,0.022712230682373047,-0.022712230682373047,False
aK5tRCXjUvU$_$0,audio,-0.005466461181640625,0.00546640157699585,False
b-FX9NOVQOM$_$1,audio,-0.06217682361602783,-0.06217674911022186,False
b-FX9NOVQOM$_$4,audio,-0.05403757095336914,-0.05403755605220795,False
b1LEcg6z66g$_$0,audio,-0.028397321701049805,-0.028397321701049805,False
b1LEcg6z66g$_$4,audio,0.011572301387786865,-0.011572301387786865,False
b1LEcg6z66g$_$8,audio,-0.06372606754302979,-0.06372605264186859,False
bAkUEnPoucg$_$3,audio,0.024806499481201172,-0.024806499481201172,False
bNQkb4K5DX0$_$3,audio,0.00832703709602356,-0.00832703709602356,False
bNQkb4K5DX0$_$7,audio,-0.01949930191040039,0.01949930191040039,False
bWunvAd96zI$_$1,audio,-0.03760182857513428,-0.03760182857513428,False
bWunvAd96zI$_$2,audio,-0.07594373822212219,0.075943723320961,True
bWunvAd96zI$_$5,audio,0.050558846443891525,0.050558846443891525,True
bWunvAd96zI$_$4,audio,-0.057245850563049316,-0.057245850563049316,False
bj9e8w4vNxo$_$12,audio,0.044720426201820374,-0.044720426201820374,True
bpvYdXVlgvc$_$1,audio,-0.023001059889793396,-0.023001059889793396,False
bpvYdXVlgvc$_$3,audio,0.019100666046142578,0.01910068839788437,True
bpvYdXVlgvc$_$4,audio,0.046469032764434814,0.046469032764434814,False
bpvYdXVlgvc$_$6,audio,0.03347373008728027,0.03347361087799072,False
c1a1y9ytHH0$_$0,audio,-0.017310678958892822,0.03511780500411987,False
c1a1y9ytHH0$_$3,audio,-0.0254315584897995,-0.0254315584897995,False
c1a1y9ytHH0$_$7,audio,0.0246884822845459,0.0246884822845459,False
c5cB7AfVgcE$_$12,audio,-0.038742899894714355,0.03874284029006958,False
c5cB7AfVgcE$_$5,audio,-0.02018982172012329,-0.02018982172012329,False
d8BR6hsvzoY$_$1,audio,-0.08572620153427124,0.08572620898485184,False
d8BR6hsvzoY$_$0,audio,-0.05181872844696045,-0.05181872844696045,False
d8BR6hsvzoY$_$2,audio,0.01510530710220337,0.01510530710220337,False
d8BR6hsvzoY$_$5,audio,0.0050362348556518555,0.0050362348556518555,False
d8BR6hsvzoY$_$6,audio,0.014319702982902527,-0.014319702982902527,False
d8BR6hsvzoY$_$9,audio,-0.05367790162563324,-0.05367790162563324,False
d8BR6hsvzoY$_$8,audio,0.003526926040649414,-0.00352691113948822,False
dBWvtPeHpWM$_$4,audio,-0.09685349464416504,0.09685349464416504,False
dEDbm2ubVRQ$_$0,audio,0.0006273388862609863,0.0006273537874221802,False
dEDbm2ubVRQ$_$3,audio,0.005226194858551025,0.03618979454040527,False
dEDbm2ubVRQ$_$8,audio,0.031127333641052246,0.031127333641052246,False
dt641WxonBI$_$1,audio,-0.009421229362487793,-0.009421229362487793,False
dt641WxonBI$_$3,audio,-0.007168769836425781,0.007168769836425781,False
eOiC1kb17P4$_$0,audio,0.010979294776916504,-0.010979190468788147,False
erNDEjQeox8$_$12,audio,-0.01358020305633545,0.013580210506916046,False
ewBrNsyY82Q$_$4,audio,-0.04569712281227112,-0.04569712281227112,False
fWOIAxzBQFY$_$12,audio,-0.0049607157707214355,-0.0049607157707214355,False
fWOIAxzBQFY$_$5,audio,0.043016254901885986,-0.043016254901885986,False
fWOIAxzBQFY$_$7,audio,0.03012746572494507,0.03012746572494507,False
f_ZJ7L14oYQ$_$11,audio,-0.009021282196044922,0.00902131199836731,False
f_ZJ7L14oYQ$_$27,audio,-0.01720714569091797,0.017207026481628418,False
f_ZJ7L14oYQ$_$21,audio,0.006922006607055664,-0.006921887397766113,False
f_ZJ7L14oYQ$_$17,audio,-0.032560646533966064,-0.03256063908338547,False
f_ZJ7L14oYQ$_$9,audio,0.013478606939315796,-0.013478606939315796,False
f_ZJ7L14oYQ$_$8,audio,0.041994452476501465,-0.04199446365237236,False
ffrJ91swyq0$_$1,audio,-0.017646968364715576,0.017646968364715576,False
g8Cl74tS3oY$_$2,audio,0.024554550647735596,-0.024554550647735596,False
g8Cl74tS3oY$_$6,audio,-0.001676023006439209,0.001676023006439209,False
gR4gM_WXesQ$_$10,audio,-0.02634890377521515,0.02634890377521515,False
gR4gM_WXesQ$_$26,audio,0.05320274084806442,0.05320274084806442,False
gR4gM_WXesQ$_$20,audio,0.036939263343811035,0.036939363926649094,True
gR4gM_WXesQ$_$24,audio,0.050019651651382446,0.050019677728414536,False
gR4gM_WXesQ$_$18,audio,0.009853720664978027,-0.00985381007194519,False
gR4gM_WXesQ$_$3,audio,-0.010395407676696777,0.010395407676696777,True
gR4gM_WXesQ$_$4,audio,-0.0035825371742248535,0.0035825371742248535,False
gR4gM_WXesQ$_$8,audio,-0.014313101768493652,0.014313116669654846,False
gVqs4TzqySw$_$1,audio,0.044510647654533386,-0.044510647654533386,False
gVqs4TzqySw$_$3,audio,-0.0629647970199585,-0.0629647970199585,False
gVqs4TzqySw$_$2,audio,0.00966748595237732,0.00966748595237732,False
gVqs4TzqySw$_$4,audio,-0.0026137279346585274,-0.0026137279346585274,False
goMtnNHQ_z4$_$1,audio,0.016391992568969727,0.016391992568969727,False
goMtnNHQ_z4$_$2,audio,0.012781262397766113,-0.012781262397766113,False
goMtnNHQ_z4$_$13,audio,-0.010571539402008057,0.010571539402008057,False
goMtnNHQ_z4$_$12,audio,-0.02819371223449707,-0.028193652629852295,False
hqzF4IDaIYE$_$0,audio,-0.025958895683288574,-0.025958875194191933,False
hqzF4IDaIYE$_$3,audio,-0.037595272064208984,0.03759533166885376,False
hqzF4IDaIYE$_$2,audio,-0.016937196254730225,0.016937196254730225,False
hqzF4IDaIYE$_$4,audio,-0.008383005857467651,0.00838300958275795,False
hqzF4IDaIYE$_$6,audio,0.0006690621376037598,0.0006690621376037598,False
hvfaYsv7p8E$_$0,audio,0.05581510066986084,0.05581510066986084,False
iUXqlrui25c$_$10,audio,-0.07103574275970459,-0.07103565335273743,False
iUXqlrui25c$_$21,audio,-0.03308558464050293,-0.033085569739341736,False
iUXqlrui25c$_$23,audio,-0.04818205535411835,0.04818205535411835,False
icbUzboLcDQ$_$0,audio,0.01748204231262207,0.01748204231262207,False
ioupaiAuRr0$_$5,audio,-0.009517699480056763,-0.009517699480056763,False
ioupaiAuRr0$_$4,audio,0.04736350476741791,-0.04736350476741791,False
jICmfLeFymA$_$16,audio,-0.035266876220703125,0.035266876220703125,False
jPrEKz1rAno$_$11,audio,-0.02578011155128479,0.02578011155128479,False
jPrEKz1rAno$_$7,audio,-0.02667345479130745,-0.02667345479130745,False
jPrEKz1rAno$_$6,audio,0.010745257139205933,-0.010745260864496231,False
k5ZOshC2LP4$_$1,audio,0.06523358821868896,0.06523352861404419,False
kbGhEJ4W44o$_$0,audio,-0.004556000232696533,0.004556000232696533,False
kfsO4c0Ekes$_$7,audio,-0.00730133056640625,-0.00730133056640625,False
kvUb78Rdzdc$_$3,audio,-0.008589744567871094,0.008589744567871094,False
lO87-4Kf0cQ$_$2,audio,0.03557516634464264,0.03557516634464264,False
lO87-4Kf0cQ$_$5,audio,-0.020059436559677124,0.020059429109096527,False
lWf5hHRHIDs$_$11,audio,0.021854281425476074,-0.021854281425476074,False
lawHYX5eB20$_$1,audio,0.0006818175315856934,0.0006817877292633057,False
lawHYX5eB20$_$2,audio,0.023789584636688232,-0.023789584636688232,False
mHGaQ_nv9UY$_$13,audio,-0.05351901054382324,0.05351901054382324,False
mHGaQ_nv9UY$_$14,audio,0.09491303563117981,0.0949130430817604,False
mHGaQ_nv9UY$_$17,audio,-0.01125723123550415,-0.01125723123550415,False
mHGaQ_nv9UY$_$22,audio,0.014283180236816406,-0.014283180236816406,False
mHGaQ_nv9UY$_$5,audio,0.02008029818534851,0.02008029818534851,False
mHGaQ_nv9UY$_$4,audio,-0.0035572052001953125,-0.0035572052001953125,False
mLW-jn67gRE$_$20,audio,-0.01774650812149048,0.01774650812149048,False
mLW-jn67gRE$_$17,audio,-0.006279110908508301,-0.006279110908508301,False
mLW-jn67gRE$_$1,audio,0.011453986167907715,0.011453986167907715,False
mLW-jn67gRE$_$3,audio,-0.033551737666130066,-0.033551737666130066,False
mLW-jn67gRE$_$5,audio,0.048089563846588135,0.048089563846588135,False
mLW-jn67gRE$_$6,audio,-0.024276822805404663,-0.024276822805404663,False
mLW-jn67gRE$_$9,audio,-0.0022523626685142517,-0.0022523626685142517,False
mjpCK2Edsv8$_$0,audio,0.01822948455810547,-0.018229424953460693,False
nUZYqTRSGDw$_$4,audio,0.03341472148895264,0.033414751291275024,False
nyzIL6YAonY$_$5,audio,-0.03697758913040161,0.03697758913040161,False
nyzIL6YAonY$_$6,audio,0.0006483197212219238,-0.0006483197212219238,False
ooAF6I-fmTg$_$3,audio,0.03052687644958496,-0.03052687644958496,False
ooAF6I-fmTg$_$5,audio,0.04336383938789368,0.04336383193731308,False
ooAF6I-fmTg$_$7,audio,0.004162430763244629,0.004162490367889404,False
pOrk7fl1AYo$_$1,audio,-0.008924946188926697,0.008924946188926697,False
pOrk7fl1AYo$_$3,audio,-0.01859760284423828,0.01859760284423828,False
pOrk7fl1AYo$_$2,audio,0.007751822471618652,-0.007751822471618652,False
pOrk7fl1AYo$_$4,audio,-0.004041016101837158,-0.004041016101837158,False
q9yDL81QppI$_$1,audio,-0.0007091164588928223,0.0007091164588928223,False
q9yDL81QppI$_$0,audio,0.029778122901916504,0.029778122901916504,False
q9yDL81QppI$_$2,audio,0.036667823791503906,0.036667823791503906,False
qK77ZmbqmOM$_$9,audio,-0.030040591955184937,-0.030040591955184937,True
qK77ZmbqmOM$_$0,audio,-0.047075510025024414,-0.047075510025024414,False
qY1sXq-YCHs$_$8,audio,-0.0279788076877594,-0.027978811413049698,False
qmMSumMloAs$_$1,audio,-0.02137017250061035,0.021370097994804382,False
qmMSumMloAs$_$3,audio,-0.023583054542541504,0.023583054542541504,False
qmMSumMloAs$_$2,audio,0.03005242347717285,-0.03005257621407509,False
r13W4H8ZhqI$_$12,audio,-0.011896371841430664,0.011896371841430664,False
r13W4H8ZhqI$_$1,audio,0.024355856701731682,-0.024355856701731682,False
r13W4H8ZhqI$_$5,audio,0.028577566146850586,-0.02857748605310917,False
r13W4H8ZhqI$_$8,audio,0.003513932228088379,-0.0035139769315719604,False
r5ijC2W9ddk$_$8,audio,-0.02480924129486084,-0.02480924129486084,False
r5ijC2W9ddk$_$0,audio,0.002480141818523407,0.002480141818523407,False
r9tgDqXEcuc$_$4,audio,0.05880002677440643,-0.058800019323825836,False
rf0yDSeVEUA$_$1,audio,0.026037931442260742,-0.026037931442260742,False
rf0yDSeVEUA$_$0,audio,-0.010234832763671875,0.010234832763671875,False
rf0yDSeVEUA$_$3,audio,-0.0034619569778442383,-0.003461897373199463,False
rojyUp4FPSg$_$26,audio,-0.012979745864868164,0.012979745864868164,False
rojyUp4FPSg$_$20,audio,-0.026731133460998535,0.026731088757514954,False
rojyUp4FPSg$_$21,audio,-0.02763354778289795,0.02763354778289795,False
rojyUp4FPSg$_$23,audio,0.013594508171081543,-0.013594508171081543,False
rojyUp4FPSg$_$5,audio,0.017395079135894775,-0.017395079135894775,False
rojyUp4FPSg$_$7,audio,-0.0004936456680297852,-0.0004936456680297852,False
rojyUp4FPSg$_$9,audio,-0.0341181755065918,0.03411823511123657,False
rojyUp4FPSg$_$10,audio,-0.01632547378540039,0.01632547378540039,False
rojyUp4FPSg$_$12,audio,-0.007492929697036743,0.007492929697036743,False
rojyUp4FPSg$_$16,audio,-0.056028127670288086,0.056028082966804504,False
rojyUp4FPSg$_$18,audio,0.05242931842803955,-0.052429378032684326,False
rojyUp4FPSg$_$37,audio,0.051932334899902344,-0.051932334899902344,False
rojyUp4FPSg$_$36,audio,0.03970855474472046,-0.04479783773422241,False
rojyUp4FPSg$_$34,audio,-0.011525154113769531,0.011525154113769531,False
rojyUp4FPSg$_$32,audio,0.0069335103034973145,0.0069335103034973145,False
rwNlqh0k1j4$_$15,audio,-0.04264867305755615,-0.04264861345291138,False
rwNlqh0k1j4$_$3,audio,-0.0450628399848938,-0.0450628399848938,False
rwNlqh0k1j4$_$2,audio,0.007161401212215424,-0.007161401212215424,False
rwNlqh0k1j4$_$7,audio,-0.0246942937374115,-0.0246942937374115,False
sC16n1k66io$_$2,audio,0.010253548622131348,-0.01025356911122799,False
sC16n1k66io$_$16,audio,-0.039411842823028564,0.039411820471286774,False
sPremsknoLM$_$1,audio,-0.021007269620895386,-0.021007269620895386,False
ssqiwP19JhM$_$10,audio,0.043622635304927826,0.043622635304927826,False
ssqiwP19JhM$_$2,audio,-0.002272367477416992,-0.002272367477416992,False
szic2IB9HB4$_$5,audio,-0.0030544400215148926,0.0030544474720954895,True
tQ-CIfgj-Js$_$3,audio,0.0,0.0,False
tXQpm-nKxNA$_$5,audio,0.01574230194091797,-0.01574230194091797,False
tXQpm-nKxNA$_$7,audio,0.05547332763671875,-0.05547332763671875,False
uacdDoBtT1k$_$0,audio,-0.0016359686851501465,-0.0016359686851501465,False
uacdDoBtT1k$_$6,audio,-0.0045487284660339355,0.0045487284660339355,False
unNY4zIk8MM$_$1,audio,0.006459474563598633,-0.006459474563598633,False
unNY4zIk8MM$_$3,audio,0.03372582793235779,-0.03372582793235779,False
unNY4zIk8MM$_$5,audio,0.01493823528289795,0.01493823528289795,False
unNY4zIk8MM$_$8,audio,-0.011375367641448975,-0.011375367641448975,False
uooIiW6dEyg$_$1,audio,0.01976114511489868,0.01976114511489868,False
uooIiW6dEyg$_$5,audio,0.022679388523101807,0.022679388523101807,False
v2Rr-EsJda8$_$0,audio,-0.02700713276863098,-0.027007129043340683,False
v2Rr-EsJda8$_$6,audio,-0.008586853742599487,0.008586853742599487,False
v9gjg7TDlTA$_$0,audio,-0.0810544490814209,0.08105447888374329,False
v9gjg7TDlTA$_$4,audio,-0.02104353904724121,0.02104353904724121,False
vHzbn_YW76s$_$3,audio,0.03958463668823242,0.039584651589393616,False
vU0a4F36Ksw$_$13,audio,0.01790022850036621,0.01790022850036621,False
vU0a4F36Ksw$_$12,audio,-0.008951902389526367,-0.008951902389526367,False
vU0a4F36Ksw$_$17,audio,0.013590455055236816,-0.013590514659881592,False
vU0a4F36Ksw$_$0,audio,-0.01357269287109375,0.01357269287109375,False
vU0a4F36Ksw$_$3,audio,0.05004441738128662,-0.05004441738128662,False
vU0a4F36Ksw$_$5,audio,0.01102292537689209,-0.01102292537689209,False
vU0a4F36Ksw$_$7,audio,-0.02013850212097168,0.02013850212097168,False
vU0a4F36Ksw$_$20,audio,-0.02142012119293213,0.021420061588287354,False
vbr3EA8cJTI$_$0,audio,-0.023572444915771484,0.023572444915771484,False
vbr3EA8cJTI$_$2,audio,0.007017195224761963,-0.007017195224761963,False
vbr3EA8cJTI$_$7,audio,-0.07054272294044495,-0.07054272294044495,False
vbr3EA8cJTI$_$6,audio,0.0005896091461181641,0.0005896091461181641,False
wF8980oGklk$_$24,audio,0.044918715953826904,-0.04491867125034332,False
wF8980oGklk$_$25,audio,0.00022208690643310547,-0.00022204965353012085,False
wF8980oGklk$_$1,audio,-0.008044064044952393,-0.008044064044952393,False
wF8980oGklk$_$0,audio,-0.004616379737854004,-0.004616379737854004,False
wF8980oGklk$_$3,audio,0.043505847454071045,0.04350587725639343,False
wF8980oGklk$_$2,audio,-0.00558626651763916,0.00558626651763916,False
wF8980oGklk$_$6,audio,-0.006306290626525879,-0.006306290626525879,False
wF8980oGklk$_$17,audio,0.05781608819961548,-0.05781608819961548,False
wosolsrH3sM$_$6,audio,0.0002237558364868164,-0.00022374838590621948,False
x-zGBp7axao$_$3,audio,0.0404590368270874,-0.04045911133289337,False
x2lOwQaAn4g$_$4,audio,-0.028153538703918457,-0.028153538703918457,False
xUgAP84vsg4$_$15,audio,-0.011499881744384766,0.011499941349029541,False
xUgAP84vsg4$_$4,audio,-0.04413247108459473,0.04413247108459473,False
xUgAP84vsg4$_$8,audio,0.0783507227897644,-0.0783507227897644,False
xivYoEUQ5sk$_$5,audio,-0.049901485443115234,0.04990142583847046,False
xivYoEUQ5sk$_$4,audio,-0.013425111770629883,0.013425230979919434,False
xjsaS-LeZ14$_$20,audio,0.12817658483982086,-0.12817658483982086,False
xjsaS-LeZ14$_$14,audio,-0.02383667230606079,0.02383667230606079,False
xjsaS-LeZ14$_$6,audio,-0.0009367465972900391,0.0009367913007736206,False
y8HXGm1-Ecw$_$7,audio,-0.0274580717086792,-0.02745804190635681,False
y9FyTEyGy5Y$_$1,audio,0.04861956834793091,0.04861956834793091,False
zhE_68GMJIk$_$8,audio,0.006251975893974304,0.006251975893974304,False
zhE_68GMJIk$_$5,audio,-0.03753530979156494,0.03753535449504852,False
zjYEBwXGD8I$_$13,audio,-0.03835909068584442,-0.03835909068584442,False
zjYEBwXGD8I$_$15,audio,-0.01449352502822876,0.014493554830551147,False
zjYEBwXGD8I$_$0,audio,0.024056434631347656,0.024056434631347656,False
zjYEBwXGD8I$_$2,audio,-0.0926210880279541,0.0926210880279541,False
zjYEBwXGD8I$_$4,audio,0.02486444264650345,0.02486444264650345,False
zjYEBwXGD8I$_$9,audio,-0.04104959964752197,-0.04104959964752197,False
zk2jTlAtvSU$_$3,audio,-0.028458133339881897,-0.028458133339881897,False
-UacrmKiTn4$_$7,vision,-0.019785165786743164,-0.019785165786743164,False
-qDkUB0GgYY$_$5,vision,0.03386986255645752,-0.033869922161102295,False
0utROiKxejc$_$1,vision,0.008598685264587402,0.008598685264587402,False
0utROiKxejc$_$4,vision,-0.006825149059295654,0.006825149059295654,False
0y022OlZ3W0$_$3,vision,0.030826568603515625,-0.030826568603515625,False
0y022OlZ3W0$_$5,vision,0.00516510009765625,0.00516510009765625,False
0y022OlZ3W0$_$8,vision,0.020472943782806396,0.020472943782806396,False
101787$_$11,vision,0.01326441764831543,-0.01326441764831543,False
101787$_$13,vision,-0.015906929969787598,-0.015906929969787598,False
101787$_$1,vision,0.000163346529006958,0.000163346529006958,False
101787$_$5,vision,0.002432107925415039,0.002432107925415039,False
101787$_$7,vision,0.0023692846298217773,-0.0023692846298217773,False
101787$_$9,vision,0.011708498001098633,-0.011708498001098633,False
102408$_$2,vision,0.005059659481048584,-0.005059659481048584,False
102408$_$5,vision,0.0040798187255859375,0.004079878330230713,False
102408$_$9,vision,-0.018337607383728027,-0.018337547779083252,False
102858$_$20,vision,0.004606962203979492,-0.004607021808624268,False
102858$_$21,vision,0.012373685836791992,-0.012373566627502441,False
102858$_$1,vision,-0.004205644130706787,0.004205614328384399,False
102858$_$0,vision,4.4345855712890625e-05,4.4345855712890625e-05,False
102858$_$4,vision,-0.009113550186157227,0.009113669395446777,False
102858$_$6,vision,-0.0031385421752929688,0.003138512372970581,False
102858$_$10,vision,0.01146554946899414,-0.011465603485703468,False
102858$_$17,vision,0.016016721725463867,-0.016016744077205658,False
102858$_$19,vision,0.001775979995727539,-0.001775979995727539,False
112433$_$10,vision,-0.12343597412109375,0.12343597412109375,False
112433$_$3,vision,0.02152729034423828,-0.02152729034423828,False
112433$_$7,vision,-0.005097389221191406,0.005097389221191406,False
112433$_$6,vision,-0.005491733551025391,-0.005491733551025391,False
117tQqLjza4$_$6,vision,0.015581905841827393,0.015581905841827393,False
11j7EfglCAs$_$2,vision,0.016614675521850586,-0.016614675521850586,False
121128$_$10,vision,-0.0049822330474853516,0.0049822330474853516,False
121128$_$1,vision,-0.008090272545814514,0.008090272545814514,False
121128$_$0,vision,0.021696507930755615,-0.021696507930755615,False
121128$_$5,vision,9.703636169433594e-05,-9.700655937194824e-05,False
125344$_$0,vision,-0.017316997051239014,0.017317015677690506,False
125676$_$0,vision,0.024628639221191406,0.024628639221191406,False
125676$_$4,vision,0.03476119041442871,-0.03476119041442871,False
128059$_$11,vision,0.019359052181243896,0.049183547496795654,False
128059$_$12,vision,0.03267812728881836,-0.032678186893463135,False
128059$_$2,vision,-0.00265425443649292,-0.00265425443649292,False
128059$_$7,vision,-0.007023990154266357,0.007023990154266357,False
128059$_$6,vision,-0.008704066276550293,0.00870409607887268,False
128059$_$9,vision,-0.018402695655822754,0.018402695655822754,False
128763$_$12,vision,0.028126895427703857,0.028126895427703857,False
128763$_$3,vision,0.00282442569732666,0.00282442569732666,False
128763$_$2,vision,-0.007185041904449463,0.007185041904449463,False
128763$_$5,vision,0.0020148158073425293,-0.0020148158073425293,False
128763$_$7,vision,0.004524707794189453,-0.004524707794189453,False
128763$_$8,vision,0.0005195140838623047,-0.0005195140838623047,False
130456$_$11,vision,-0.011730194091796875,0.011730015277862549,False
130456$_$3,vision,-0.016843318939208984,0.016843363642692566,False
130456$_$5,vision,0.006071358919143677,0.006071344017982483,False
130456$_$4,vision,0.0038538873195648193,-0.0038538873195648193,False
130456$_$7,vision,-0.0064814090728759766,0.0064814090728759766,False
130456$_$6,vision,0.021540403366088867,-0.021540403366088867,False
188343$_$13,vision,-0.004304409027099609,0.004304289817810059,False
188343$_$12,vision,-0.0006651878356933594,-0.0006651878356933594,False
188343$_$5,vision,0.03620195388793945,-0.03620195388793945,False
188343$_$9,vision,0.007040262222290039,-0.007040262222290039,False
188343$_$8,vision,0.002051234245300293,0.002051234245300293,False
1HK7Nea0PFo$_$1,vision,-0.042275041341781616,0.042275041341781616,False
216097$_$1,vision,0.0,0.0,False
216097$_$2,vision,-0.02298194169998169,0.02298194169998169,False
216097$_$5,vision,0.002148956060409546,0.002148963510990143,False
216097$_$4,vision,0.007823556661605835,-0.007823556661605835,False
216097$_$7,vision,0.0034590959548950195,0.003459155559539795,False
216097$_$8,vision,0.0,0.0,False
223431$_$11,vision,0.00562673807144165,0.00562673807144165,False
223431$_$10,vision,0.028153181076049805,0.028153151273727417,False
223431$_$13,vision,-0.011591434478759766,-0.01159137487411499,False
223431$_$0,vision,-0.0010666251182556152,-0.0010666251182556152,False
223431$_$5,vision,-0.005712330341339111,0.005712330341339111,False
225770$_$3,vision,-0.04589724540710449,-0.04589725658297539,False
225770$_$5,vision,0.0036483705043792725,0.0036483779549598694,False
225770$_$4,vision,-0.0012027919292449951,0.0012027919292449951,False
225770$_$6,vision,0.0029837489128112793,-0.0029837489128112793,False
236021$_$12,vision,-0.0016556978225708008,0.0016556978225708008,False
236021$_$1,vision,0.04332625865936279,-0.043326281011104584,False
236021$_$3,vision,0.001973867416381836,-0.001973867416381836,False
236021$_$2,vision,0.03622792661190033,0.03622792661190033,False
236021$_$5,vision,-0.0037142038345336914,0.0037142038345336914,False
236021$_$4,vision,-0.023663341999053955,0.02366332709789276,False
237009$_$11,vision,0.00469207763671875,0.004692018032073975,False
237009$_$12,vision,0.002645134925842285,0.002645134925842285,False
237009$_$4,vision,-0.01517409086227417,0.01517409086227417,False
237009$_$7,vision,-0.04302215576171875,-0.04302215576171875,False
237009$_$9,vision,0.0007758140563964844,-0.0007758140563964844,False
241629$_$10,vision,0.02917081117630005,0.029170751571655273,False
241629$_$0,vision,0.008394181728363037,-0.008394211530685425,False
241629$_$3,vision,0.001186370849609375,-0.0011864900588989258,False
241629$_$5,vision,-0.017994865775108337,-0.017994865775108337,False
241629$_$8,vision,-0.008112072944641113,0.008112072944641113,False
243646$_$11,vision,-0.041765689849853516,0.041765689849853516,False
243646$_$12,vision,0.000249326229095459,0.000249326229095459,False
243646$_$9,vision,0.14278516173362732,-0.14278516173362732,False
243646$_$8,vision,0.0021265149116516113,-0.0021265149116516113,False
247318$_$12,vision,-7.510185241699219e-05,-7.510185241699219e-05,False
247318$_$1,vision,0.020371317863464355,0.020371317863464355,False
247318$_$3,vision,-0.007458686828613281,-0.007458686828613281,False
247318$_$2,vision,0.015980243682861328,0.015980124473571777,False
247318$_$5,vision,0.010931611061096191,-0.010931670665740967,False
247318$_$7,vision,0.0006163120269775391,0.0006163120269775391,False
247318$_$6,vision,-0.001781761646270752,-0.001781761646270752,False
252998$_$1,vision,-0.012677133083343506,0.012677133083343506,False
252998$_$0,vision,0.007344692945480347,-0.007344692945480347,False
252998$_$5,vision,-0.03535491228103638,-0.03535491228103638,False
252998$_$4,vision,-0.01629626750946045,0.01629626750946045,False
252998$_$7,vision,0.002351999282836914,-0.002351999282836914,False
252998$_$8,vision,-0.010474920272827148,-0.010474903509020805,False
257247$_$10,vision,0.002506732940673828,-0.002506732940673828,False
257247$_$12,vision,0.0018771886825561523,0.0018771886825561523,False
257247$_$2,vision,0.002635076642036438,0.002635076642036438,False
258654$_$1,vision,0.017429232597351074,0.017429232597351074,False
258654$_$3,vision,0.007068157196044922,0.007068157196044922,False
258654$_$4,vision,-0.0038451552391052246,-0.0038451552391052246,False
266791$_$24,vision,-0.006255388259887695,-0.006255388259887695,False
266791$_$20,vision,-0.0061730146408081055,0.006172925233840942,False
266791$_$21,vision,-0.0009038448333740234,-0.0009038448333740234,False
266791$_$23,vision,0.0022683143615722656,0.0022685378789901733,False
266791$_$29,vision,-0.005656838417053223,-0.005656793713569641,False
266791$_$3,vision,0.026177525520324707,-0.02617749571800232,False
266791$_$5,vision,0.010354042053222656,0.01035398244857788,False
266791$_$4,vision,-0.013647079467773438,-0.013647079467773438,False
266791$_$6,vision,0.011093124747276306,-0.011093124747276306,False
266791$_$8,vision,-0.0003133416175842285,-0.0003133416175842285,False
266791$_$11,vision,0.0017791986465454102,-0.0017791986465454102,False
266791$_$14,vision,0.014494121074676514,0.014494121074676514,False
270254$_$23,vision,0.015998244285583496,0.015998244285583496,False
270254$_$0,vision,0.006501607596874237,0.006501607596874237,False
270254$_$6,vision,-0.0008734464645385742,0.0008734539151191711,False
270254$_$8,vision,0.005416750907897949,0.005416750907897949,False
270254$_$11,vision,-0.0014858245849609375,-0.0014858245849609375,False
270254$_$14,vision,0.02750074863433838,0.027500808238983154,False
270254$_$16,vision,-0.006814777851104736,-0.006814777851104736,False
272624$_$10,vision,0.011241734027862549,0.011241734027862549,False
272624$_$13,vision,-0.00573575496673584,0.005735665559768677,False
272624$_$12,vision,0.010841608047485352,0.010841608047485352,False
272624$_$16,vision,0.0017082691192626953,-0.0017082691192626953,False
272624$_$18,vision,0.0010370612144470215,-0.0010370910167694092,False
272624$_$2,vision,-0.0044160932302474976,0.0044160932302474976,False
272624$_$6,vision,-0.016386091709136963,0.016386091709136963,False
272624$_$9,vision,0.003728508949279785,0.003728508949279785,False
272624$_$8,vision,0.011444449424743652,0.011444449424743652,False
273539$_$3,vision,0.013751745223999023,0.01375165581703186,False
273539$_$2,vision,-0.0034222379326820374,0.0034222379326820374,False
273539$_$9,vision,-0.023049592971801758,-0.023049592971801758,False
290546$_$3,vision,-0.04565444588661194,0.04565444588661194,False
290546$_$5,vision,-0.0014406442642211914,-0.0014406442642211914,False
290546$_$7,vision,-0.014032542705535889,0.014032542705535889,False
290546$_$6,vision,-0.013175338506698608,-0.013175338506698608,False
2S00zYaVrtc$_$10,vision,0.0002713203430175781,0.0002712458372116089,False
2S00zYaVrtc$_$12,vision,0.0008573532104492188,-0.000857234001159668,False
2S00zYaVrtc$_$20,vision,-0.03890097141265869,0.03890097141265869,False
2S00zYaVrtc$_$17,vision,0.002956211566925049,0.002956181764602661,False
2S00zYaVrtc$_$5,vision,-0.011101603507995605,0.01110154390335083,False
2S00zYaVrtc$_$4,vision,0.0026825666427612305,-0.0026825666427612305,False
2Xt31_d0XEE$_$2,vision,-0.0030798912048339844,0.0030798912048339844,False
31474$_$11,vision,0.022487282752990723,0.022487357258796692,False
31474$_$14,vision,0.023544013500213623,-0.023544013500213623,False
31474$_$0,vision,0.015367165207862854,-0.015367165207862854,False
31474$_$3,vision,-0.006027728319168091,0.006027728319168091,False
31474$_$6,vision,0.006167888641357422,0.0061678290367126465,False
31474$_$9,vision,-0.02432197332382202,-0.02432197332382202,False
31474$_$8,vision,0.013667464256286621,-0.013667464256286621,False
32681$_$1,vision,-0.001750648021697998,0.001750648021697998,False
32681$_$3,vision,-0.011040210723876953,-0.01104012131690979,False
32681$_$5,vision,-0.008339643478393555,0.008339643478393555,False
32681$_$6,vision,0.008831322193145752,0.008831322193145752,False
33170$_$1,vision,-0.0007958412170410156,0.000795900821685791,False
33170$_$3,vision,-3.7670135498046875e-05,-3.7610530853271484e-05,False
33170$_$4,vision,0.0016707181930541992,0.0016707181930541992,False
3MFNIag0wNE$_$12,vision,0.004172682762145996,0.004172712564468384,False
3MFNIag0wNE$_$14,vision,0.004018902778625488,0.004018902778625488,False
3MFNIag0wNE$_$16,vision,-0.02093413472175598,-0.020934127271175385,False
3MFNIag0wNE$_$7,vision,0.012545526027679443,0.012545526027679443,False
3V2qm0rw920$_$11,vision,-0.016897976398468018,0.016897976398468018,False
3V2qm0rw920$_$13,vision,-0.015433549880981445,0.015433549880981445,False
3V2qm0rw920$_$3,vision,-0.01364445686340332,-0.01364445686340332,False
3j94B0pzSVs$_$12,vision,-0.0024259090423583984,0.002425968647003174,False
3j94B0pzSVs$_$17,vision,0.009999394416809082,0.00999942421913147,False
3j94B0pzSVs$_$1,vision,-0.017217911779880524,0.017217911779880524,False
3j94B0pzSVs$_$0,vision,-0.004184246063232422,-0.004184246063232422,False
4cFeG2ydm9A$_$8,vision,-0.0036284923553466797,-0.0036284923553466797,False
4dV3slGSc60$_$10,vision,0.01274871826171875,-0.01274871826171875,False
4dV3slGSc60$_$12,vision,0.006510615348815918,0.006510615348815918,False
4dV3slGSc60$_$22,vision,0.0,0.0,False
4dV3slGSc60$_$9,vision,-0.04477381706237793,0.044773902744054794,False
4dV3slGSc60$_$8,vision,0.01322716474533081,-0.01322723738849163,False
50103$_$3,vision,-0.05027365684509277,-0.05027365684509277,False
5B0PQx3Ep3k$_$5,vision,-0.007537245750427246,0.007537245750427246,False
5O1W39o56gg$_$1,vision,-0.005546689033508301,-0.005546689033508301,False
5O1W39o56gg$_$2,vision,-0.010741591453552246,0.010741563513875008,False
5O1W39o56gg$_$9,vision,0.004896789789199829,-0.004896789789199829,False
5i6AgQSjXO4$_$3,vision,0.013192176818847656,0.013192176818847656,False
5i6AgQSjXO4$_$2,vision,0.021012485027313232,0.021012485027313232,False
5i6AgQSjXO4$_$6,vision,0.0013340115547180176,0.0013340115547180176,False
5kaCGzjYukM$_$0,vision,0.027308523654937744,-0.027308523654937744,False
5kaCGzjYukM$_$3,vision,-0.008510828018188477,-0.008510828018188477,False
5kaCGzjYukM$_$2,vision,0.004842281341552734,-0.004842281341552734,False
5kaCGzjYukM$_$5,vision,-0.010700702667236328,-0.010700762271881104,False
5kaCGzjYukM$_$7,vision,-0.0027024149894714355,0.0027024149894714355,False
6KvG5VbLalY$_$9,vision,0.014885157346725464,0.014885157346725464,False
6ZA8I83x-oY$_$0,vision,0.017741084098815918,0.017741084098815918,False
6ZA8I83x-oY$_$2,vision,0.0026483535766601562,-0.0026482343673706055,False
6hFiTU77Sm0$_$1,vision,0.0483982115983963,0.0483982115983963,False
6hFiTU77Sm0$_$2,vision,-0.0026879310607910156,-0.0026879310607910156,False
6uPGcKTpC4I$_$1,vision,0.012599542737007141,0.012599542737007141,False
6uPGcKTpC4I$_$2,vision,-0.0028386712074279785,-0.0028386712074279785,False
6uPGcKTpC4I$_$6,vision,0.006592750549316406,-0.0065927207469940186,False
70280$_$11,vision,-0.0070955753326416016,-0.007095456123352051,False
70280$_$3,vision,-0.010458230972290039,0.010458230972290039,False
70280$_$4,vision,-0.006361275911331177,0.006361275911331177,False
70280$_$6,vision,-0.010397255420684814,-0.010397255420684814,False
75RGHaxmUK8$_$3,vision,0.005151987075805664,0.005151927471160889,False
75RGHaxmUK8$_$5,vision,0.0040947794914245605,-0.0040947794914245605,False
7_K3F-lAv1k$_$2,vision,0.005709171295166016,0.005709171295166016,False
7r4vRxKLFCA$_$6,vision,-0.009435534477233887,-0.009435474872589111,False
80566$_$1,vision,-0.004160195589065552,-0.004160195589065552,False
80566$_$0,vision,-0.013100922107696533,0.013100922107696533,False
80566$_$3,vision,-0.006775587797164917,0.006775602698326111,False
80566$_$2,vision,-0.025030910968780518,0.025030910968780518,False
80566$_$4,vision,-0.018936634063720703,0.018936634063720703,False
80566$_$6,vision,0.00878971815109253,-0.00878971815109253,False
80855$_$11,vision,-0.002650059759616852,-0.002650059759616852,False
80855$_$10,vision,0.0001239180564880371,-0.0001239180564880371,False
80855$_$12,vision,-0.0015687495470046997,-0.0015687495470046997,False
80855$_$15,vision,0.0,0.0,False
80855$_$17,vision,-0.019356250762939453,0.019356250762939453,False
80855$_$0,vision,0.22554318606853485,0.2717133164405823,False
80855$_$3,vision,-0.004615388810634613,-0.004615388810634613,False
80855$_$2,vision,0.008033156394958496,-0.008033137768507004,False
80855$_$7,vision,0.008512735366821289,-0.008512735366821289,False
80855$_$20,vision,0.002348184585571289,-0.002348102629184723,False
830KzUc6CbU$_$0,vision,-0.006342202425003052,0.006342202425003052,False
830KzUc6CbU$_$13,vision,-0.01860034465789795,0.018600285053253174,False
84140$_$0,vision,-0.0033380985260009766,0.0033380836248397827,False
84140$_$5,vision,0.010076403617858887,0.010076373815536499,False
89835$_$1,vision,0.029503703117370605,-0.029503703117370605,False
89835$_$0,vision,0.05050492286682129,0.05050492286682129,True
89835$_$4,vision,-0.001834869384765625,-0.001834869384765625,False
89835$_$7,vision,0.023499727249145508,0.023499667644500732,False
8eaYvALnJ0o$_$1,vision,-0.011332273483276367,0.011332213878631592,False
8eaYvALnJ0o$_$0,vision,-0.00045865774154663086,0.00045865774154663086,False
8x_nCOh6Wmc$_$6,vision,0.0025528669357299805,-0.002552896738052368,False
96642$_$1,vision,-0.007539242506027222,0.007539242506027222,False
96642$_$3,vision,9.703636169433594e-05,-9.702146053314209e-05,False
96642$_$2,vision,0.0052604079246521,0.0052604079246521,False
96642$_$4,vision,0.002298116683959961,0.0022980570793151855,False
99501$_$10,vision,-0.010253667831420898,-0.010253727436065674,False
99501$_$13,vision,0.013981103897094727,0.013981103897094727,False
99501$_$1,vision,0.01742994785308838,0.01742994785308838,False
99501$_$0,vision,0.0167158842086792,-0.016715891659259796,False
99501$_$5,vision,0.0015316903591156006,-0.0015316903591156006,False
99501$_$7,vision,-0.017287015914916992,-0.017287015914916992,False
9QI-9w_VdB4$_$0,vision,-0.03964030742645264,-0.03964030742645264,False
AG5EY8ZaFj4$_$3,vision,0.010287582874298096,0.010287582874298096,False
AG5EY8ZaFj4$_$15,vision,0.0008929669857025146,-0.0008929669857025146,False
Arh2TKRi_mg$_$15,vision,0.00926893949508667,-0.00926893949508667,False
Arh2TKRi_mg$_$14,vision,-0.008403182029724121,0.008403182029724121,False
Arh2TKRi_mg$_$16,vision,0.025611698627471924,-0.025611698627471924,False
Arh2TKRi_mg$_$19,vision,-0.011851608753204346,-0.011851608753204346,True
Arh2TKRi_mg$_$32,vision,0.028909921646118164,-0.028909921646118164,False
Arh2TKRi_mg$_$28,vision,0.06076234579086304,0.06076236069202423,False
Arh2TKRi_mg$_$3,vision,-0.03933137655258179,0.03933137655258179,False
AxNy9TeTLq8$_$0,vision,-0.0025482177734375,0.0025482177734375,False
BSKAHXFYF_I$_$1,vision,-0.000374525785446167,0.00037451833486557007,False
BSKAHXFYF_I$_$3,vision,-0.0808488130569458,0.0808488130569458,True
BSKAHXFYF_I$_$7,vision,0.0,0.0,False
BSKAHXFYF_I$_$8,vision,-0.0004401206970214844,-0.0004401206970214844,False
Baz0VVQ-E9E$_$10,vision,-0.00785982608795166,-0.007859837263822556,False
Baz0VVQ-E9E$_$1,vision,0.009298533201217651,0.009298533201217651,False
Baz0VVQ-E9E$_$5,vision,-0.014959335327148438,0.014959335327148438,False
Baz0VVQ-E9E$_$7,vision,0.009813159704208374,-0.009813159704208374,False
CJGuudyvA0Y$_$4,vision,0.0015932321548461914,0.0015931874513626099,False
CPjbogfLHR4$_$2,vision,0.004382073879241943,-0.004382073879241943,False
CPjbogfLHR4$_$5,vision,-0.020319223403930664,0.020319342613220215,False
DdUJojoFU_c$_$11,vision,-0.02014327049255371,-0.02014327049255371,False
DdUJojoFU_c$_$15,vision,0.013993501663208008,0.013993442058563232,False
DdUJojoFU_c$_$14,vision,-0.025793135166168213,-0.025793135166168213,False
DdUJojoFU_c$_$17,vision,-0.020015627145767212,-0.020015627145767212,False
DdUJojoFU_c$_$16,vision,-0.024926424026489258,-0.024926424026489258,False
DdUJojoFU_c$_$2,vision,-0.032196640968322754,-0.032196640968322754,False
DdUJojoFU_c$_$6,vision,-0.020459115505218506,0.020459115505218506,False
DdUJojoFU_c$_$8,vision,0.035257935523986816,-0.03525790572166443,False
DlbYiwOnTyk$_$1,vision,0.01195061206817627,0.011950552463531494,False
E8MuzHUhUHk$_$15,vision,0.010394692420959473,-0.010394692420959473,False
E8MuzHUhUHk$_$14,vision,-0.05695664882659912,-0.05695664882659912,False
E8MuzHUhUHk$_$16,vision,-0.00016224384307861328,0.00016224384307861328,False
E8MuzHUhUHk$_$2,vision,-0.025108158588409424,-0.025108158588409424,False
E8MuzHUhUHk$_$9,vision,0.001981198787689209,0.001981198787689209,False
EEjCkc82oyk$_$7,vision,-0.0006919503211975098,-0.0006919503211975098,False
EEjCkc82oyk$_$9,vision,0.03897570073604584,0.03897570073604584,False
EQxkXiWAm08$_$8,vision,0.0055976808071136475,-0.0055976733565330505,False
ET1cU5_A2YM$_$1,vision,0.0034759044647216797,0.0034760236740112305,False
ET1cU5_A2YM$_$3,vision,-0.006172001361846924,0.006172001361846924,False
ET1cU5_A2YM$_$6,vision,0.008692741394042969,0.008692741394042969,False
EmmuWoCUgXs$_$22,vision,-0.0008581876754760742,-0.0008582472801208496,False
EmmuWoCUgXs$_$7,vision,0.03132560849189758,0.03132562339305878,False
Es9MkKsMsjU$_$10,vision,-0.0013793706893920898,-0.0013793706893920898,False
Es9MkKsMsjU$_$12,vision,0.005878925323486328,0.005878925323486328,False
Es9MkKsMsjU$_$2,vision,-0.02387094497680664,-0.023870915174484253,False
Es9MkKsMsjU$_$7,vision,0.01612222194671631,0.01612222194671631,False
Ezn3p5FWF_U$_$4,vision,-0.006204962730407715,0.006204962730407715,False
F1U26PLiXjM$_$1,vision,0.04619795083999634,-0.04619792103767395,False
F6JV-K840EY$_$2,vision,-0.07507947087287903,0.07507947087287903,False
FB_b1dm0SRY$_$10,vision,0.017571330070495605,-0.017571330070495605,False
FB_b1dm0SRY$_$0,vision,-0.0160943865776062,0.016094356775283813,False
FB_b1dm0SRY$_$6,vision,-0.011776924133300781,0.011776924133300781,False
FB_b1dm0SRY$_$9,vision,-0.07694210857152939,0.07694210857152939,False
FB_b1dm0SRY$_$8,vision,-0.06853854656219482,0.06853854656219482,False
FxxJB8hBpyQ$_$1,vision,-0.00023412704467773438,-0.00023412704467773438,False
Fy0Uid9afM8$_$0,vision,-0.008592307567596436,-0.008592307567596436,False
Fy0Uid9afM8$_$3,vision,-0.0058217644691467285,-0.005821734666824341,False
Fy0Uid9afM8$_$5,vision,0.0,0.0,False
Fy0Uid9afM8$_$4,vision,0.009325861930847168,0.009325861930847168,False
H1DpVwktfDQ$_$0,vision,0.0,0.0,False
HGicRLwgtkM$_$1,vision,0.0,0.0,False
HGicRLwgtkM$_$3,vision,0.03383219242095947,-0.03383219242095947,False
HGicRLwgtkM$_$2,vision,-0.04592442512512207,0.045924365520477295,False
HGicRLwgtkM$_$6,vision,0.0,0.0,False
HmXXW45eZL4$_$1,vision,0.03368969261646271,0.03368969261646271,False
HmXXW45eZL4$_$4,vision,0.0003114938735961914,-0.0003114938735961914,False
IM6HW1HwHhM$_$11,vision,0.009844541549682617,-0.009844601154327393,False
IM6HW1HwHhM$_$15,vision,-0.0012899041175842285,0.0012899041175842285,False
IM6HW1HwHhM$_$17,vision,0.012424230575561523,0.012424230575561523,False
IUmxJNs2zaY$_$3,vision,-0.013530194759368896,-0.013530194759368896,False
IUmxJNs2zaY$_$2,vision,-0.002956092357635498,0.002956077456474304,False
JAnRCQ9A0vI$_$1,vision,0.0,0.0,False
JAnRCQ9A0vI$_$0,vision,-0.000842750072479248,-0.000842750072479248,False
JAnRCQ9A0vI$_$3,vision,0.0017292499542236328,0.0017292499542236328,False
JAnRCQ9A0vI$_$2,vision,-0.03572690486907959,-0.03572690486907959,False
JAnRCQ9A0vI$_$5,vision,0.0,0.0,False
JAnRCQ9A0vI$_$4,vision,-0.00809583067893982,-0.00809583067893982,False
JAnRCQ9A0vI$_$8,vision,0.006169736385345459,-0.006169736385345459,False
JOK1SSmPtFw$_$10,vision,-0.012994050979614258,-0.012994050979614258,False
JOK1SSmPtFw$_$13,vision,-0.009211301803588867,-0.009211331605911255,False
JOK1SSmPtFw$_$14,vision,-0.005451977252960205,-0.005451977252960205,False
JOK1SSmPtFw$_$16,vision,-0.0006807148456573486,-0.0006807148456573486,False
JOK1SSmPtFw$_$0,vision,0.01019144058227539,-0.01019144058227539,False
JOK1SSmPtFw$_$5,vision,0.000766366720199585,0.000766366720199585,False
JOK1SSmPtFw$_$4,vision,-0.0037654638290405273,-0.0037654638290405273,False
JOK1SSmPtFw$_$8,vision,-0.009307041764259338,-0.009307041764259338,False
JPT38CA3sGI$_$1,vision,-0.010360002517700195,0.010360073298215866,False
JPT38CA3sGI$_$0,vision,0.020096004009246826,-0.020095989108085632,False
JPT38CA3sGI$_$5,vision,0.03671896457672119,-0.03671902418136597,False
JVpF99zuQhA$_$0,vision,-0.005464076995849609,-0.005464076995849609,False
JVpF99zuQhA$_$2,vision,-0.01303911954164505,0.01303911954164505,False
JVpF99zuQhA$_$4,vision,0.008658941835165024,-0.008658941835165024,False
K0m1tO3Ybyc$_$15,vision,0.04111605882644653,0.04111605882644653,False
K0m1tO3Ybyc$_$8,vision,-0.06860494613647461,-0.06860494613647461,False
K8gp7ncdUl8$_$5,vision,0.011276781558990479,-0.01127677969634533,False
KDjl2exStlI$_$10,vision,-0.003818809986114502,0.003818809986114502,False
KDjl2exStlI$_$13,vision,-0.01702234148979187,0.01702234148979187,False
KDjl2exStlI$_$5,vision,-0.003909438848495483,0.003909429535269737,False
KDjl2exStlI$_$4,vision,-0.037074506282806396,0.037074506282806396,False
KkKWFZZmmCM$_$1,vision,0.009855091571807861,0.009855091571807861,False
KpMCvUyQCXg$_$1,vision,0.026785194873809814,0.026785194873809814,False
KpMCvUyQCXg$_$3,vision,-0.0035923123359680176,-0.0035923421382904053,False
KpMCvUyQCXg$_$5,vision,-0.03682130575180054,-0.03682130575180054,False
L1eFHRQGFeg$_$2,vision,0.01994490623474121,-0.01994490623474121,False
MCsvw5-7lVE$_$1,vision,0.01700526475906372,-0.01700526475906372,False
MCsvw5-7lVE$_$2,vision,0.0013674497604370117,0.0013674497604370117,False
MCsvw5-7lVE$_$4,vision,-0.05443298816680908,-0.05443298816680908,False
MMpo2bDk-DU$_$10,vision,-0.002044200897216797,-0.002044200897216797,False
MMpo2bDk-DU$_$17,vision,0.0017986595630645752,0.0017986595630645752,False
MMpo2bDk-DU$_$16,vision,0.008319973945617676,0.008319973945617676,False
MMpo2bDk-DU$_$19,vision,-0.029703736305236816,0.029703736305236816,False
MjaaudUc5-4$_$1,vision,0.00010848045349121094,-0.00010848045349121094,False
MjaaudUc5-4$_$0,vision,-0.010470867156982422,-0.01047089695930481,False
MjaaudUc5-4$_$3,vision,-0.006551682949066162,-0.006551682949066162,False
MjaaudUc5-4$_$6,vision,-0.015480995178222656,0.01548093557357788,False
MoQmPA7Q07Q$_$1,vision,-0.021649956703186035,0.021649926900863647,False
MoQmPA7Q07Q$_$2,vision,0.014645099639892578,-0.014645099639892578,False
N1X63d_jgmw$_$5,vision,-0.005903393030166626,0.005903393030166626,False
N5xfBtD6rLY$_$7,vision,0.0,0.0,False
NoZsdSGnNpI$_$7,vision,0.01852213591337204,0.01852213591337204,False
Nrurc5sMUOE$_$5,vision,0.009521454572677612,0.009521454572677612,False
Nrurc5sMUOE$_$7,vision,0.00899195671081543,-0.00899195671081543,False
Nrurc5sMUOE$_$8,vision,-0.009217619895935059,0.009217619895935059,False
NzvNW7vP-Co$_$5,vision,0.01055920124053955,-0.01055920124053955,False
NzvNW7vP-Co$_$4,vision,0.0038347244262695312,-0.0038347244262695312,False
NzvNW7vP-Co$_$7,vision,-0.005744189023971558,0.005744189023971558,False
OLP0nCKwU6k$_$6,vision,-0.0032390356063842773,-0.0032390356063842773,False
OrYBtyO0aPI$_$1,vision,0.0,0.0,False
OrYBtyO0aPI$_$4,vision,0.009039878845214844,-0.009039849042892456,False
PboaYD5hlG8$_$10,vision,-0.007097482681274414,0.007097482681274414,False
PboaYD5hlG8$_$3,vision,0.03707921504974365,-0.037079282104969025,False
PboaYD5hlG8$_$2,vision,-0.04426264762878418,-0.04426264762878418,False
PboaYD5hlG8$_$7,vision,-0.04352831840515137,-0.04352831840515137,False
PboaYD5hlG8$_$9,vision,-0.00017240457236766815,-0.00017240457236766815,False
PboaYD5hlG8$_$8,vision,-1.895427703857422e-05,-1.8998980522155762e-05,False
Pt-D0LUHDSc$_$2,vision,-0.00644683837890625,-0.00644683837890625,False
PwapK9d8IGk$_$4,vision,0.020745564252138138,0.020745564252138138,False
PyQrAYl1bFs$_$0,vision,0.03419506549835205,0.03419506549835205,False
PyQrAYl1bFs$_$3,vision,0.02561807632446289,-0.02561807632446289,False
PyQrAYl1bFs$_$4,vision,-0.038051024079322815,0.038051024079322815,False
Q4WzApjaCNI$_$0,vision,0.0,0.0,False
Q7S0tX4FUNA$_$4,vision,0.022522032260894775,-0.022522032260894775,False
Q7S0tX4FUNA$_$7,vision,0.0,0.0,False
Q7S0tX4FUNA$_$8,vision,-0.018446683883666992,-0.018446654081344604,False
Qa6Yz62V-Yc$_$0,vision,0.0033359527587890625,-0.0033359527587890625,False
QjcQx8_PQfw$_$10,vision,-0.01613748073577881,0.01613748073577881,False
QjcQx8_PQfw$_$7,vision,0.004514366388320923,0.004514362663030624,False
QpchvHpGFc8$_$3,vision,-0.0055694580078125,0.005569368600845337,False
RArhIHk4Qs4$_$13,vision,-0.015269339084625244,0.015269339084625244,False
RArhIHk4Qs4$_$17,vision,-0.022299587726593018,0.022299587726593018,False
RArhIHk4Qs4$_$16,vision,0.0008077323436737061,-0.0008077323436737061,False
RArhIHk4Qs4$_$19,vision,0.003151804208755493,-0.0031517790630459785,False
RArhIHk4Qs4$_$1,vision,0.0007087588310241699,0.0007087588310241699,False
RArhIHk4Qs4$_$2,vision,-0.01977875828742981,0.07137826085090637,False
RArhIHk4Qs4$_$7,vision,0.007010519504547119,-0.007010519504547119,True
RArhIHk4Qs4$_$6,vision,0.03278893232345581,-0.0327889621257782,False
RArhIHk4Qs4$_$8,vision,0.008968740701675415,-0.008968740701675415,False
RArhIHk4Qs4$_$21,vision,-0.002911508083343506,-0.002911508083343506,False
ROcTx5VEn7o$_$11,vision,-0.0017178654670715332,-0.0017178654670715332,False
ROcTx5VEn7o$_$1,vision,0.014051765203475952,0.014051765203475952,False
ROcTx5VEn7o$_$5,vision,-0.012624084949493408,-0.012624084949493408,False
ROcTx5VEn7o$_$9,vision,0.012117892503738403,0.012117892503738403,False
RrGpzInAwCg$_$0,vision,-6.139278411865234e-06,-6.139278411865234e-06,False
RzOFxDk26p0$_$1,vision,-9.310245513916016e-05,9.310245513916016e-05,False
RzOFxDk26p0$_$0,vision,0.0007451176643371582,-0.0007451176643371582,False
SHa756SwGJQ$_$0,vision,0.0,0.0,False
SHa756SwGJQ$_$2,vision,0.05133447051048279,0.05133447051048279,False
SHa756SwGJQ$_$4,vision,0.010189056396484375,0.010189086198806763,False
SHa756SwGJQ$_$7,vision,-0.00883340835571289,0.008833348751068115,False
SHa756SwGJQ$_$6,vision,-0.010126709938049316,-0.010126709938049316,False
TH32jop4FiI$_$15,vision,-0.023128390312194824,0.023128405213356018,False
TH32jop4FiI$_$17,vision,-0.02488112449645996,0.02488115429878235,False
TWszOxkOV0w$_$1,vision,0.03704690933227539,0.037046968936920166,False
TXCXFYIc3Yo$_$16,vision,-0.009842157363891602,0.009842157363891602,False
TXCXFYIc3Yo$_$2,vision,0.0013894140720367432,-0.0013894140720367432,False
TXCXFYIc3Yo$_$7,vision,-0.03759956359863281,0.037599533796310425,False
TXCXFYIc3Yo$_$6,vision,-0.013831853866577148,0.013831794261932373,False
TYJzg5IJN8o$_$11,vision,-0.001201927661895752,-0.001201912760734558,False
TYJzg5IJN8o$_$10,vision,0.015689611434936523,0.015689611434936523,False
TYJzg5IJN8o$_$14,vision,-0.0024805068969726562,0.0024805068969726562,False
TYJzg5IJN8o$_$0,vision,0.06874531507492065,-0.06874531507492065,False
TYJzg5IJN8o$_$4,vision,0.02648833394050598,0.02648836374282837,False
TYJzg5IJN8o$_$7,vision,0.0007231235504150391,0.0007231235504150391,False
Uc_6d-fkZEc$_$3,vision,-0.0026361942291259766,-0.0026361942291259766,False
UlTJmndbGHM$_$1,vision,-0.0061907172203063965,0.0061907172203063965,False
UlTJmndbGHM$_$4,vision,0.0,0.0,False
VbV9S4svrTg$_$13,vision,-0.001678466796875,-0.001678466796875,False
VbV9S4svrTg$_$3,vision,0.01125955581665039,-0.01125955581665039,False
VbV9S4svrTg$_$7,vision,-0.0007013082504272461,0.0007013082504272461,False
VbV9S4svrTg$_$8,vision,0.01355278491973877,-0.01355278491973877,False
VinxKpWioTo$_$1,vision,0.0031435489654541016,0.0031435489654541016,False
VinxKpWioTo$_$0,vision,0.005788147449493408,0.005788147449493408,False
VinxKpWioTo$_$3,vision,-0.026311039924621582,-0.026311039924621582,False
VinxKpWioTo$_$5,vision,0.00029397010803222656,0.00029397010803222656,False
ViyQVpGW05w$_$1,vision,0.020802319049835205,-0.020802319049835205,False
ViyQVpGW05w$_$4,vision,0.0029049813747406006,0.0029049813747406006,False
ViyQVpGW05w$_$6,vision,0.0408933162689209,0.0408933162689209,False
Vuay0mVKkik$_$3,vision,0.021867990493774414,0.02186790108680725,False
WmQF5RmbsVQ$_$6,vision,0.06050074100494385,0.06050074100494385,False
Wrcf2xtqbkQ$_$9,vision,-0.010013610124588013,0.010013610124588013,False
Wrcf2xtqbkQ$_$8,vision,0.0010182559490203857,0.0010182447731494904,False
WxajvjGKz7Y$_$0,vision,-0.0052863359451293945,0.0052863359451293945,False
WxajvjGKz7Y$_$3,vision,-0.005438387393951416,-0.005438387393951416,False
WxajvjGKz7Y$_$6,vision,-0.015455782413482666,-0.015455782413482666,False
XIGpuL-Kkyk$_$12,vision,0.0,0.0,False
XIGpuL-Kkyk$_$0,vision,0.0,0.0,False
XIGpuL-Kkyk$_$4,vision,-0.02035081386566162,-0.02035081386566162,False
XIGpuL-Kkyk$_$7,vision,0.0,0.0,False
XaVYxIW0FDg$_$2,vision,-0.041890040040016174,0.041890040040016174,False
XyP8bVmGX6M$_$4,vision,-0.0005125999450683594,-0.0005125999450683594,False
XzVapdEr_GY$_$3,vision,0.012821733951568604,-0.012821733951568604,False
XzVapdEr_GY$_$4,vision,-0.017861127853393555,0.017861127853393555,False
Y7h-S3cJ52o$_$0,vision,0.002376079559326172,0.002376079559326172,False
Y7qkyMyanjU$_$2,vision,0.0,0.0,False
Y7qkyMyanjU$_$4,vision,0.0,0.0,False
YbuG8xyUO-o$_$3,vision,-0.007160991430282593,-0.007160991430282593,False
YbuG8xyUO-o$_$2,vision,-0.002110600471496582,0.002110600471496582,False
Z7L3V5bwzI0$_$2,vision,0.006842136383056641,-0.006842076778411865,False
ZaoFHcbRM9g$_$3,vision,-0.08714628219604492,0.08714638650417328,False
ZaoFHcbRM9g$_$2,vision,-0.001907944679260254,0.001907944679260254,False
ZaoFHcbRM9g$_$5,vision,0.05671015381813049,0.05671015381813049,False
ZaoFHcbRM9g$_$9,vision,-0.0047446489334106445,-0.004744671285152435,False
ZaoFHcbRM9g$_$8,vision,0.006820976734161377,0.006820976734161377,False
Zvisaa77Cng$_$1,vision,0.031510353088378906,0.03151032328605652,False
Zvisaa77Cng$_$5,vision,0.0321192741394043,-0.0321192741394043,False
_7HVhnSYX1Y$_$26,vision,-0.0004932880401611328,-0.0004932880401611328,False
_7HVhnSYX1Y$_$12,vision,0.005823493003845215,0.005823493003845215,False
_7HVhnSYX1Y$_$14,vision,-0.011456102132797241,-0.011456102132797241,False
_7HVhnSYX1Y$_$19,vision,0.0057334303855896,-0.005733408033847809,False
_7HVhnSYX1Y$_$31,vision,-0.00460737943649292,-0.00460737943649292,False
_7HVhnSYX1Y$_$3,vision,0.01785445213317871,-0.01785445213317871,False
_BvNNdEkhZA$_$14,vision,0.007732868194580078,0.007732883095741272,False
_BvNNdEkhZA$_$19,vision,0.014870524406433105,-0.014870524406433105,False
_BvNNdEkhZA$_$7,vision,-0.0065495967864990234,0.0065495967864990234,False
_BvNNdEkhZA$_$6,vision,-0.004494808614253998,-0.004494808614253998,False
_BvNNdEkhZA$_$9,vision,-0.014191985130310059,0.014191985130310059,False
_aZDaIfGfPo$_$1,vision,-0.022867560386657715,-0.022867560386657715,False
_aZDaIfGfPo$_$0,vision,0.0024166107177734375,-0.0024166107177734375,False
_gr7o5ynhnw$_$13,vision,-0.03400665521621704,-0.03400665521621704,False
_gr7o5ynhnw$_$12,vision,0.005860328674316406,0.005860328674316406,False
_gr7o5ynhnw$_$15,vision,-0.023458003997802734,0.023458003997802734,False
_gzYkdjNvPc$_$12,vision,-0.007192015647888184,0.007192075252532959,False
_gzYkdjNvPc$_$17,vision,0.01511317491531372,0.01511317491531372,False
_gzYkdjNvPc$_$1,vision,0.017066359519958496,0.017066359519958496,False
_gzYkdjNvPc$_$3,vision,0.013420328497886658,0.013420328497886658,False
_gzYkdjNvPc$_$2,vision,-0.03053981065750122,-0.030539769679307938,False
_gzYkdjNvPc$_$5,vision,-0.00678175687789917,0.006781771779060364,False
_gzYkdjNvPc$_$4,vision,0.03178665041923523,0.03178665041923523,False
_gzYkdjNvPc$_$6,vision,-0.023900508880615234,0.023900508880615234,False
_gzYkdjNvPc$_$9,vision,0.0030207037925720215,-0.003020748496055603,False
a-WihYDk6vc$_$8,vision,-0.0015072822570800781,-0.0015072822570800781,False
a-WihYDk6vc$_$0,vision,-0.000603020191192627,-0.000603020191192627,False
aFhc2ddipoM$_$14,vision,-0.008358597755432129,0.008358597755432129,False
aK5tRCXjUvU$_$0,vision,0.016558170318603516,-0.016558170318603516,False
b-FX9NOVQOM$_$1,vision,0.009230971336364746,0.00923105701804161,False
b-FX9NOVQOM$_$4,vision,-0.03769576549530029,-0.037695690989494324,False
b1LEcg6z66g$_$0,vision,0.018601655960083008,0.018601655960083008,False
b1LEcg6z66g$_$4,vision,-0.034267812967300415,0.034267812967300415,False
b1LEcg6z66g$_$8,vision,0.0139237642288208,0.013923771679401398,False
bAkUEnPoucg$_$3,vision,-0.09347820281982422,0.09347817301750183,False
bNQkb4K5DX0$_$3,vision,-0.004353553056716919,0.004353553056716919,False
bNQkb4K5DX0$_$7,vision,-0.015151262283325195,0.01515120267868042,False
bWunvAd96zI$_$1,vision,0.04285460710525513,0.04285457730293274,False
bWunvAd96zI$_$2,vision,-0.0050702691078186035,0.0050702691078186035,False
bWunvAd96zI$_$5,vision,-0.014643510803580284,-0.014643510803580284,False
bWunvAd96zI$_$4,vision,-0.006705522537231445,-0.006705522537231445,False
bj9e8w4vNxo$_$12,vision,0.016758332028985023,-0.016758332028985023,True
bpvYdXVlgvc$_$1,vision,-0.018831655383110046,-0.018831655383110046,False
bpvYdXVlgvc$_$3,vision,-0.016646265983581543,-0.016646280884742737,False
bpvYdXVlgvc$_$4,vision,-0.012238562107086182,-0.012238562107086182,False
bpvYdXVlgvc$_$6,vision,-0.004118204116821289,-0.00411832332611084,False
c1a1y9ytHH0$_$0,vision,0.015315532684326172,-0.015315532684326172,False
c1a1y9ytHH0$_$3,vision,-0.035869747400283813,-0.035869747400283813,False
c1a1y9ytHH0$_$7,vision,-0.0037963390350341797,-0.0037963390350341797,False
c5cB7AfVgcE$_$12,vision,-0.00337374210357666,0.0033736824989318848,False
c5cB7AfVgcE$_$5,vision,0.02741903066635132,0.02741902321577072,True
d8BR6hsvzoY$_$1,vision,0.026943504810333252,-0.02694346010684967,True
d8BR6hsvzoY$_$0,vision,-0.003945410251617432,-0.003945410251617432,False
d8BR6hsvzoY$_$2,vision,-0.0030397772789001465,-0.0030397772789001465,False
d8BR6hsvzoY$_$5,vision,0.01704275608062744,0.01704275608062744,False
d8BR6hsvzoY$_$6,vision,0.029332280158996582,-0.029332280158996582,False
d8BR6hsvzoY$_$9,vision,0.003664463758468628,0.003664463758468628,False
d8BR6hsvzoY$_$8,vision,0.006551563739776611,-0.006551593542098999,False
dBWvtPeHpWM$_$4,vision,-0.037677884101867676,0.037677884101867676,False
dEDbm2ubVRQ$_$0,vision,0.04737287759780884,0.047372907400131226,False
dEDbm2ubVRQ$_$3,vision,-0.0030066967010498047,0.0030066967010498047,False
dEDbm2ubVRQ$_$8,vision,0.030585527420043945,0.030585527420043945,False
dt641WxonBI$_$1,vision,-0.010023891925811768,-0.010023891925811768,False
dt641WxonBI$_$3,vision,-0.00027993321418762207,0.00027993321418762207,False
eOiC1kb17P4$_$0,vision,0.09604883193969727,-0.09604882448911667,True
erNDEjQeox8$_$12,vision,0.004303574562072754,-0.004303500056266785,False
ewBrNsyY82Q$_$4,vision,0.008719414472579956,0.008719414472579956,False
fWOIAxzBQFY$_$12,vision,-0.04935276508331299,-0.04935276508331299,False
fWOIAxzBQFY$_$5,vision,-0.016531288623809814,0.016531288623809814,False
fWOIAxzBQFY$_$7,vision,0.0013632774353027344,0.0013632774353027344,False
f_ZJ7L14oYQ$_$11,vision,-0.041344523429870605,0.041344523429870605,False
f_ZJ7L14oYQ$_$27,vision,0.005251169204711914,-0.005251288414001465,False
f_ZJ7L14oYQ$_$21,vision,-0.08165788650512695,0.0816580057144165,False
f_ZJ7L14oYQ$_$17,vision,-0.009720861911773682,-0.009720884263515472,False
f_ZJ7L14oYQ$_$9,vision,0.009205758571624756,-0.009205758571624756,False
f_ZJ7L14oYQ$_$8,vision,0.005636692047119141,-0.0056367237120866776,False
ffrJ91swyq0$_$1,vision,-0.01691502332687378,0.01691502332687378,False
g8Cl74tS3oY$_$2,vision,0.006662845611572266,-0.006662845611572266,False
g8Cl74tS3oY$_$6,vision,0.008263885974884033,-0.008263885974884033,False
gR4gM_WXesQ$_$10,vision,0.02578119933605194,-0.02578119933605194,False
gR4gM_WXesQ$_$26,vision,0.019454549998044968,0.019454549998044968,False
gR4gM_WXesQ$_$20,vision,-0.026501059532165527,-0.02650100737810135,False
gR4gM_WXesQ$_$24,vision,0.009540826082229614,0.00954083725810051,False
gR4gM_WXesQ$_$18,vision,-0.007364749908447266,0.007364720106124878,False
gR4gM_WXesQ$_$3,vision,-0.013276338577270508,0.013276329264044762,True
gR4gM_WXesQ$_$4,vision,-0.010058045387268066,0.010058045387268066,False
gR4gM_WXesQ$_$8,vision,-0.014918297529220581,0.014918312430381775,False
gVqs4TzqySw$_$1,vision,-0.013856738805770874,0.013856738805770874,False
gVqs4TzqySw$_$3,vision,0.010075300931930542,0.010075300931930542,False
gVqs4TzqySw$_$2,vision,0.007419675588607788,0.007419675588607788,False
gVqs4TzqySw$_$4,vision,0.00026356708258390427,0.00026356708258390427,False
goMtnNHQ_z4$_$1,vision,0.006443053483963013,0.006443053483963013,False
goMtnNHQ_z4$_$2,vision,0.004097580909729004,-0.004097580909729004,False
goMtnNHQ_z4$_$13,vision,0.003296077251434326,-0.003296077251434326,False
goMtnNHQ_z4$_$12,vision,-0.018894076347351074,-0.0188940167427063,False
hqzF4IDaIYE$_$0,vision,-0.030361533164978027,-0.0303615964949131,False
hqzF4IDaIYE$_$3,vision,-0.017437338829040527,0.017437368631362915,False
hqzF4IDaIYE$_$2,vision,0.0013684630393981934,-0.0013684630393981934,False
hqzF4IDaIYE$_$4,vision,0.03475704789161682,-0.034757040441036224,False
hqzF4IDaIYE$_$6,vision,0.00876694917678833,0.00876694917678833,False
hvfaYsv7p8E$_$0,vision,0.010361909866333008,0.010361909866333008,False
iUXqlrui25c$_$10,vision,-0.0073250532150268555,-0.007325023412704468,False
iUXqlrui25c$_$21,vision,-0.003743469715118408,-0.0037434399127960205,False
iUXqlrui25c$_$23,vision,-0.012172169983386993,0.012172169983386993,False
icbUzboLcDQ$_$0,vision,0.0032024383544921875,0.003202378749847412,False
ioupaiAuRr0$_$5,vision,-0.012755662202835083,-0.012755662202835083,False
ioupaiAuRr0$_$4,vision,-0.001331433653831482,0.001331433653831482,False
jICmfLeFymA$_$16,vision,0.010978937149047852,-0.010978937149047852,False
jPrEKz1rAno$_$11,vision,0.011371374130249023,-0.011371374130249023,False
jPrEKz1rAno$_$7,vision,-0.012657631188631058,-0.012657631188631058,False
jPrEKz1rAno$_$6,vision,-0.0040569007396698,0.004056904464960098,False
k5ZOshC2LP4$_$1,vision,-0.0005102157592773438,-0.0005102753639221191,False
kbGhEJ4W44o$_$0,vision,-0.04177135229110718,0.04177135229110718,False
kfsO4c0Ekes$_$7,vision,-0.012700855731964111,-0.012700855731964111,False
kvUb78Rdzdc$_$3,vision,-0.0008900165557861328,0.0008900165557861328,False
lO87-4Kf0cQ$_$2,vision,0.004694819450378418,0.004694819450378418,False
lO87-4Kf0cQ$_$5,vision,-0.020743638277053833,0.02074364572763443,False
lWf5hHRHIDs$_$11,vision,-0.030670464038848877,0.030670464038848877,False
lawHYX5eB20$_$1,vision,0.0071898698806762695,0.0071898698806762695,False
lawHYX5eB20$_$2,vision,-0.016519784927368164,0.016519784927368164,False
mHGaQ_nv9UY$_$13,vision,-0.0013178586959838867,0.0013178586959838867,False
mHGaQ_nv9UY$_$14,vision,0.0009502172470092773,0.000950234942138195,False
mHGaQ_nv9UY$_$17,vision,-0.006358742713928223,-0.006358742713928223,False
mHGaQ_nv9UY$_$22,vision,-0.01305842399597168,0.01305842399597168,False
mHGaQ_nv9UY$_$5,vision,0.08058539032936096,0.08058539032936096,False
mHGaQ_nv9UY$_$4,vision,0.01585519313812256,0.01585519313812256,False
mLW-jn67gRE$_$20,vision,0.0059844255447387695,-0.0059844255447387695,False
mLW-jn67gRE$_$17,vision,-0.01035541296005249,-0.01035541296005249,False
mLW-jn67gRE$_$1,vision,0.0019387006759643555,0.0019386708736419678,False
mLW-jn67gRE$_$3,vision,0.024427443742752075,0.024427443742752075,False
mLW-jn67gRE$_$5,vision,-0.011313140392303467,-0.011313140392303467,False
mLW-jn67gRE$_$6,vision,0.011030003428459167,0.011030003428459167,True
mLW-jn67gRE$_$9,vision,0.0033741891384124756,0.0033741891384124756,False
mjpCK2Edsv8$_$0,vision,-0.013295650482177734,0.013295769691467285,False
nUZYqTRSGDw$_$4,vision,-0.003215789794921875,-0.003215789794921875,False
nyzIL6YAonY$_$5,vision,-0.02495551109313965,0.02495551109313965,False
nyzIL6YAonY$_$6,vision,-0.03214216232299805,0.03214216232299805,False
ooAF6I-fmTg$_$3,vision,-0.0006682872772216797,0.0006682872772216797,False
ooAF6I-fmTg$_$5,vision,0.008419781923294067,0.008419781923294067,False
ooAF6I-fmTg$_$7,vision,-0.011376619338989258,-0.011376619338989258,False
pOrk7fl1AYo$_$1,vision,-0.02079189568758011,0.02079189568758011,False
pOrk7fl1AYo$_$3,vision,-0.012868255376815796,0.012868255376815796,False
pOrk7fl1AYo$_$2,vision,-0.0076541900634765625,0.0076541900634765625,False
pOrk7fl1AYo$_$4,vision,0.0,0.0,False
q9yDL81QppI$_$1,vision,-0.02403312921524048,0.02403312921524048,False
q9yDL81QppI$_$0,vision,0.0097886323928833,0.009788572788238525,False
q9yDL81QppI$_$2,vision,-0.0067757368087768555,-0.0067757368087768555,False
qK77ZmbqmOM$_$9,vision,0.007404446601867676,0.007404446601867676,False
qK77ZmbqmOM$_$0,vision,0.01494753360748291,0.014947548508644104,False
qY1sXq-YCHs$_$8,vision,-0.0003370046615600586,-0.000337015837430954,False
qmMSumMloAs$_$1,vision,0.027419328689575195,-0.02741938643157482,False
qmMSumMloAs$_$3,vision,0.019264936447143555,-0.019264936447143555,False
qmMSumMloAs$_$2,vision,-0.0005695819854736328,0.0005695745348930359,False
r13W4H8ZhqI$_$12,vision,-0.004358649253845215,0.004358649253845215,False
r13W4H8ZhqI$_$1,vision,-0.0009130928665399551,0.0009130928665399551,False
r13W4H8ZhqI$_$5,vision,0.0020613670349121094,-0.00206129252910614,False
r13W4H8ZhqI$_$8,vision,-0.0059629082679748535,0.005962885916233063,False
r5ijC2W9ddk$_$8,vision,0.034586310386657715,0.034586310386657715,False
r5ijC2W9ddk$_$0,vision,-0.003911271691322327,-0.003911271691322327,False
r9tgDqXEcuc$_$4,vision,-0.006666794419288635,0.006666794419288635,False
rf0yDSeVEUA$_$1,vision,-0.0031315088272094727,0.0031315088272094727,False
rf0yDSeVEUA$_$0,vision,-0.0007108449935913086,0.0007108449935913086,False
rf0yDSeVEUA$_$3,vision,0.032125115394592285,0.03212517499923706,False
rojyUp4FPSg$_$26,vision,-0.005722105503082275,0.005722105503082275,False
rojyUp4FPSg$_$20,vision,-0.009794116020202637,0.009794071316719055,False
rojyUp4FPSg$_$21,vision,-0.002764582633972168,0.002764582633972168,False
rojyUp4FPSg$_$23,vision,0.005636096000671387,-0.005636155605316162,False
rojyUp4FPSg$_$5,vision,0.03150653839111328,-0.03150653839111328,False
rojyUp4FPSg$_$7,vision,0.04141470789909363,0.04141470789909363,False
rojyUp4FPSg$_$9,vision,-0.043277621269226074,0.04327765107154846,False
rojyUp4FPSg$_$10,vision,0.01620006561279297,-0.01620006561279297,False
rojyUp4FPSg$_$12,vision,-0.016058802604675293,0.016058802604675293,False
rojyUp4FPSg$_$16,vision,-0.020700812339782715,0.02070075273513794,False
rojyUp4FPSg$_$18,vision,0.03701281547546387,-0.03701281547546387,False
rojyUp4FPSg$_$37,vision,0.013008356094360352,-0.013008356094360352,False
rojyUp4FPSg$_$36,vision,0.0035256147384643555,0.0035256147384643555,False
rojyUp4FPSg$_$34,vision,0.006689548492431641,-0.006689488887786865,False
rojyUp4FPSg$_$32,vision,0.0004227161407470703,0.0004227161407470703,False
rwNlqh0k1j4$_$15,vision,0.007799267768859863,0.007799267768859863,False
rwNlqh0k1j4$_$3,vision,-0.023906081914901733,-0.023906081914901733,False
rwNlqh0k1j4$_$2,vision,0.014896556735038757,-0.014896556735038757,False
rwNlqh0k1j4$_$7,vision,0.019379615783691406,0.019379615783691406,False
sC16n1k66io$_$2,vision,-0.010282754898071289,0.010282754898071289,False
sC16n1k66io$_$16,vision,0.03362265229225159,-0.03362265229225159,False
sPremsknoLM$_$1,vision,0.0,0.0,False
ssqiwP19JhM$_$10,vision,0.007052317261695862,0.007052317261695862,False
ssqiwP19JhM$_$2,vision,-0.00906062126159668,-0.00906062126159668,False
szic2IB9HB4$_$5,vision,-0.0028118491172790527,0.0028118491172790527,False
tQ-CIfgj-Js$_$3,vision,0.0,0.0,False
tXQpm-nKxNA$_$5,vision,0.020389795303344727,-0.020389795303344727,False
tXQpm-nKxNA$_$7,vision,0.0034499168395996094,-0.0034499168395996094,False
uacdDoBtT1k$_$0,vision,0.006016254425048828,0.006016254425048828,False
uacdDoBtT1k$_$6,vision,0.0001310110092163086,-0.0001310110092163086,False
unNY4zIk8MM$_$1,vision,0.14871066808700562,-0.14871066808700562,False
unNY4zIk8MM$_$3,vision,-0.12547984719276428,0.12547984719276428,False
unNY4zIk8MM$_$5,vision,0.0,0.0,False
unNY4zIk8MM$_$8,vision,-0.013181984424591064,-0.013181984424591064,False
uooIiW6dEyg$_$1,vision,-0.0008703470230102539,-0.0008703470230102539,False
uooIiW6dEyg$_$5,vision,0.002612590789794922,0.002612590789794922,False
v2Rr-EsJda8$_$0,vision,0.0,0.0,False
v2Rr-EsJda8$_$6,vision,0.015890389680862427,-0.015890389680862427,False
v9gjg7TDlTA$_$0,vision,0.010060131549835205,-0.010060131549835205,False
v9gjg7TDlTA$_$4,vision,0.004866480827331543,-0.004866480827331543,False
vHzbn_YW76s$_$3,vision,0.007212340831756592,0.007212340831756592,False
vU0a4F36Ksw$_$13,vision,-0.002421140670776367,-0.002421140670776367,False
vU0a4F36Ksw$_$12,vision,-0.009181022644042969,-0.009181022644042969,False
vU0a4F36Ksw$_$17,vision,-0.01569664478302002,0.01569664478302002,False
vU0a4F36Ksw$_$0,vision,-0.03956526517868042,0.03956526517868042,False
vU0a4F36Ksw$_$3,vision,-0.007669389247894287,0.007669389247894287,False
vU0a4F36Ksw$_$5,vision,0.01766371726989746,-0.017663687467575073,False
vU0a4F36Ksw$_$7,vision,-0.0025013089179992676,0.0025013089179992676,False
vU0a4F36Ksw$_$20,vision,0.004018187522888184,-0.004018247127532959,False
vbr3EA8cJTI$_$0,vision,-0.022629737854003906,0.022629737854003906,False
vbr3EA8cJTI$_$2,vision,0.037867963314056396,-0.037867963314056396,False
vbr3EA8cJTI$_$7,vision,0.006676614284515381,0.006676614284515381,False
vbr3EA8cJTI$_$6,vision,0.03391993045806885,0.03391993045806885,False
wF8980oGklk$_$24,vision,-0.003788471221923828,0.003788471221923828,False
wF8980oGklk$_$25,vision,0.004206299781799316,-0.0042062923312187195,False
wF8980oGklk$_$1,vision,-0.0024979114532470703,-0.0024979114532470703,False
wF8980oGklk$_$0,vision,0.008861899375915527,0.008861899375915527,False
wF8980oGklk$_$3,vision,0.0068367719650268555,0.0068367719650268555,False
wF8980oGklk$_$2,vision,0.008923768997192383,-0.008923768997192383,False
wF8980oGklk$_$6,vision,-0.01771976798772812,-0.01771976798772812,False
wF8980oGklk$_$17,vision,0.017275094985961914,-0.017275094985961914,False
wosolsrH3sM$_$6,vision,-0.009816735982894897,0.009816743433475494,False
x-zGBp7axao$_$3,vision,-0.018584609031677246,0.01858457922935486,False
x2lOwQaAn4g$_$4,vision,-0.01591324806213379,-0.01591324806213379,False
xUgAP84vsg4$_$15,vision,0.040579795837402344,-0.040579795837402344,False
xUgAP84vsg4$_$4,vision,-0.02093517780303955,0.02093517780303955,False
xUgAP84vsg4$_$8,vision,0.009310722351074219,-0.009310722351074219,False
xivYoEUQ5sk$_$5,vision,0.0020036697387695312,-0.0020036697387695312,False
xivYoEUQ5sk$_$4,vision,0.023880600929260254,-0.023880571126937866,False
xjsaS-LeZ14$_$20,vision,-0.03487592935562134,0.03487592935562134,False
xjsaS-LeZ14$_$14,vision,0.010513365268707275,-0.010513365268707275,False
xjsaS-LeZ14$_$6,vision,-0.006961464881896973,0.006961524486541748,False
y8HXGm1-Ecw$_$7,vision,0.010094642639160156,0.010094672441482544,False
y9FyTEyGy5Y$_$1,vision,-0.05668771266937256,-0.05668771266937256,False
zhE_68GMJIk$_$8,vision,0.0206233412027359,0.0206233412027359,False
zhE_68GMJIk$_$5,vision,0.049947142601013184,-0.04994717240333557,False
zjYEBwXGD8I$_$13,vision,-0.0022736787796020508,-0.0022736787796020508,False
zjYEBwXGD8I$_$15,vision,0.0,0.0,False
zjYEBwXGD8I$_$0,vision,0.006203293800354004,0.006203293800354004,False
zjYEBwXGD8I$_$2,vision,-0.021763086318969727,0.021763116121292114,False
zjYEBwXGD8I$_$4,vision,0.0,0.0,False
zjYEBwXGD8I$_$9,vision,-0.00664067268371582,-0.00664067268371582,False
zk2jTlAtvSU$_$3,vision,0.03038841485977173,0.03038841485977173,False
